Competência;Categoria Geral;Subcategoria/Conta;Valor (R$)
06/2015;SALDO ANTERIOR;CAIXA;17,98
06/2015;SALDO ANTERIOR;Caixa de Condomínio;17,98
06/2015;SALDO ANTERIOR;BANCOS;23360,31
06/2015;SALDO ANTERIOR;BANCOS/CONTAS/MOVIMENTO;10323,40
06/2015;SALDO ANTERIOR;Caixa Econômica Federal (C/C);10323,40
06/2015;SALDO ANTERIOR;BANCOS/CONTAS/APLICAÇÕES;13036,91
06/2015;SALDO ANTERIOR;Caixa Econômica Federal - Poupança (4029-0);9126,90
06/2015;SALDO ANTERIOR;Aplicação CEF;3910,01
06/2015;RECEITAS;DE CONDOMÍNIO;8490,89
06/2015;RECEITAS;Taxa de Condomínio;5812,76
06/2015;RECEITAS;Garagem;977,28
06/2015;RECEITAS;Fundo de Reserva;640,87
06/2015;RECEITAS;Gás;335,71
06/2015;RECEITAS;Multas;20,21
06/2015;RECEITAS;Água;704,06
06/2015;RECEITAS;OUTRAS RECEITAS;1732,81
06/2015;RECEITAS;Juros Poupança (4029-0);58,59
06/2015;RECEITAS;Rat Salão Gourmet;1674,22
06/2015;DESPESAS;ENCARGOS SOCIAIS;666,62
06/2015;DESPESAS;INSS (S/folha pagto );244,28
06/2015;DESPESAS;INSS (S/notas fiscais);422,34
06/2015;DESPESAS;HONORÁRIOS;1052,05
06/2015;DESPESAS;Honorários Contábeis;350,05
06/2015;DESPESAS;Honorários Síndico;702,00
06/2015;DESPESAS;UTILIDADES/SERVIÇOS;1149,10
06/2015;DESPESAS;Fornecimento de Energia Elétrica;496,29
06/2015;DESPESAS;Fornecimento de Água;641,20
06/2015;DESPESAS;Material de Expediente;11,61
06/2015;DESPESAS;IMPOSTOS/TAXAS;147,44
06/2015;DESPESAS;ISS;147,44
06/2015;DESPESAS;/MANUTENÇÃO;1477,85
06/2015;DESPESAS;Manutenção do(s) Elevador(es);300,00
06/2015;DESPESAS;Manutenção do(s) Edifício(s);298,55
06/2015;DESPESAS;Manutenção de Extintores;302,10
06/2015;DESPESAS;Manutenção do(s)Elevador(es)/Peças;577,20
06/2015;DESPESAS;COM AQUISIÇÕES;6460,00
06/2015;DESPESAS;Bancada(s) de Granito (interfone);6460,00
06/2015;DESPESAS;SERVIÇOS PRESTADOS POR TERCEIROS;290,00
06/2015;DESPESAS;Serviços de Chaveiro;130,00
06/2015;DESPESAS;Serviços de Impermeabilização de Móveis;160,00
06/2015;DESPESAS;EMPRESAS PRESTADORAS DE SERVIÇOS;3269,76
06/2015;DESPESAS;Serviços de Limpeza e Jardinagem;3269,76
06/2015;DESPESAS;OUTRAS DESPESAS;9,80
06/2015;DESPESAS;Correio;9,80
06/2015;DESPESAS;FINANCEIRAS;91,00
06/2015;DESPESAS;Tarifa Bancária;42,80
06/2015;DESPESAS;Tarifa Cobrança;48,20
06/2015;SALDO ATUAL;CAIXA;17,98
06/2015;SALDO ATUAL;Caixa de Condomínio;17,98
06/2015;SALDO ATUAL;BANCOS;18970,39
06/2015;SALDO ATUAL;BANCOS/CONTAS/MOVIMENTO;5874,89
06/2015;SALDO ATUAL;Caixa Econômica Federal (C/C);5874,89
06/2015;SALDO ATUAL;BANCOS/CONTAS/APLICAÇÕES;13095,50
06/2015;SALDO ATUAL;Caixa Econômica Federal - Poupança (4029-0);9185,49
06/2015;SALDO ATUAL;Aplicação CEF;3910,01
07/2015;SALDO ANTERIOR;CAIXA;17,98
07/2015;SALDO ANTERIOR;Caixa de Condomínio;17,98
07/2015;SALDO ANTERIOR;BANCOS;18970,39
07/2015;SALDO ANTERIOR;BANCOS/CONTAS/MOVIMENTO;5874,89
07/2015;SALDO ANTERIOR;Caixa Econômica Federal (C/C);5874,89
07/2015;SALDO ANTERIOR;BANCOS/CONTAS/APLICAÇÕES;13095,50
07/2015;SALDO ANTERIOR;Caixa Econômica Federal - Poupança (4029-0);9185,49
07/2015;SALDO ANTERIOR;Aplicação CEF;3910,01
07/2015;RECEITAS;DE CONDOMÍNIO;8971,45
07/2015;RECEITAS;Taxa de Condomínio;5939,79
07/2015;RECEITAS;Garagem;977,28
07/2015;RECEITAS;Fundo de Reserva;640,87
07/2015;RECEITAS;Gás;600,19
07/2015;RECEITAS;Multas;12,23
07/2015;RECEITAS;Água;801,09
07/2015;RECEITAS;OUTRAS RECEITAS;1891,22
07/2015;RECEITAS;Juros Poupança (4029-0);62,74
07/2015;RECEITAS;Juros Aplicação;78,31
07/2015;RECEITAS;Rat Salão Gourmet;1750,17
07/2015;DESPESAS;ENCARGOS SOCIAIS;666,63
07/2015;DESPESAS;INSS (S/folha pagto );244,28
07/2015;DESPESAS;INSS (S/notas fiscais);422,35
07/2015;DESPESAS;HONORÁRIOS;1051,05
07/2015;DESPESAS;Honorários Contábeis;350,05
07/2015;DESPESAS;Honorários Síndico;701,00
07/2015;DESPESAS;UTILIDADES/SERVIÇOS;1240,51
07/2015;DESPESAS;Fornecimento de Energia Elétrica;460,41
07/2015;DESPESAS;Fornecimento de Água;641,20
07/2015;DESPESAS;Material de Expediente;24,80
07/2015;DESPESAS;Material de Limpeza;114,10
07/2015;DESPESAS;IMPOSTOS/TAXAS;147,44
07/2015;DESPESAS;ISS;147,44
07/2015;DESPESAS;/MANUTENÇÃO;1243,59
07/2015;DESPESAS;Manutenção do(s) Elevador(es);300,00
07/2015;DESPESAS;Manutenção do(s) Edifício(s);245,90
07/2015;DESPESAS;Manutenção do Portão;697,69
07/2015;DESPESAS;SERVIÇOS PRESTADOS POR TERCEIROS;160,00
07/2015;DESPESAS;Serviços de Impermeabilização de Móveis;160,00
07/2015;DESPESAS;EMPRESAS PRESTADORAS DE SERVIÇOS;3269,76
07/2015;DESPESAS;Serviços de Limpeza e Jardinagem;3269,76
07/2015;DESPESAS;OUTRAS DESPESAS;21,00
07/2015;DESPESAS;Correio;21,00
07/2015;DESPESAS;FINANCEIRAS;91,47
07/2015;DESPESAS;Tarifa Bancária;42,80
07/2015;DESPESAS;Imposto de Renda (S/Aplicação);0,47
07/2015;DESPESAS;Tarifa Cobrança;48,20
07/2015;SALDO ATUAL;CAIXA;17,98
07/2015;SALDO ATUAL;Caixa de Condomínio;17,98
07/2015;SALDO ATUAL;BANCOS;21941,61
07/2015;SALDO ATUAL;BANCOS/CONTAS/MOVIMENTO;7905,63
07/2015;SALDO ATUAL;Caixa Econômica Federal (C/C);7905,63
07/2015;SALDO ATUAL;BANCOS/CONTAS/APLICAÇÕES;14035,98
07/2015;SALDO ATUAL;Caixa Econômica Federal - Poupança (4029-0);10163,00
07/2015;SALDO ATUAL;Aplicação CEF;3872,98
08/2015;SALDO ANTERIOR;CAIXA;17,98
08/2015;SALDO ANTERIOR;Caixa de Condomínio;17,98
08/2015;SALDO ANTERIOR;BANCOS;21941,61
08/2015;SALDO ANTERIOR;BANCOS/CONTAS/MOVIMENTO;7905,63
08/2015;SALDO ANTERIOR;Caixa Econômica Federal (C/C);7905,63
08/2015;SALDO ANTERIOR;BANCOS/CONTAS/APLICAÇÕES;14035,98
08/2015;SALDO ANTERIOR;Caixa Econômica Federal - Poupança (4029-0);10163,00
08/2015;SALDO ANTERIOR;Aplicação CEF;3872,98
08/2015;RECEITAS;DE CONDOMÍNIO;8797,19
08/2015;RECEITAS;Taxa de Condomínio;5948,62
08/2015;RECEITAS;Garagem;980,48
08/2015;RECEITAS;Fundo de Reserva;654,77
08/2015;RECEITAS;Gás;462,64
08/2015;RECEITAS;Multas;32,47
08/2015;RECEITAS;Água;718,21
08/2015;RECEITAS;OUTRAS RECEITAS;1823,90
08/2015;RECEITAS;Juros Poupança (4029-0);72,54
08/2015;RECEITAS;Juros Aplicação;39,16
08/2015;RECEITAS;Rat Salão Gourmet;1712,20
08/2015;DESPESAS;ENCARGOS SOCIAIS;422,34
08/2015;DESPESAS;INSS (S/notas fiscais);422,34
08/2015;DESPESAS;HONORÁRIOS;1052,05
08/2015;DESPESAS;Honorários Contábeis;350,05
08/2015;DESPESAS;Honorários Síndico;702,00
08/2015;DESPESAS;UTILIDADES/SERVIÇOS;1107,27
08/2015;DESPESAS;Fornecimento de Energia Elétrica;414,91
08/2015;DESPESAS;Fornecimento de Água;641,20
08/2015;DESPESAS;Material de Expediente;51,16
08/2015;DESPESAS;IMPOSTOS/TAXAS;147,44
08/2015;DESPESAS;ISS;147,44
08/2015;DESPESAS;/MANUTENÇÃO;1006,60
08/2015;DESPESAS;Manutenção do(s) Elevador(es);424,90
08/2015;DESPESAS;Manutenção do(s) Edifício(s);51,70
08/2015;DESPESAS;Manutencao de Bombas;530,00
08/2015;DESPESAS;EMPRESAS PRESTADORAS DE SERVIÇOS;3269,76
08/2015;DESPESAS;Serviços de Limpeza e Jardinagem;3269,76
08/2015;DESPESAS;OUTRAS DESPESAS;1198,75
08/2015;DESPESAS;com Gás;1113,75
08/2015;DESPESAS;Correio;23,80
08/2015;DESPESAS;com Cartório;61,20
08/2015;DESPESAS;FINANCEIRAS;124,35
08/2015;DESPESAS;Tarifa Bancária;71,30
08/2015;DESPESAS;Tarifa Cobrança;53,05
08/2015;SALDO ATUAL;CAIXA;17,98
08/2015;SALDO ATUAL;Caixa de Condomínio;17,98
08/2015;SALDO ATUAL;BANCOS;24234,14
08/2015;SALDO ATUAL;BANCOS/CONTAS/MOVIMENTO;10086,46
08/2015;SALDO ATUAL;Caixa Econômica Federal (C/C);10086,46
08/2015;SALDO ATUAL;BANCOS/CONTAS/APLICAÇÕES;14147,68
08/2015;SALDO ATUAL;Caixa Econômica Federal - Poupança (4029-0);10235,54
08/2015;SALDO ATUAL;Aplicação CEF;3912,14
09/2015;SALDO ANTERIOR;CAIXA;17,98
09/2015;SALDO ANTERIOR;Caixa de Condomínio;17,98
09/2015;SALDO ANTERIOR;BANCOS;24234,14
09/2015;SALDO ANTERIOR;BANCOS/CONTAS/MOVIMENTO;10086,46
09/2015;SALDO ANTERIOR;Caixa Econômica Federal (C/C);10086,46
09/2015;SALDO ANTERIOR;BANCOS/CONTAS/APLICAÇÕES;14147,68
09/2015;SALDO ANTERIOR;Caixa Econômica Federal - Poupança (4029-0);10235,54
09/2015;SALDO ANTERIOR;Aplicação CEF;3912,14
09/2015;RECEITAS;DE CONDOMÍNIO;8207,46
09/2015;RECEITAS;Taxa de Condomínio;5408,61
09/2015;RECEITAS;Garagem;976,00
09/2015;RECEITAS;Fundo de Reserva;638,44
09/2015;RECEITAS;Gás;419,45
09/2015;RECEITAS;Multas;14,60
09/2015;RECEITAS;Água;750,36
09/2015;RECEITAS;OUTRAS RECEITAS;1854,19
09/2015;RECEITAS;Juros Poupança (4029-0);71,40
09/2015;RECEITAS;Juros Aplicação;39,27
09/2015;RECEITAS;Rat Salão Gourmet;1743,52
09/2015;DESPESAS;ENCARGOS SOCIAIS;666,62
09/2015;DESPESAS;INSS (S/folha pagto );244,28
09/2015;DESPESAS;INSS (S/notas fiscais);422,34
09/2015;DESPESAS;HONORÁRIOS;1051,05
09/2015;DESPESAS;Honorários Contábeis;350,05
09/2015;DESPESAS;Honorários Síndico;701,00
09/2015;DESPESAS;UTILIDADES/SERVIÇOS;1218,68
09/2015;DESPESAS;Fornecimento de Energia Elétrica;486,74
09/2015;DESPESAS;Fornecimento de Água;717,80
09/2015;DESPESAS;Material de Expediente;14,14
09/2015;DESPESAS;IMPOSTOS/TAXAS;147,44
09/2015;DESPESAS;ISS;147,44
09/2015;DESPESAS;EMPRESAS PRESTADORAS DE SERVIÇOS;3269,76
09/2015;DESPESAS;Serviços de Limpeza e Jardinagem;3269,76
09/2015;DESPESAS;OUTRAS DESPESAS;25,20
09/2015;DESPESAS;Correio;25,20
09/2015;DESPESAS;FINANCEIRAS;122,82
09/2015;DESPESAS;Tarifa Bancária;61,80
09/2015;DESPESAS;Tarifa Cobrança;61,02
09/2015;SALDO ATUAL;CAIXA;17,98
09/2015;SALDO ATUAL;Caixa de Condomínio;17,98
09/2015;SALDO ATUAL;BANCOS;27794,22
09/2015;SALDO ATUAL;BANCOS/CONTAS/MOVIMENTO;13535,87
09/2015;SALDO ATUAL;Caixa Econômica Federal (C/C);13535,87
09/2015;SALDO ATUAL;BANCOS/CONTAS/APLICAÇÕES;14258,35
09/2015;SALDO ATUAL;Caixa Econômica Federal - Poupança (4029-0);10306,94
09/2015;SALDO ATUAL;Aplicação CEF;3951,41
10/2015;SALDO ANTERIOR;CAIXA;17,98
10/2015;SALDO ANTERIOR;Caixa de Condomínio;17,98
10/2015;SALDO ANTERIOR;BANCOS;27794,22
10/2015;SALDO ANTERIOR;BANCOS/CONTAS/MOVIMENTO;13535,87
10/2015;SALDO ANTERIOR;Caixa Econômica Federal (C/C);13535,87
10/2015;SALDO ANTERIOR;BANCOS/CONTAS/APLICAÇÕES;14258,35
10/2015;SALDO ANTERIOR;Caixa Econômica Federal - Poupança (4029-0);10306,94
10/2015;SALDO ANTERIOR;Aplicação CEF;3951,41
10/2015;RECEITAS;DE CONDOMÍNIO;7169,82
10/2015;RECEITAS;Taxa de Condomínio;4735,74
10/2015;RECEITAS;Garagem;863,21
10/2015;RECEITAS;Fundo de Reserva;559,87
10/2015;RECEITAS;Gás;320,89
10/2015;RECEITAS;Multas;12,30
10/2015;RECEITAS;Água;677,81
10/2015;RECEITAS;OUTRAS RECEITAS;1687,39
10/2015;RECEITAS;Juros Poupança (4029-0);70,47
10/2015;RECEITAS;Juros Aplicação;87,95
10/2015;RECEITAS;Rat Salão Gourmet;1528,97
10/2015;DESPESAS;ENCARGOS SOCIAIS;666,62
10/2015;DESPESAS;INSS (S/folha pagto );244,28
10/2015;DESPESAS;INSS (S/notas fiscais);422,34
10/2015;DESPESAS;HONORÁRIOS;1082,00
10/2015;DESPESAS;Honorários Contábeis;381,00
10/2015;DESPESAS;Honorários Síndico;701,00
10/2015;DESPESAS;UTILIDADES/SERVIÇOS;1153,40
10/2015;DESPESAS;Fornecimento de Energia Elétrica;404,45
10/2015;DESPESAS;Fornecimento de Água;717,80
10/2015;DESPESAS;Material de Expediente;31,15
10/2015;DESPESAS;IMPOSTOS/TAXAS;147,44
10/2015;DESPESAS;ISS;147,44
10/2015;DESPESAS;/MANUTENÇÃO;920,20
10/2015;DESPESAS;Manutenção do(s) Elevador(es);640,00
10/2015;DESPESAS;Manutenção do(s) Edifício(s);280,20
10/2015;DESPESAS;EMPRESAS PRESTADORAS DE SERVIÇOS;3269,76
10/2015;DESPESAS;Serviços de Limpeza e Jardinagem;3269,76
10/2015;DESPESAS;OUTRAS DESPESAS;1148,59
10/2015;DESPESAS;com Gás;1134,59
10/2015;DESPESAS;Correio;14,00
10/2015;DESPESAS;FINANCEIRAS;124,39
10/2015;DESPESAS;Tarifa Bancária;58,80
10/2015;DESPESAS;Imposto de Renda (S/Aplicação);11,83
10/2015;DESPESAS;Tarifa Cobrança;53,76
10/2015;SALDO ATUAL;CAIXA;17,98
10/2015;SALDO ATUAL;Caixa de Condomínio;17,98
10/2015;SALDO ATUAL;BANCOS;28139,03
10/2015;SALDO ATUAL;BANCOS/CONTAS/MOVIMENTO;50,00
10/2015;SALDO ATUAL;Caixa Econômica Federal (C/C);50,00
10/2015;SALDO ATUAL;BANCOS/CONTAS/APLICAÇÕES;28089,03
10/2015;SALDO ATUAL;Caixa Econômica Federal - Poupança (4029-0);10377,41
10/2015;SALDO ATUAL;Aplicação CEF;17711,62
11/2015;SALDO ANTERIOR;CAIXA;17,98
11/2015;SALDO ANTERIOR;Caixa de Condomínio;17,98
11/2015;SALDO ANTERIOR;BANCOS;28139,03
11/2015;SALDO ANTERIOR;BANCOS/CONTAS/MOVIMENTO;50,00
11/2015;SALDO ANTERIOR;Caixa Econômica Federal (C/C);50,00
11/2015;SALDO ANTERIOR;BANCOS/CONTAS/APLICAÇÕES;28089,03
11/2015;SALDO ANTERIOR;Caixa Econômica Federal - Poupança (4029-0);10377,41
11/2015;SALDO ANTERIOR;Aplicação CEF;17711,62
11/2015;RECEITAS;DE CONDOMÍNIO;7379,27
11/2015;RECEITAS;Taxa de Condomínio;4870,31
11/2015;RECEITAS;Garagem;899,10
11/2015;RECEITAS;Fundo de Reserva;576,92
11/2015;RECEITAS;Gás;335,09
11/2015;RECEITAS;Multas;17,57
11/2015;RECEITAS;Água;680,28
11/2015;RECEITAS;OUTRAS RECEITAS;1716,09
11/2015;RECEITAS;Juros Poupança (4029-0);86,24
11/2015;RECEITAS;Juros Aplicação;123,63
11/2015;RECEITAS;Rat Salão Gourmet;1506,22
11/2015;DESPESAS;ENCARGOS SOCIAIS;666,62
11/2015;DESPESAS;INSS (S/folha pagto );244,28
11/2015;DESPESAS;INSS (S/notas fiscais);422,34
11/2015;DESPESAS;HONORÁRIOS;1083,00
11/2015;DESPESAS;Honorários Contábeis;381,00
11/2015;DESPESAS;Honorários Síndico;702,00
11/2015;DESPESAS;UTILIDADES/SERVIÇOS;1194,10
11/2015;DESPESAS;Fornecimento de Energia Elétrica;466,30
11/2015;DESPESAS;Fornecimento de Água;717,80
11/2015;DESPESAS;Material de Expediente;10,00
11/2015;DESPESAS;IMPOSTOS/TAXAS;147,44
11/2015;DESPESAS;ISS;147,44
11/2015;DESPESAS;/MANUTENÇÃO;690,85
11/2015;DESPESAS;Manutenção do(s) Elevador(es);320,00
11/2015;DESPESAS;Manutenção do(s) Edifício(s);230,85
11/2015;DESPESAS;Manutenção do Portão;140,00
11/2015;DESPESAS;EMPRESAS PRESTADORAS DE SERVIÇOS;3269,76
11/2015;DESPESAS;Serviços de Limpeza e Jardinagem;3269,76
11/2015;DESPESAS;FINANCEIRAS;177,90
11/2015;DESPESAS;Tarifa Bancária;57,30
11/2015;DESPESAS;Imposto de Renda (S/Aplicação);60,66
11/2015;DESPESAS;IOF;4,32
11/2015;DESPESAS;Tarifa Cobrança;55,62
11/2015;SALDO ATUAL;CAIXA;17,98
11/2015;SALDO ATUAL;Caixa de Condomínio;17,98
11/2015;SALDO ATUAL;BANCOS;30004,72
11/2015;SALDO ATUAL;BANCOS/CONTAS/MOVIMENTO;6697,84
11/2015;SALDO ATUAL;Caixa Econômica Federal (C/C);6697,84
11/2015;SALDO ATUAL;BANCOS/CONTAS/APLICAÇÕES;23306,88
11/2015;SALDO ATUAL;Caixa Econômica Federal - Poupança (4029-0);10463,65
11/2015;SALDO ATUAL;Aplicação CEF;12843,23
12/2015;SALDO ANTERIOR;CAIXA;17,98
12/2015;SALDO ANTERIOR;Caixa de Condomínio;17,98
12/2015;SALDO ANTERIOR;BANCOS;30004,72
12/2015;SALDO ANTERIOR;BANCOS/CONTAS/MOVIMENTO;6697,84
12/2015;SALDO ANTERIOR;Caixa Econômica Federal (C/C);6697,84
12/2015;SALDO ANTERIOR;BANCOS/CONTAS/APLICAÇÕES;23306,88
12/2015;SALDO ANTERIOR;Caixa Econômica Federal - Poupança (4029-0);10463,65
12/2015;SALDO ANTERIOR;Aplicação CEF;12843,23
12/2015;RECEITAS;DE CONDOMÍNIO;8063,15
12/2015;RECEITAS;Taxa de Condomínio;5295,82
12/2015;RECEITAS;Garagem;974,08
12/2015;RECEITAS;Fundo de Reserva;626,97
12/2015;RECEITAS;Gás;320,74
12/2015;RECEITAS;Multas;8,09
12/2015;RECEITAS;Água;837,45
12/2015;RECEITAS;OUTRAS RECEITAS;149,53
12/2015;RECEITAS;Juros Poupança (4029-0);14,30
12/2015;RECEITAS;Juros Aplicação;135,23
12/2015;DESPESAS;ENCARGOS SOCIAIS;910,90
12/2015;DESPESAS;INSS (S/folha pagto );488,56
12/2015;DESPESAS;INSS (S/notas fiscais);422,34
12/2015;DESPESAS;HONORÁRIOS;1463,00
12/2015;DESPESAS;Honorários Contábeis;381,00
12/2015;DESPESAS;Honorários Síndico;701,00
12/2015;DESPESAS;Honorários Contábeis (13º);381,00
12/2015;DESPESAS;UTILIDADES/SERVIÇOS;1173,70
12/2015;DESPESAS;Fornecimento de Energia Elétrica;429,11
12/2015;DESPESAS;Fornecimento de Água;717,80
12/2015;DESPESAS;Material de Expediente;26,79
12/2015;DESPESAS;IMPOSTOS/TAXAS;147,44
12/2015;DESPESAS;ISS;147,44
12/2015;DESPESAS;/MANUTENÇÃO;320,00
12/2015;DESPESAS;Manutenção do(s) Elevador(es);320,00
12/2015;DESPESAS;COM AQUISIÇÕES;3810,00
12/2015;DESPESAS;Aquisição de Bomba;410,00
12/2015;DESPESAS;Aquisição de Portão;3400,00
12/2015;DESPESAS;SERVIÇOS PRESTADOS POR TERCEIROS;9893,30
12/2015;DESPESAS;Serviços de Pintura;9000,00
12/2015;DESPESAS;Serviços Prestados;893,30
12/2015;DESPESAS;EMPRESAS PRESTADORAS DE SERVIÇOS;3269,76
12/2015;DESPESAS;Serviços de Limpeza e Jardinagem;3269,76
12/2015;DESPESAS;OUTRAS DESPESAS;40,80
12/2015;DESPESAS;Correio;40,80
12/2015;DESPESAS;FINANCEIRAS;113,16
12/2015;DESPESAS;Tarifa Bancária;54,30
12/2015;DESPESAS;Tarifa Cobrança;58,86
12/2015;DESPESAS;ATRASOS/OUTROS;57,67
12/2015;DESPESAS;Multa/Juros;57,67
12/2015;SALDO ATUAL;CAIXA;17,98
12/2015;SALDO ATUAL;Caixa de Condomínio;17,98
12/2015;SALDO ATUAL;BANCOS;17017,67
12/2015;SALDO ATUAL;BANCOS/CONTAS/MOVIMENTO;3961,26
12/2015;SALDO ATUAL;Caixa Econômica Federal (C/C);3961,26
12/2015;SALDO ATUAL;BANCOS/CONTAS/APLICAÇÕES;13056,41
12/2015;SALDO ATUAL;Caixa Econômica Federal - Poupança (4029-0);77,95
12/2015;SALDO ATUAL;Aplicação CEF;12978,46
01/2016;SALDO ANTERIOR;CAIXA;17,98
01/2016;SALDO ANTERIOR;Caixa de Condomínio;17,98
01/2016;SALDO ANTERIOR;BANCOS;17017,67
01/2016;SALDO ANTERIOR;BANCOS/CONTAS/MOVIMENTO;3961,26
01/2016;SALDO ANTERIOR;Caixa Econômica Federal (C/C);3961,26
01/2016;SALDO ANTERIOR;BANCOS/CONTAS/APLICAÇÕES;13056,41
01/2016;SALDO ANTERIOR;Caixa Econômica Federal - Poupança (4029-0);77,95
01/2016;SALDO ANTERIOR;Aplicação CEF;12978,46
01/2016;RECEITAS;DE CONDOMÍNIO;7046,09
01/2016;RECEITAS;Taxa de Condomínio;4653,71
01/2016;RECEITAS;Garagem;861,93
01/2016;RECEITAS;Fundo de Reserva;551,54
01/2016;RECEITAS;Gás;294,26
01/2016;RECEITAS;Multas;9,67
01/2016;RECEITAS;Água;674,98
01/2016;RECEITAS;OUTRAS RECEITAS;167,05
01/2016;RECEITAS;Juros Poupança (4029-0);0,49
01/2016;RECEITAS;Juros Aplicação;116,56
01/2016;RECEITAS;Salão de Festa - Uso;50,00
01/2016;DESPESAS;ENCARGOS SOCIAIS;666,62
01/2016;DESPESAS;INSS (S/folha pagto );244,28
01/2016;DESPESAS;INSS (S/notas fiscais);422,34
01/2016;DESPESAS;HONORÁRIOS;1082,00
01/2016;DESPESAS;Honorários Contábeis;381,00
01/2016;DESPESAS;Honorários Síndico;701,00
01/2016;DESPESAS;UTILIDADES/SERVIÇOS;1332,94
01/2016;DESPESAS;Fornecimento de Energia Elétrica;561,11
01/2016;DESPESAS;Fornecimento de Água;717,80
01/2016;DESPESAS;Material de Expediente;54,03
01/2016;DESPESAS;IMPOSTOS/TAXAS;147,44
01/2016;DESPESAS;ISS;147,44
01/2016;DESPESAS;/MANUTENÇÃO;462,25
01/2016;DESPESAS;Manutenção do(s) Edifício(s);462,25
01/2016;DESPESAS;COM AQUISIÇÕES;1700,00
01/2016;DESPESAS;Aquisição de Portão;1700,00
01/2016;DESPESAS;SERVIÇOS PRESTADOS POR TERCEIROS;700,00
01/2016;DESPESAS;Serviços Prestados;700,00
01/2016;DESPESAS;EMPRESAS PRESTADORAS DE SERVIÇOS;3268,61
01/2016;DESPESAS;Serviços de Limpeza e Jardinagem;3268,61
01/2016;DESPESAS;OUTRAS DESPESAS;1283,62
01/2016;DESPESAS;com Gás;1247,22
01/2016;DESPESAS;Correio;36,40
01/2016;DESPESAS;FINANCEIRAS;108,72
01/2016;DESPESAS;Tarifa Bancária;54,30
01/2016;DESPESAS;Imposto de Renda (S/Aplicação);2,64
01/2016;DESPESAS;Tarifa Cobrança;51,78
01/2016;SALDO ATUAL;CAIXA;17,98
01/2016;SALDO ATUAL;Caixa de Condomínio;17,98
01/2016;SALDO ATUAL;BANCOS;13478,61
01/2016;SALDO ATUAL;BANCOS/CONTAS/MOVIMENTO;1081,85
01/2016;SALDO ATUAL;Caixa Econômica Federal (C/C);1081,85
01/2016;SALDO ATUAL;BANCOS/CONTAS/APLICAÇÕES;12396,76
01/2016;SALDO ATUAL;Caixa Econômica Federal - Poupança (4029-0);78,44
01/2016;SALDO ATUAL;Aplicação CEF;12318,32
02/2016;SALDO ANTERIOR;CAIXA;17,98
02/2016;SALDO ANTERIOR;Caixa de Condomínio;17,98
02/2016;SALDO ANTERIOR;BANCOS;13478,61
02/2016;SALDO ANTERIOR;BANCOS/CONTAS/MOVIMENTO;1081,85
02/2016;SALDO ANTERIOR;Caixa Econômica Federal (C/C);1081,85
02/2016;SALDO ANTERIOR;BANCOS/CONTAS/APLICAÇÕES;12396,76
02/2016;SALDO ANTERIOR;Caixa Econômica Federal - Poupança (4029-0);78,44
02/2016;SALDO ANTERIOR;Aplicação CEF;12318,32
02/2016;RECEITAS;DE CONDOMÍNIO;6754,85
02/2016;RECEITAS;Taxa de Condomínio;4392,26
02/2016;RECEITAS;Garagem;789,51
02/2016;RECEITAS;Fundo de Reserva;518,15
02/2016;RECEITAS;Gás;471,00
02/2016;RECEITAS;Multas;9,69
02/2016;RECEITAS;Água;574,24
02/2016;RECEITAS;OUTRAS RECEITAS;103,49
02/2016;RECEITAS;Juros Poupança (4029-0);0,56
02/2016;RECEITAS;Juros Aplicação;102,93
02/2016;DESPESAS;ENCARGOS SOCIAIS;695,14
02/2016;DESPESAS;INSS (S/folha pagto );272,80
02/2016;DESPESAS;INSS (S/notas fiscais);422,34
02/2016;DESPESAS;HONORÁRIOS;1165,00
02/2016;DESPESAS;Honorários Contábeis;381,00
02/2016;DESPESAS;Honorários Síndico;784,00
02/2016;DESPESAS;UTILIDADES/SERVIÇOS;1296,50
02/2016;DESPESAS;Fornecimento de Energia Elétrica;542,25
02/2016;DESPESAS;Fornecimento de Água;717,80
02/2016;DESPESAS;Material de Expediente;36,45
02/2016;DESPESAS;IMPOSTOS/TAXAS;148,59
02/2016;DESPESAS;ISS;148,59
02/2016;DESPESAS;/MANUTENÇÃO;320,00
02/2016;DESPESAS;Manutenção do(s) Elevador(es);320,00
02/2016;DESPESAS;COM AQUISIÇÕES;1700,00
02/2016;DESPESAS;Aquisição de Portão;1700,00
02/2016;DESPESAS;EMPRESAS PRESTADORAS DE SERVIÇOS;3644,49
02/2016;DESPESAS;Serviços de Limpeza e Jardinagem;3644,49
02/2016;DESPESAS;OUTRAS DESPESAS;61,20
02/2016;DESPESAS;Desconto/Devolução;50,00
02/2016;DESPESAS;Correio;11,20
02/2016;DESPESAS;FINANCEIRAS;112,86
02/2016;DESPESAS;Tarifa Bancária;54,30
02/2016;DESPESAS;Imposto de Renda (S/Aplicação);8,34
02/2016;DESPESAS;Tarifa Cobrança;50,22
02/2016;SALDO ATUAL;CAIXA;17,98
02/2016;SALDO ATUAL;Caixa de Condomínio;17,98
02/2016;SALDO ATUAL;BANCOS;11193,17
02/2016;SALDO ATUAL;BANCOS/CONTAS/MOVIMENTO;50,00
02/2016;SALDO ATUAL;Caixa Econômica Federal (C/C);50,00
02/2016;SALDO ATUAL;BANCOS/CONTAS/APLICAÇÕES;11143,17
02/2016;SALDO ATUAL;Caixa Econômica Federal - Poupança (4029-0);79,00
02/2016;SALDO ATUAL;Aplicação CEF;11064,17
03/2016;SALDO ANTERIOR;CAIXA;17,98
03/2016;SALDO ANTERIOR;Caixa de Condomínio;17,98
03/2016;SALDO ANTERIOR;BANCOS;11193,17
03/2016;SALDO ANTERIOR;BANCOS/CONTAS/MOVIMENTO;50,00
03/2016;SALDO ANTERIOR;Caixa Econômica Federal (C/C);50,00
03/2016;SALDO ANTERIOR;BANCOS/CONTAS/APLICAÇÕES;11143,17
03/2016;SALDO ANTERIOR;Caixa Econômica Federal - Poupança (4029-0);79,00
03/2016;SALDO ANTERIOR;Aplicação CEF;11064,17
03/2016;RECEITAS;DE CONDOMÍNIO;9154,97
03/2016;RECEITAS;Taxa de Condomínio;5752,09
03/2016;RECEITAS;Garagem;1049,70
03/2016;RECEITAS;Fundo de Reserva;680,16
03/2016;RECEITAS;Gás;405,56
03/2016;RECEITAS;Multas;32,91
03/2016;RECEITAS;Água;1234,55
03/2016;RECEITAS;OUTRAS RECEITAS;118,53
03/2016;RECEITAS;Juros Poupança (4029-0);0,49
03/2016;RECEITAS;Juros Aplicação;70,11
03/2016;RECEITAS;Multa Regimento Interno/Convenção;47,93
03/2016;DESPESAS;ENCARGOS SOCIAIS;743,71
03/2016;DESPESAS;INSS (S/folha pagto );272,80
03/2016;DESPESAS;INSS (S/notas fiscais);470,91
03/2016;DESPESAS;HONORÁRIOS;1164,00
03/2016;DESPESAS;Honorários Contábeis;381,00
03/2016;DESPESAS;Honorários Síndico;783,00
03/2016;DESPESAS;UTILIDADES/SERVIÇOS;1238,09
03/2016;DESPESAS;Fornecimento de Energia Elétrica;397,75
03/2016;DESPESAS;Fornecimento de Água;770,42
03/2016;DESPESAS;Material de Expediente;69,92
03/2016;DESPESAS;IMPOSTOS/TAXAS;165,68
03/2016;DESPESAS;ISS;165,68
03/2016;DESPESAS;/MANUTENÇÃO;540,00
03/2016;DESPESAS;Manutenção do(s) Elevador(es);320,00
03/2016;DESPESAS;Manutenção do Portão;220,00
03/2016;DESPESAS;SERVIÇOS PRESTADOS POR TERCEIROS;350,00
03/2016;DESPESAS;Serviços de Limpeza de Fossa;350,00
03/2016;DESPESAS;EMPRESAS PRESTADORAS DE SERVIÇOS;3644,49
03/2016;DESPESAS;Serviços de Limpeza e Jardinagem;3644,49
03/2016;DESPESAS;OUTRAS DESPESAS;21,00
03/2016;DESPESAS;Correio;21,00
03/2016;DESPESAS;FINANCEIRAS;157,73
03/2016;DESPESAS;Tarifa Bancária;54,30
03/2016;DESPESAS;Imposto de Renda (S/Aplicação);38,09
03/2016;DESPESAS;Tarifa Cobrança;65,34
03/2016;SALDO ATUAL;CAIXA;17,98
03/2016;SALDO ATUAL;Caixa de Condomínio;17,98
03/2016;SALDO ATUAL;BANCOS;12441,97
03/2016;SALDO ATUAL;BANCOS/CONTAS/MOVIMENTO;6213,22
03/2016;SALDO ATUAL;Caixa Econômica Federal (C/C);6213,22
03/2016;SALDO ATUAL;BANCOS/CONTAS/APLICAÇÕES;6228,75
03/2016;SALDO ATUAL;Caixa Econômica Federal - Poupança (4029-0);79,49
03/2016;SALDO ATUAL;Aplicação CEF;6149,26
04/2016;SALDO ANTERIOR;CAIXA;17,98
04/2016;SALDO ANTERIOR;Caixa de Condomínio;17,98
04/2016;SALDO ANTERIOR;BANCOS;12441,97
04/2016;SALDO ANTERIOR;BANCOS/CONTAS/MOVIMENTO;6213,22
04/2016;SALDO ANTERIOR;Caixa Econômica Federal (C/C);6213,22
04/2016;SALDO ANTERIOR;BANCOS/CONTAS/APLICAÇÕES;6228,75
04/2016;SALDO ANTERIOR;Caixa Econômica Federal - Poupança (4029-0);79,49
04/2016;SALDO ANTERIOR;Aplicação CEF;6149,26
04/2016;RECEITAS;DE CONDOMÍNIO;7827,77
04/2016;RECEITAS;Taxa de Condomínio;5192,01
04/2016;RECEITAS;Garagem;938,83
04/2016;RECEITAS;Fundo de Reserva;613,06
04/2016;RECEITAS;Gás;274,34
04/2016;RECEITAS;Multas;9,09
04/2016;RECEITAS;Água;800,44
04/2016;RECEITAS;OUTRAS RECEITAS;59,27
04/2016;RECEITAS;Juros Poupança (4029-0);0,53
04/2016;RECEITAS;Juros Aplicação;58,74
04/2016;DESPESAS;ENCARGOS SOCIAIS;743,71
04/2016;DESPESAS;INSS (S/folha pagto );272,80
04/2016;DESPESAS;INSS (S/notas fiscais);470,91
04/2016;DESPESAS;HONORÁRIOS;1164,00
04/2016;DESPESAS;Honorários Contábeis;381,00
04/2016;DESPESAS;Honorários Síndico;783,00
04/2016;DESPESAS;UTILIDADES/SERVIÇOS;1274,04
04/2016;DESPESAS;Fornecimento de Energia Elétrica;508,07
04/2016;DESPESAS;Fornecimento de Água;717,80
04/2016;DESPESAS;Material de Expediente;48,17
04/2016;DESPESAS;IMPOSTOS/TAXAS;165,68
04/2016;DESPESAS;ISS;165,68
04/2016;DESPESAS;/MANUTENÇÃO;689,50
04/2016;DESPESAS;Manutenção do(s) Edifício(s);343,50
04/2016;DESPESAS;Manutenção do Portão;346,00
04/2016;DESPESAS;EMPRESAS PRESTADORAS DE SERVIÇOS;3644,49
04/2016;DESPESAS;Serviços de Limpeza e Jardinagem;3644,49
04/2016;DESPESAS;OUTRAS DESPESAS;1148,45
04/2016;DESPESAS;com Gás;1143,45
04/2016;DESPESAS;Correio;5,00
04/2016;DESPESAS;FINANCEIRAS;114,24
04/2016;DESPESAS;Tarifa Bancária;54,30
04/2016;DESPESAS;Tarifa Cobrança;59,94
04/2016;SALDO ATUAL;CAIXA;17,98
04/2016;SALDO ATUAL;Caixa de Condomínio;17,98
04/2016;SALDO ATUAL;BANCOS;11384,90
04/2016;SALDO ATUAL;BANCOS/CONTAS/MOVIMENTO;5096,88
04/2016;SALDO ATUAL;Caixa Econômica Federal (C/C);5096,88
04/2016;SALDO ATUAL;BANCOS/CONTAS/APLICAÇÕES;6288,02
04/2016;SALDO ATUAL;Caixa Econômica Federal - Poupança (4029-0);80,02
04/2016;SALDO ATUAL;Aplicação CEF;6208,00
05/2016;SALDO ANTERIOR;CAIXA;17,98
05/2016;SALDO ANTERIOR;Caixa de Condomínio;17,98
05/2016;SALDO ANTERIOR;BANCOS;11384,90
05/2016;SALDO ANTERIOR;BANCOS/CONTAS/MOVIMENTO;5096,88
05/2016;SALDO ANTERIOR;Caixa Econômica Federal (C/C);5096,88
05/2016;SALDO ANTERIOR;BANCOS/CONTAS/APLICAÇÕES;6288,02
05/2016;SALDO ANTERIOR;Caixa Econômica Federal - Poupança (4029-0);80,02
05/2016;SALDO ANTERIOR;Aplicação CEF;6208,00
05/2016;RECEITAS;DE CONDOMÍNIO;8722,85
05/2016;RECEITAS;Taxa de Condomínio;5789,27
05/2016;RECEITAS;Garagem;1015,73
05/2016;RECEITAS;Fundo de Reserva;680,48
05/2016;RECEITAS;Gás;313,89
05/2016;RECEITAS;Multas;70,54
05/2016;RECEITAS;Água;852,94
05/2016;RECEITAS;OUTRAS RECEITAS;148,15
05/2016;RECEITAS;Juros Poupança (4029-0);0,55
05/2016;RECEITAS;Juros Aplicação;55,55
05/2016;RECEITAS;Rat Salão Gourmet;92,05
05/2016;DESPESAS;ENCARGOS SOCIAIS;743,71
05/2016;DESPESAS;INSS (S/folha pagto );272,80
05/2016;DESPESAS;INSS (S/notas fiscais);470,91
05/2016;DESPESAS;HONORÁRIOS;1164,00
05/2016;DESPESAS;Honorários Contábeis;381,00
05/2016;DESPESAS;Honorários Síndico;783,00
05/2016;DESPESAS;UTILIDADES/SERVIÇOS;1373,91
05/2016;DESPESAS;Fornecimento de Energia Elétrica;468,98
05/2016;DESPESAS;Fornecimento de Água;717,80
05/2016;DESPESAS;Material de Expediente;61,23
05/2016;DESPESAS;Material de Limpeza;125,90
05/2016;DESPESAS;IMPOSTOS/TAXAS;165,68
05/2016;DESPESAS;ISS;165,68
05/2016;DESPESAS;/MANUTENÇÃO;640,00
05/2016;DESPESAS;Manutenção do(s) Elevador(es);640,00
05/2016;DESPESAS;EMPRESAS PRESTADORAS DE SERVIÇOS;3644,49
05/2016;DESPESAS;Serviços de Limpeza e Jardinagem;3644,49
05/2016;DESPESAS;OUTRAS DESPESAS;10,50
05/2016;DESPESAS;Correio;10,50
05/2016;DESPESAS;FINANCEIRAS;172,36
05/2016;DESPESAS;Tarifa Bancária;54,30
05/2016;DESPESAS;Imposto de Renda (S/Aplicação);54,88
05/2016;DESPESAS;Tarifa Cobrança;63,18
05/2016;SALDO ATUAL;CAIXA;17,98
05/2016;SALDO ATUAL;Caixa de Condomínio;17,98
05/2016;SALDO ATUAL;BANCOS;12341,25
05/2016;SALDO ATUAL;BANCOS/CONTAS/MOVIMENTO;6798,15
05/2016;SALDO ATUAL;Caixa Econômica Federal (C/C);6798,15
05/2016;SALDO ATUAL;BANCOS/CONTAS/APLICAÇÕES;5543,10
05/2016;SALDO ATUAL;Caixa Econômica Federal - Poupança (4029-0);80,57
05/2016;SALDO ATUAL;Aplicação CEF;5462,53
06/2016;SALDO ANTERIOR;CAIXA;17,98
06/2016;SALDO ANTERIOR;Caixa de Condomínio;17,98
06/2016;SALDO ANTERIOR;BANCOS;12341,25
06/2016;SALDO ANTERIOR;BANCOS/CONTAS/MOVIMENTO;6798,15
06/2016;SALDO ANTERIOR;Caixa Econômica Federal (C/C);6798,15
06/2016;SALDO ANTERIOR;BANCOS/CONTAS/APLICAÇÕES;5543,10
06/2016;SALDO ANTERIOR;Caixa Econômica Federal - Poupança (4029-0);80,57
06/2016;SALDO ANTERIOR;Aplicação CEF;5462,53
06/2016;RECEITAS;DE CONDOMÍNIO;8360,63
06/2016;RECEITAS;Taxa de Condomínio;5535,49
06/2016;RECEITAS;Garagem;1012,53
06/2016;RECEITAS;Fundo de Reserva;654,78
06/2016;RECEITAS;Gás;339,13
06/2016;RECEITAS;Água;818,70
06/2016;RECEITAS;OUTRAS RECEITAS;57,73
06/2016;RECEITAS;Juros Poupança (4029-0);0,53
06/2016;RECEITAS;Juros Aplicação;57,20
06/2016;DESPESAS;ENCARGOS SOCIAIS;743,72
06/2016;DESPESAS;INSS (S/folha pagto );272,80
06/2016;DESPESAS;INSS (S/notas fiscais);470,92
06/2016;DESPESAS;HONORÁRIOS;1164,00
06/2016;DESPESAS;Honorários Contábeis;381,00
06/2016;DESPESAS;Honorários Síndico;783,00
06/2016;DESPESAS;UTILIDADES/SERVIÇOS;1286,50
06/2016;DESPESAS;Fornecimento de Energia Elétrica;463,09
06/2016;DESPESAS;Fornecimento de Água;717,80
06/2016;DESPESAS;Material de Expediente;31,91
06/2016;DESPESAS;Material de Limpeza;73,70
06/2016;DESPESAS;IMPOSTOS/TAXAS;165,68
06/2016;DESPESAS;ISS;165,68
06/2016;DESPESAS;/MANUTENÇÃO;320,00
06/2016;DESPESAS;Manutenção do(s) Elevador(es);320,00
06/2016;DESPESAS;SERVIÇOS PRESTADOS POR TERCEIROS;60,00
06/2016;DESPESAS;Serviços Prestados;60,00
06/2016;DESPESAS;EMPRESAS PRESTADORAS DE SERVIÇOS;3644,49
06/2016;DESPESAS;Serviços de Limpeza e Jardinagem;3644,49
06/2016;DESPESAS;OUTRAS DESPESAS;1199,69
06/2016;DESPESAS;com Gás;1189,19
06/2016;DESPESAS;com Correio;10,50
06/2016;DESPESAS;FINANCEIRAS;172,30
06/2016;DESPESAS;Tarifa Bancária;54,30
06/2016;DESPESAS;Tarifa Cobrança;118,00
06/2016;SALDO ATUAL;CAIXA;17,98
06/2016;SALDO ATUAL;Caixa de Condomínio;17,98
06/2016;SALDO ATUAL;BANCOS;12003,23
06/2016;SALDO ATUAL;BANCOS/CONTAS/MOVIMENTO;6402,40
06/2016;SALDO ATUAL;Caixa Econômica Federal (C/C);6402,40
06/2016;SALDO ATUAL;BANCOS/CONTAS/APLICAÇÕES;5600,83
06/2016;SALDO ATUAL;Caixa Econômica Federal - Poupança (4029-0);81,10
06/2016;SALDO ATUAL;Aplicação CEF;5519,73
07/2016;SALDO ANTERIOR;CAIXA;17,98
07/2016;SALDO ANTERIOR;Caixa de Condomínio;17,98
07/2016;SALDO ANTERIOR;BANCOS;12003,23
07/2016;SALDO ANTERIOR;BANCOS/CONTAS/MOVIMENTO;6402,40
07/2016;SALDO ANTERIOR;Caixa Econômica Federal (C/C);6402,40
07/2016;SALDO ANTERIOR;BANCOS/CONTAS/APLICAÇÕES;5600,83
07/2016;SALDO ANTERIOR;Caixa Econômica Federal - Poupança (4029-0);81,10
07/2016;SALDO ANTERIOR;Aplicação CEF;5519,73
07/2016;RECEITAS;DE CONDOMÍNIO;7015,94
07/2016;RECEITAS;Taxa de Condomínio;4505,05
07/2016;RECEITAS;Garagem;791,43
07/2016;RECEITAS;Fundo de Reserva;529,62
07/2016;RECEITAS;Gás;511,23
07/2016;RECEITAS;Água;678,61
07/2016;RECEITAS;OUTRAS RECEITAS;50,54
07/2016;RECEITAS;Juros Poupança (4029-0);0,54
07/2016;RECEITAS;Salão de Festa - Uso;50,00
07/2016;DESPESAS;ENCARGOS SOCIAIS;743,71
07/2016;DESPESAS;INSS (S/folha pagto );272,80
07/2016;DESPESAS;INSS (S/notas fiscais);470,91
07/2016;DESPESAS;HONORÁRIOS;1165,00
07/2016;DESPESAS;Honorários Contábeis;381,00
07/2016;DESPESAS;Honorários Síndico;784,00
07/2016;DESPESAS;UTILIDADES/SERVIÇOS;1194,72
07/2016;DESPESAS;Fornecimento de Energia Elétrica;451,61
07/2016;DESPESAS;Fornecimento de Água;717,80
07/2016;DESPESAS;Material de Expediente;25,31
07/2016;DESPESAS;IMPOSTOS/TAXAS;165,68
07/2016;DESPESAS;ISS;165,68
07/2016;DESPESAS;SERVIÇOS PRESTADOS POR TERCEIROS;100,00
07/2016;DESPESAS;Serviços Prestados;100,00
07/2016;DESPESAS;EMPRESAS PRESTADORAS DE SERVIÇOS;3644,49
07/2016;DESPESAS;Serviços de Limpeza e Jardinagem;3644,49
07/2016;DESPESAS;OUTRAS DESPESAS;87,80
07/2016;DESPESAS;com Correio;21,00
07/2016;DESPESAS;com Cartório;66,80
07/2016;DESPESAS;FINANCEIRAS;129,30
07/2016;DESPESAS;Tarifa Bancária;29,00
07/2016;DESPESAS;Tarifa Cobrança;100,30
07/2016;SALDO ATUAL;CAIXA;17,98
07/2016;SALDO ATUAL;Caixa de Condomínio;17,98
07/2016;SALDO ATUAL;BANCOS;11839,01
07/2016;SALDO ATUAL;BANCOS/CONTAS/MOVIMENTO;3237,64
07/2016;SALDO ATUAL;Caixa Econômica Federal (C/C);3237,64
07/2016;SALDO ATUAL;BANCOS/CONTAS/APLICAÇÕES;8601,37
07/2016;SALDO ATUAL;Caixa Econômica Federal - Poupança (4029-0);81,64
07/2016;SALDO ATUAL;Aplicação CEF;8519,73
08/2016;SALDO ANTERIOR;CAIXA;17,98
08/2016;SALDO ANTERIOR;Caixa de Condomínio;17,98
08/2016;SALDO ANTERIOR;BANCOS;11839,01
08/2016;SALDO ANTERIOR;BANCOS/CONTAS/MOVIMENTO;3237,64
08/2016;SALDO ANTERIOR;Caixa Econômica Federal (C/C);3237,64
08/2016;SALDO ANTERIOR;BANCOS/CONTAS/APLICAÇÕES;8601,37
08/2016;SALDO ANTERIOR;Caixa Econômica Federal - Poupança (4029-0);81,64
08/2016;SALDO ANTERIOR;Aplicação CEF;8519,73
08/2016;RECEITAS;DE CONDOMÍNIO;8469,65
08/2016;RECEITAS;Taxa de Condomínio;5535,49
08/2016;RECEITAS;Garagem;1012,53
08/2016;RECEITAS;Fundo de Reserva;654,78
08/2016;RECEITAS;Gás;433,22
08/2016;RECEITAS;Multas;27,89
08/2016;RECEITAS;Água;805,74
08/2016;RECEITAS;OUTRAS RECEITAS;148,64
08/2016;RECEITAS;Juros Poupança (4029-0);0,62
08/2016;RECEITAS;Juros Aplicação;148,02
08/2016;DESPESAS;ENCARGOS SOCIAIS;743,72
08/2016;DESPESAS;INSS (S/folha pagto );272,80
08/2016;DESPESAS;INSS (S/notas fiscais);470,92
08/2016;DESPESAS;HONORÁRIOS;1161,00
08/2016;DESPESAS;Honorários Contábeis;381,00
08/2016;DESPESAS;Honorários Síndico;780,00
08/2016;DESPESAS;UTILIDADES/SERVIÇOS;1086,48
08/2016;DESPESAS;Fornecimento de Energia Elétrica;354,82
08/2016;DESPESAS;Fornecimento de Água;717,80
08/2016;DESPESAS;Material de Expediente;13,86
08/2016;DESPESAS;IMPOSTOS/TAXAS;165,68
08/2016;DESPESAS;ISS;165,68
08/2016;DESPESAS;/MANUTENÇÃO;637,20
08/2016;DESPESAS;Manutenção do(s) Elevador(es);280,00
08/2016;DESPESAS;Manutenção do(s) Edifício(s);357,20
08/2016;DESPESAS;SERVIÇOS PRESTADOS POR TERCEIROS;1000,00
08/2016;DESPESAS;Serviços de Limpeza de Fossa;1000,00
08/2016;DESPESAS;EMPRESAS PRESTADORAS DE SERVIÇOS;3644,49
08/2016;DESPESAS;Serviços de Limpeza e Jardinagem;3644,49
08/2016;DESPESAS;OUTRAS DESPESAS;1175,68
08/2016;DESPESAS;com Gás;1163,78
08/2016;DESPESAS;com Correio;11,90
08/2016;DESPESAS;FINANCEIRAS;240,30
08/2016;DESPESAS;Tarifa Bancária;109,10
08/2016;DESPESAS;Imposto de Renda (S/Aplicação);13,20
08/2016;DESPESAS;Tarifa Cobrança;118,00
08/2016;DESPESAS;ATRASOS/OUTROS;3,43
08/2016;DESPESAS;Multa/Juros;3,43
08/2016;SALDO ATUAL;CAIXA;17,98
08/2016;SALDO ATUAL;Caixa de Condomínio;17,98
08/2016;SALDO ATUAL;BANCOS;10599,32
08/2016;SALDO ATUAL;BANCOS/CONTAS/MOVIMENTO;3519,98
08/2016;SALDO ATUAL;Caixa Econômica Federal (C/C);3519,98
08/2016;SALDO ATUAL;BANCOS/CONTAS/APLICAÇÕES;7079,34
08/2016;SALDO ATUAL;Caixa Econômica Federal - Poupança (4029-0);82,26
08/2016;SALDO ATUAL;Aplicação CEF;6997,08
09/2016;SALDO ANTERIOR;CAIXA;17,98
09/2016;SALDO ANTERIOR;Caixa de Condomínio;17,98
09/2016;SALDO ANTERIOR;BANCOS;10048,06
09/2016;SALDO ANTERIOR;BANCOS/CONTAS/MOVIMENTO;2968,72
09/2016;SALDO ANTERIOR;Caixa Econômica Federal (C/C);2968,72
09/2016;SALDO ANTERIOR;BANCOS/CONTAS/APLICAÇÕES;7079,34
09/2016;SALDO ANTERIOR;Caixa Econômica Federal - Poupança (4029-0);82,26
09/2016;SALDO ANTERIOR;Aplicação CEF;6997,08
09/2016;RECEITAS;DE CONDOMÍNIO;8199,14
09/2016;RECEITAS;Taxa de Condomínio;5192,01
09/2016;RECEITAS;Garagem;938,83
09/2016;RECEITAS;Fundo de Reserva;613,06
09/2016;RECEITAS;Gás;569,69
09/2016;RECEITAS;Água;885,55
09/2016;RECEITAS;OUTRAS RECEITAS;96,73
09/2016;RECEITAS;Juros Poupança (4029-0);0,55
09/2016;RECEITAS;Juros Aplicação;46,18
09/2016;RECEITAS;Salão de Festa - Uso;50,00
09/2016;DESPESAS;ENCARGOS SOCIAIS;743,71
09/2016;DESPESAS;INSS (S/folha pagto );272,80
09/2016;DESPESAS;INSS (S/notas fiscais);470,91
09/2016;DESPESAS;HONORÁRIOS;1164,00
09/2016;DESPESAS;Honorários Contábeis;381,00
09/2016;DESPESAS;Honorários Síndico;783,00
09/2016;DESPESAS;UTILIDADES/SERVIÇOS;1188,39
09/2016;DESPESAS;Fornecimento de Energia Elétrica;373,15
09/2016;DESPESAS;Fornecimento de Água;717,80
09/2016;DESPESAS;Material de Expediente;97,44
09/2016;DESPESAS;IMPOSTOS/TAXAS;295,85
09/2016;DESPESAS;Taxas Diversas;74,37
09/2016;DESPESAS;ISS;221,48
09/2016;DESPESAS;/MANUTENÇÃO;2642,42
09/2016;DESPESAS;Manutenção do(s) Elevador(es);280,00
09/2016;DESPESAS;Manutenção do(s)Elevador(es)/Peças;1912,42
09/2016;DESPESAS;Manutenção Estação Tratamento de Efluentes (ETE);450,00
09/2016;DESPESAS;SERVIÇOS PRESTADOS POR TERCEIROS;1000,00
09/2016;DESPESAS;Serviços de Limpeza de Fossa;1000,00
09/2016;DESPESAS;EMPRESAS PRESTADORAS DE SERVIÇOS;3644,49
09/2016;DESPESAS;Serviços de Limpeza e Jardinagem;3644,49
09/2016;DESPESAS;OUTRAS DESPESAS;34,00
09/2016;DESPESAS;com Correio;34,00
09/2016;DESPESAS;FINANCEIRAS;193,56
09/2016;DESPESAS;Tarifa Bancária;54,30
09/2016;DESPESAS;Imposto de Renda (S/Aplicação);27,16
09/2016;DESPESAS;Tarifa Cobrança;112,10
09/2016;SALDO ATUAL;CAIXA;17,98
09/2016;SALDO ATUAL;Caixa de Condomínio;17,98
09/2016;SALDO ATUAL;BANCOS;7437,51
09/2016;SALDO ATUAL;BANCOS/CONTAS/MOVIMENTO;3081,35
09/2016;SALDO ATUAL;Caixa Econômica Federal (C/C);3081,35
09/2016;SALDO ATUAL;BANCOS/CONTAS/APLICAÇÕES;4356,16
09/2016;SALDO ATUAL;Caixa Econômica Federal - Poupança (4029-0);82,81
09/2016;SALDO ATUAL;Aplicação CEF;4273,35
10/2016;SALDO ANTERIOR;CAIXA;17,98
10/2016;SALDO ANTERIOR;Caixa de Condomínio;17,98
10/2016;SALDO ANTERIOR;BANCOS;7437,51
10/2016;SALDO ANTERIOR;BANCOS/CONTAS/MOVIMENTO;3081,35
10/2016;SALDO ANTERIOR;Caixa Econômica Federal (C/C);3081,35
10/2016;SALDO ANTERIOR;BANCOS/CONTAS/APLICAÇÕES;4356,16
10/2016;SALDO ANTERIOR;Caixa Econômica Federal - Poupança (4029-0);82,81
10/2016;SALDO ANTERIOR;Aplicação CEF;4273,35
10/2016;RECEITAS;DE CONDOMÍNIO;8285,86
10/2016;RECEITAS;Taxa de Condomínio;5295,82
10/2016;RECEITAS;Garagem;974,08
10/2016;RECEITAS;Fundo de Reserva;626,97
10/2016;RECEITAS;Gás;587,37
10/2016;RECEITAS;Água;801,62
10/2016;RECEITAS;OUTRAS RECEITAS;465,70
10/2016;RECEITAS;Juros Poupança (4029-0);0,57
10/2016;RECEITAS;Pagamento de Taxa em duplicidade;437,18
10/2016;RECEITAS;Juros Aplicação;27,95
10/2016;DESPESAS;ENCARGOS SOCIAIS;743,72
10/2016;DESPESAS;INSS (S/folha pagto );272,80
10/2016;DESPESAS;INSS (S/notas fiscais);470,92
10/2016;DESPESAS;HONORÁRIOS;1207,48
10/2016;DESPESAS;Honorários Contábeis;425,48
10/2016;DESPESAS;Honorários Síndico;782,00
10/2016;DESPESAS;UTILIDADES/SERVIÇOS;1159,60
10/2016;DESPESAS;Fornecimento de Energia Elétrica;322,60
10/2016;DESPESAS;Fornecimento de Água;795,40
10/2016;DESPESAS;Material de Expediente;41,60
10/2016;DESPESAS;IMPOSTOS/TAXAS;165,68
10/2016;DESPESAS;ISS;165,68
10/2016;DESPESAS;/MANUTENÇÃO;2488,81
10/2016;DESPESAS;Manutenção do(s) Elevador(es);280,00
10/2016;DESPESAS;Manutenção do(s) Edifício(s);192,00
10/2016;DESPESAS;Manutenção do(s)Elevador(es)/Peças;616,81
10/2016;DESPESAS;Manutenção Estação Tratamento de Efluentes (ETE);1400,00
10/2016;DESPESAS;EMPRESAS PRESTADORAS DE SERVIÇOS;3644,49
10/2016;DESPESAS;Serviços de Limpeza e Jardinagem;3644,49
10/2016;DESPESAS;OUTRAS DESPESAS;1395,57
10/2016;DESPESAS;com Gás;1359,67
10/2016;DESPESAS;com Correio;11,90
10/2016;DESPESAS;com Água;24,00
10/2016;DESPESAS;FINANCEIRAS;187,75
10/2016;DESPESAS;Tarifa Bancária;54,30
10/2016;DESPESAS;Imposto de Renda (S/Aplicação);15,45
10/2016;DESPESAS;Tarifa Cobrança;118,00
10/2016;DESPESAS;ATRASOS/OUTROS;3,49
10/2016;DESPESAS;Multa/Juros;3,49
10/2016;SALDO ATUAL;CAIXA;17,98
10/2016;SALDO ATUAL;Caixa de Condomínio;17,98
10/2016;SALDO ATUAL;BANCOS;5192,48
10/2016;SALDO ATUAL;BANCOS/CONTAS/MOVIMENTO;2274,91
10/2016;SALDO ATUAL;Caixa Econômica Federal (C/C);2274,91
10/2016;SALDO ATUAL;BANCOS/CONTAS/APLICAÇÕES;2917,57
10/2016;SALDO ATUAL;Caixa Econômica Federal - Poupança (4029-0);83,38
10/2016;SALDO ATUAL;Aplicação CEF;2834,19
11/2016;SALDO ANTERIOR;CAIXA;17,98
11/2016;SALDO ANTERIOR;Caixa de Condomínio;17,98
11/2016;SALDO ANTERIOR;BANCOS;5192,48
11/2016;SALDO ANTERIOR;BANCOS/CONTAS/MOVIMENTO;2274,91
11/2016;SALDO ANTERIOR;Caixa Econômica Federal (C/C);2274,91
11/2016;SALDO ANTERIOR;BANCOS/CONTAS/APLICAÇÕES;2917,57
11/2016;SALDO ANTERIOR;Caixa Econômica Federal - Poupança (4029-0);83,38
11/2016;SALDO ANTERIOR;Aplicação CEF;2834,19
11/2016;RECEITAS;DE CONDOMÍNIO;8778,63
11/2016;RECEITAS;Taxa de Condomínio;5192,01
11/2016;RECEITAS;Garagem;938,83
11/2016;RECEITAS;Fundo de Reserva;613,06
11/2016;RECEITAS;Gás;560,10
11/2016;RECEITAS;Água;1474,63
11/2016;RECEITAS;OUTRAS RECEITAS;436,76
11/2016;RECEITAS;Juros Poupança (4029-0);0,58
11/2016;RECEITAS;Pagamento de Taxa em duplicidade;435,25
11/2016;RECEITAS;Juros Aplicação;0,93
11/2016;DESPESAS;ENCARGOS SOCIAIS;743,71
11/2016;DESPESAS;INSS (S/folha pagto );272,80
11/2016;DESPESAS;INSS (S/notas fiscais);470,91
11/2016;DESPESAS;HONORÁRIOS;1207,48
11/2016;DESPESAS;Honorários Contábeis;425,48
11/2016;DESPESAS;Honorários Síndico;782,00
11/2016;DESPESAS;UTILIDADES/SERVIÇOS;1135,57
11/2016;DESPESAS;Fornecimento de Energia Elétrica;321,97
11/2016;DESPESAS;Fornecimento de Água;795,40
11/2016;DESPESAS;Material de Expediente;18,20
11/2016;DESPESAS;IMPOSTOS/TAXAS;199,68
11/2016;DESPESAS;ISS;199,68
11/2016;DESPESAS;/MANUTENÇÃO;2077,06
11/2016;DESPESAS;Manutenção do(s) Elevador(es);280,00
11/2016;DESPESAS;Manutenção do(s) Edifício(s);280,25
11/2016;DESPESAS;Manutenção da(s) Piscina(s);450,00
11/2016;DESPESAS;Manutenção do(s)Elevador(es)/Peças;616,81
11/2016;DESPESAS;Manutenção Estação Tratamento de Efluentes (ETE);450,00
11/2016;DESPESAS;EMPRESAS PRESTADORAS DE SERVIÇOS;3644,49
11/2016;DESPESAS;Serviços de Limpeza e Jardinagem;3644,49
11/2016;DESPESAS;OUTRAS DESPESAS;11,90
11/2016;DESPESAS;com Correio;11,90
11/2016;DESPESAS;FINANCEIRAS;172,30
11/2016;DESPESAS;Tarifa Bancária;54,30
11/2016;DESPESAS;Tarifa Cobrança;118,00
11/2016;DESPESAS;ATRASOS/OUTROS;1,82
11/2016;DESPESAS;Multa/Juros;1,82
11/2016;SALDO ATUAL;CAIXA;17,98
11/2016;SALDO ATUAL;Caixa de Condomínio;17,98
11/2016;SALDO ATUAL;BANCOS;5213,86
11/2016;SALDO ATUAL;BANCOS/CONTAS/MOVIMENTO;2294,78
11/2016;SALDO ATUAL;Caixa Econômica Federal (C/C);2294,78
11/2016;SALDO ATUAL;BANCOS/CONTAS/APLICAÇÕES;2919,08
11/2016;SALDO ATUAL;Caixa Econômica Federal - Poupança (4029-0);83,96
11/2016;SALDO ATUAL;Aplicação CEF;2835,12
12/2016;SALDO ANTERIOR;CAIXA;17,98
12/2016;SALDO ANTERIOR;Caixa de Condomínio;17,98
12/2016;SALDO ANTERIOR;BANCOS;5213,86
12/2016;SALDO ANTERIOR;BANCOS/CONTAS/MOVIMENTO;2294,78
12/2016;SALDO ANTERIOR;Caixa Econômica Federal (C/C);2294,78
12/2016;SALDO ANTERIOR;BANCOS/CONTAS/APLICAÇÕES;2919,08
12/2016;SALDO ANTERIOR;Caixa Econômica Federal - Poupança (4029-0);83,96
12/2016;SALDO ANTERIOR;Aplicação CEF;2835,12
12/2016;RECEITAS;DE CONDOMÍNIO;8046,18
12/2016;RECEITAS;Taxa de Condomínio;5276,06
12/2016;RECEITAS;Garagem;955,46
12/2016;RECEITAS;Fundo de Reserva;623,12
12/2016;RECEITAS;Gás;337,90
12/2016;RECEITAS;Multas;27,16
12/2016;RECEITAS;Água;826,48
12/2016;RECEITAS;OUTRAS RECEITAS;11,76
12/2016;RECEITAS;Juros Poupança (4029-0);0,52
12/2016;RECEITAS;Juros Aplicação;11,24
12/2016;DESPESAS;ENCARGOS SOCIAIS;743,71
12/2016;DESPESAS;INSS (S/folha pagto );272,80
12/2016;DESPESAS;INSS (S/notas fiscais);470,91
12/2016;DESPESAS;HONORÁRIOS;1634,96
12/2016;DESPESAS;Honorários Contábeis;425,48
12/2016;DESPESAS;Honorários Síndico;784,00
12/2016;DESPESAS;Honorários Contábeis (13º);425,48
12/2016;DESPESAS;UTILIDADES/SERVIÇOS;1165,51
12/2016;DESPESAS;Fornecimento de Energia Elétrica;357,36
12/2016;DESPESAS;Fornecimento de Água;795,40
12/2016;DESPESAS;Material de Expediente;12,75
12/2016;DESPESAS;IMPOSTOS/TAXAS;179,68
12/2016;DESPESAS;ISS;179,68
12/2016;DESPESAS;/MANUTENÇÃO;730,00
12/2016;DESPESAS;Manutenção do(s) Elevador(es);280,00
12/2016;DESPESAS;Manutenção Estação Tratamento de Efluentes (ETE);450,00
12/2016;DESPESAS;EMPRESAS PRESTADORAS DE SERVIÇOS;3644,47
12/2016;DESPESAS;Serviços de Limpeza e Jardinagem;3644,47
12/2016;DESPESAS;OUTRAS DESPESAS;11,90
12/2016;DESPESAS;com Correio;11,90
12/2016;DESPESAS;FINANCEIRAS;176,38
12/2016;DESPESAS;Tarifa Bancária;54,30
12/2016;DESPESAS;Imposto de Renda (S/Aplicação);9,98
12/2016;DESPESAS;Tarifa Cobrança;112,10
12/2016;DESPESAS;ATRASOS/OUTROS;0,43
12/2016;DESPESAS;Multa/Juros;0,43
12/2016;SALDO ATUAL;CAIXA;17,98
12/2016;SALDO ATUAL;Caixa de Condomínio;17,98
12/2016;SALDO ATUAL;BANCOS;4984,76
12/2016;SALDO ATUAL;BANCOS/CONTAS/MOVIMENTO;4879,12
12/2016;SALDO ATUAL;Caixa Econômica Federal (C/C);4879,12
12/2016;SALDO ATUAL;BANCOS/CONTAS/APLICAÇÕES;105,64
12/2016;SALDO ATUAL;Caixa Econômica Federal - Poupança (4029-0);84,48
12/2016;SALDO ATUAL;Aplicação CEF;21,16
01/2017;SALDO ANTERIOR;CAIXA;17,98
01/2017;SALDO ANTERIOR;Caixa de Condomínio;17,98
01/2017;SALDO ANTERIOR;BANCOS;4984,76
01/2017;SALDO ANTERIOR;BANCOS/CONTAS/MOVIMENTO;4879,12
01/2017;SALDO ANTERIOR;Caixa Econômica Federal (C/C);4879,12
01/2017;SALDO ANTERIOR;BANCOS/CONTAS/APLICAÇÕES;105,64
01/2017;SALDO ANTERIOR;Caixa Econômica Federal - Poupança (4029-0);84,48
01/2017;SALDO ANTERIOR;Aplicação CEF;21,16
01/2017;RECEITAS;DE CONDOMÍNIO;8270,31
01/2017;RECEITAS;Taxa de Condomínio;5576,04
01/2017;RECEITAS;Garagem;994,94
01/2017;RECEITAS;Fundo de Reserva;657,07
01/2017;RECEITAS;Gás;308,51
01/2017;RECEITAS;Multas;10,38
01/2017;RECEITAS;Água;723,37
01/2017;RECEITAS;OUTRAS RECEITAS;0,81
01/2017;RECEITAS;Juros Poupança (4029-0);0,61
01/2017;RECEITAS;Juros Aplicação;0,20
01/2017;DESPESAS;ENCARGOS SOCIAIS;743,71
01/2017;DESPESAS;INSS (S/folha pagto );272,80
01/2017;DESPESAS;INSS (S/notas fiscais);470,91
01/2017;DESPESAS;HONORÁRIOS;1205,48
01/2017;DESPESAS;Honorários Contábeis;425,48
01/2017;DESPESAS;Honorários Síndico;780,00
01/2017;DESPESAS;UTILIDADES/SERVIÇOS;1259,12
01/2017;DESPESAS;Fornecimento de Energia Elétrica;394,08
01/2017;DESPESAS;Fornecimento de Água;795,40
01/2017;DESPESAS;Material de Expediente;69,64
01/2017;DESPESAS;IMPOSTOS/TAXAS;188,68
01/2017;DESPESAS;ISS;188,68
01/2017;DESPESAS;/MANUTENÇÃO;2139,96
01/2017;DESPESAS;Manutenção do(s) Elevador(es);280,00
01/2017;DESPESAS;Manutenção do(s) Edifício(s);1120,00
01/2017;DESPESAS;Manutencao de Bombas;180,00
01/2017;DESPESAS;Manutenção do(s)Elevador(es)/Peças;109,96
01/2017;DESPESAS;Manutenção Estação Tratamento de Efluentes (ETE);450,00
01/2017;DESPESAS;COM AQUISIÇÕES;463,00
01/2017;DESPESAS;Aquisição de Mola;463,00
01/2017;DESPESAS;SERVIÇOS PRESTADOS POR TERCEIROS;400,00
01/2017;DESPESAS;Serviços de Limpeza Caixa de Gordura;400,00
01/2017;DESPESAS;EMPRESAS PRESTADORAS DE SERVIÇOS;3644,48
01/2017;DESPESAS;Serviços de Limpeza e Jardinagem;3644,48
01/2017;DESPESAS;OUTRAS DESPESAS;2301,85
01/2017;DESPESAS;com Gás;1407,32
01/2017;DESPESAS;com Correio;22,10
01/2017;DESPESAS;Devolução Pagto Taxa em Duplicidade;872,43
01/2017;DESPESAS;FINANCEIRAS;165,20
01/2017;DESPESAS;Tarifa Bancária;59,00
01/2017;DESPESAS;Tarifa Cobrança;106,20
01/2017;DESPESAS;ATRASOS/OUTROS;0,42
01/2017;DESPESAS;Multa/Juros;0,42
01/2017;SALDO ATUAL;CAIXA;17,98
01/2017;SALDO ATUAL;Caixa de Condomínio;17,98
01/2017;SALDO ATUAL;BANCOS;743,98
01/2017;SALDO ATUAL;BANCOS/CONTAS/MOVIMENTO;637,53
01/2017;SALDO ATUAL;Caixa Econômica Federal (C/C);637,53
01/2017;SALDO ATUAL;BANCOS/CONTAS/APLICAÇÕES;106,45
01/2017;SALDO ATUAL;Caixa Econômica Federal - Poupança (4029-0);85,09
01/2017;SALDO ATUAL;Aplicação CEF;21,36
02/2017;SALDO ANTERIOR;CAIXA;17,98
02/2017;SALDO ANTERIOR;Caixa de Condomínio;17,98
02/2017;SALDO ANTERIOR;BANCOS;743,98
02/2017;SALDO ANTERIOR;BANCOS/CONTAS/MOVIMENTO;637,53
02/2017;SALDO ANTERIOR;Caixa Econômica Federal (C/C);637,53
02/2017;SALDO ANTERIOR;BANCOS/CONTAS/APLICAÇÕES;106,45
02/2017;SALDO ANTERIOR;Caixa Econômica Federal - Poupança (4029-0);85,09
02/2017;SALDO ANTERIOR;Aplicação CEF;21,36
02/2017;RECEITAS;DE CONDOMÍNIO;10130,88
02/2017;RECEITAS;Taxa de Condomínio;6356,67
02/2017;RECEITAS;Garagem;1160,14
02/2017;RECEITAS;Fundo de Reserva;751,66
02/2017;RECEITAS;Gás;584,97
02/2017;RECEITAS;Multas;10,20
02/2017;RECEITAS;Água;1267,24
02/2017;RECEITAS;OUTRAS RECEITAS;100,76
02/2017;RECEITAS;Juros Poupança (4029-0);0,59
02/2017;RECEITAS;Juros Aplicação;0,17
02/2017;RECEITAS;Salão de Festa - Uso;100,00
02/2017;DESPESAS;ENCARGOS SOCIAIS;761,38
02/2017;DESPESAS;INSS (S/folha pagto );290,47
02/2017;DESPESAS;INSS (S/notas fiscais);470,91
02/2017;DESPESAS;HONORÁRIOS;1255,48
02/2017;DESPESAS;Honorários Contábeis;425,48
02/2017;DESPESAS;Honorários Síndico;830,00
02/2017;DESPESAS;UTILIDADES/SERVIÇOS;865,25
02/2017;DESPESAS;Fornecimento de Água;795,40
02/2017;DESPESAS;Material de Expediente;69,85
02/2017;DESPESAS;IMPOSTOS/TAXAS;179,68
02/2017;DESPESAS;ISS;179,68
02/2017;DESPESAS;/MANUTENÇÃO;945,45
02/2017;DESPESAS;Manutenção do(s) Elevador(es);266,00
02/2017;DESPESAS;Manutenção do(s) Edifício(s);229,45
02/2017;DESPESAS;Manutenção Estação Tratamento de Efluentes (ETE);450,00
02/2017;DESPESAS;COM AQUISIÇÕES;463,00
02/2017;DESPESAS;Aquisição de Mola;463,00
02/2017;DESPESAS;EMPRESAS PRESTADORAS DE SERVIÇOS;3644,49
02/2017;DESPESAS;Serviços de Limpeza e Jardinagem;3644,49
02/2017;DESPESAS;OUTRAS DESPESAS;26,00
02/2017;DESPESAS;com Correio;26,00
02/2017;DESPESAS;FINANCEIRAS;161,25
02/2017;DESPESAS;Tarifa Bancária;43,25
02/2017;DESPESAS;Tarifa Cobrança;118,00
02/2017;DESPESAS;ATRASOS/OUTROS;0,85
02/2017;DESPESAS;Multa/Juros;0,85
02/2017;SALDO ATUAL;CAIXA;17,98
02/2017;SALDO ATUAL;Caixa de Condomínio;17,98
02/2017;SALDO ATUAL;BANCOS;2672,79
02/2017;SALDO ATUAL;BANCOS/CONTAS/MOVIMENTO;2565,58
02/2017;SALDO ATUAL;Caixa Econômica Federal (C/C);2565,58
02/2017;SALDO ATUAL;BANCOS/CONTAS/APLICAÇÕES;107,21
02/2017;SALDO ATUAL;Caixa Econômica Federal - Poupança (4029-0);85,68
02/2017;SALDO ATUAL;Aplicação CEF;21,53
03/2017;SALDO ANTERIOR;CAIXA;17,98
03/2017;SALDO ANTERIOR;Caixa de Condomínio;17,98
03/2017;SALDO ANTERIOR;BANCOS;2672,79
03/2017;SALDO ANTERIOR;BANCOS/CONTAS/MOVIMENTO;2565,58
03/2017;SALDO ANTERIOR;Caixa Econômica Federal (C/C);2565,58
03/2017;SALDO ANTERIOR;BANCOS/CONTAS/APLICAÇÕES;107,21
03/2017;SALDO ANTERIOR;Caixa Econômica Federal - Poupança (4029-0);85,68
03/2017;SALDO ANTERIOR;Aplicação CEF;21,53
03/2017;RECEITAS;DE CONDOMÍNIO;9876,19
03/2017;RECEITAS;Taxa de Condomínio;6220,17
03/2017;RECEITAS;Garagem;1122,44
03/2017;RECEITAS;Fundo de Reserva;734,23
03/2017;RECEITAS;Gás;609,47
03/2017;RECEITAS;Multas;17,66
03/2017;RECEITAS;Água;1172,22
03/2017;RECEITAS;OUTRAS RECEITAS;1,21
03/2017;RECEITAS;Juros Poupança (4029-0);1,01
03/2017;RECEITAS;Juros Aplicação;0,20
03/2017;DESPESAS;ENCARGOS SOCIAIS;761,38
03/2017;DESPESAS;INSS (S/folha pagto );290,47
03/2017;DESPESAS;INSS (S/notas fiscais);470,91
03/2017;DESPESAS;HONORÁRIOS;1259,48
03/2017;DESPESAS;Honorários Contábeis;425,48
03/2017;DESPESAS;Honorários Síndico;834,00
03/2017;DESPESAS;UTILIDADES/SERVIÇOS;1905,40
03/2017;DESPESAS;Fornecimento de Energia Elétrica;861,34
03/2017;DESPESAS;Fornecimento de Água;912,01
03/2017;DESPESAS;Material de Expediente;18,20
03/2017;DESPESAS;Material de Limpeza;113,85
03/2017;DESPESAS;IMPOSTOS/TAXAS;179,68
03/2017;DESPESAS;ISS;179,68
03/2017;DESPESAS;/MANUTENÇÃO;716,00
03/2017;DESPESAS;Manutenção do(s) Elevador(es);266,00
03/2017;DESPESAS;Manutenção Estação Tratamento de Efluentes (ETE);450,00
03/2017;DESPESAS;SERVIÇOS PRESTADOS POR TERCEIROS;200,00
03/2017;DESPESAS;Serviços Prestados;200,00
03/2017;DESPESAS;EMPRESAS PRESTADORAS DE SERVIÇOS;3884,29
03/2017;DESPESAS;Serviços de Limpeza e Jardinagem;3884,29
03/2017;DESPESAS;OUTRAS DESPESAS;59,90
03/2017;DESPESAS;com Correio;11,90
03/2017;DESPESAS;com Água;48,00
03/2017;DESPESAS;FINANCEIRAS;223,00
03/2017;DESPESAS;Tarifa Bancária;105,00
03/2017;DESPESAS;Tarifa Cobrança;118,00
03/2017;DESPESAS;ATRASOS/OUTROS;0,41
03/2017;DESPESAS;Multa/Juros;0,41
03/2017;SALDO ATUAL;CAIXA;17,98
03/2017;SALDO ATUAL;Caixa de Condomínio;17,98
03/2017;SALDO ATUAL;BANCOS;3360,65
03/2017;SALDO ATUAL;BANCOS/CONTAS/MOVIMENTO;3252,23
03/2017;SALDO ATUAL;Caixa Econômica Federal (C/C);3252,23
03/2017;SALDO ATUAL;BANCOS/CONTAS/APLICAÇÕES;108,42
03/2017;SALDO ATUAL;Caixa Econômica Federal - Poupança (4029-0);86,69
03/2017;SALDO ATUAL;Aplicação CEF;21,73
04/2017;SALDO ANTERIOR;CAIXA;17,98
04/2017;SALDO ANTERIOR;Caixa de Condomínio;17,98
04/2017;SALDO ANTERIOR;BANCOS;3360,10
04/2017;SALDO ANTERIOR;BANCOS/CONTAS/MOVIMENTO;3252,23
04/2017;SALDO ANTERIOR;Caixa Econômica Federal (C/C);3252,23
04/2017;SALDO ANTERIOR;BANCOS/CONTAS/APLICAÇÕES;107,87
04/2017;SALDO ANTERIOR;Caixa Econômica Federal - Poupança (4029-0);86,14
04/2017;SALDO ANTERIOR;Aplicação CEF;21,73
04/2017;RECEITAS;DE CONDOMÍNIO;8571,74
04/2017;RECEITAS;Taxa de Condomínio;5576,04
04/2017;RECEITAS;Garagem;997,88
04/2017;RECEITAS;Fundo de Reserva;657,37
04/2017;RECEITAS;Gás;507,71
04/2017;RECEITAS;Multas;8,14
04/2017;RECEITAS;Água;824,60
04/2017;RECEITAS;OUTRAS RECEITAS;0,70
04/2017;RECEITAS;Juros Poupança (4029-0);0,55
04/2017;RECEITAS;Juros Aplicação;0,15
04/2017;DESPESAS;ENCARGOS SOCIAIS;792,37
04/2017;DESPESAS;INSS (S/folha pagto );290,47
04/2017;DESPESAS;INSS (S/notas fiscais);501,90
04/2017;DESPESAS;HONORÁRIOS;1255,48
04/2017;DESPESAS;Honorários Contábeis;425,48
04/2017;DESPESAS;Honorários Síndico;830,00
04/2017;DESPESAS;UTILIDADES/SERVIÇOS;1182,21
04/2017;DESPESAS;Fornecimento de Energia Elétrica;365,61
04/2017;DESPESAS;Fornecimento de Água;795,40
04/2017;DESPESAS;Material de Expediente;21,20
04/2017;DESPESAS;IMPOSTOS/TAXAS;190,58
04/2017;DESPESAS;ISS;190,58
04/2017;DESPESAS;/MANUTENÇÃO;781,00
04/2017;DESPESAS;Manutenção do(s) Elevador(es);266,00
04/2017;DESPESAS;Manutenção do(s) Edifício(s);65,00
04/2017;DESPESAS;Manutenção Estação Tratamento de Efluentes (ETE);450,00
04/2017;DESPESAS;EMPRESAS PRESTADORAS DE SERVIÇOS;3867,86
04/2017;DESPESAS;Serviços de Limpeza e Jardinagem;3867,86
04/2017;DESPESAS;OUTRAS DESPESAS;1811,31
04/2017;DESPESAS;com Gás;1799,41
04/2017;DESPESAS;com Correio;11,90
04/2017;DESPESAS;FINANCEIRAS;178,70
04/2017;DESPESAS;Tarifa Bancária;72,50
04/2017;DESPESAS;Tarifa Cobrança;106,20
04/2017;DESPESAS;ATRASOS/OUTROS;52,33
04/2017;DESPESAS;Multa/Juros;52,33
04/2017;SALDO ATUAL;CAIXA;17,98
04/2017;SALDO ATUAL;Caixa de Condomínio;17,98
04/2017;SALDO ATUAL;BANCOS;1820,70
04/2017;SALDO ATUAL;BANCOS/CONTAS/MOVIMENTO;1712,13
04/2017;SALDO ATUAL;Caixa Econômica Federal (C/C);1712,13
04/2017;SALDO ATUAL;BANCOS/CONTAS/APLICAÇÕES;108,57
04/2017;SALDO ATUAL;Caixa Econômica Federal - Poupança (4029-0);86,69
04/2017;SALDO ATUAL;Aplicação CEF;21,88
05/2017;SALDO ANTERIOR;CAIXA;17,98
05/2017;SALDO ANTERIOR;Caixa de Condomínio;17,98
05/2017;SALDO ANTERIOR;BANCOS;1820,70
05/2017;SALDO ANTERIOR;BANCOS/CONTAS/MOVIMENTO;1712,13
05/2017;SALDO ANTERIOR;Caixa Econômica Federal (C/C);1712,13
05/2017;SALDO ANTERIOR;BANCOS/CONTAS/APLICAÇÕES;108,57
05/2017;SALDO ANTERIOR;Caixa Econômica Federal - Poupança (4029-0);86,69
05/2017;SALDO ANTERIOR;Aplicação CEF;21,88
05/2017;RECEITAS;DE CONDOMÍNIO;10625,22
05/2017;RECEITAS;Taxa de Condomínio;6734,60
05/2017;RECEITAS;Garagem;1247,72
05/2017;RECEITAS;Fundo de Reserva;798,21
05/2017;RECEITAS;Gás;794,44
05/2017;RECEITAS;Água;1050,25
05/2017;RECEITAS;OUTRAS RECEITAS;0,63
05/2017;RECEITAS;Juros Poupança (4029-0);0,45
05/2017;RECEITAS;Juros Aplicação;0,18
05/2017;DESPESAS;ENCARGOS SOCIAIS;792,37
05/2017;DESPESAS;INSS (S/folha pagto );290,47
05/2017;DESPESAS;INSS (S/notas fiscais);501,90
05/2017;DESPESAS;HONORÁRIOS;1259,48
05/2017;DESPESAS;Honorários Contábeis;425,48
05/2017;DESPESAS;Honorários Síndico;834,00
05/2017;DESPESAS;UTILIDADES/SERVIÇOS;1205,25
05/2017;DESPESAS;Fornecimento de Energia Elétrica;304,74
05/2017;DESPESAS;Fornecimento de Água;795,40
05/2017;DESPESAS;Material de Expediente;105,11
05/2017;DESPESAS;IMPOSTOS/TAXAS;207,00
05/2017;DESPESAS;ISS;207,00
05/2017;DESPESAS;/MANUTENÇÃO;1359,19
05/2017;DESPESAS;Manutenção do(s) Elevador(es);266,00
05/2017;DESPESAS;Manutenção do(s) Edifício(s);494,25
05/2017;DESPESAS;Manutenção do(s)Elevador(es)/Peças;148,94
05/2017;DESPESAS;Manutenção Estação Tratamento de Efluentes (ETE);450,00
05/2017;DESPESAS;EMPRESAS PRESTADORAS DE SERVIÇOS;3867,86
05/2017;DESPESAS;Serviços de Limpeza e Jardinagem;3867,86
05/2017;DESPESAS;OUTRAS DESPESAS;11,90
05/2017;DESPESAS;com Correio;11,90
05/2017;DESPESAS;FINANCEIRAS;191,76
05/2017;DESPESAS;Tarifa Bancária;67,70
05/2017;DESPESAS;Imposto de Renda (S/Aplicação);0,16
05/2017;DESPESAS;Tarifa Cobrança;123,90
05/2017;DESPESAS;ATRASOS/OUTROS;0,42
05/2017;DESPESAS;Multa/Juros;0,42
05/2017;SALDO ATUAL;CAIXA;17,98
05/2017;SALDO ATUAL;Caixa de Condomínio;17,98
05/2017;SALDO ATUAL;BANCOS;3551,32
05/2017;SALDO ATUAL;BANCOS/CONTAS/MOVIMENTO;3442,28
05/2017;SALDO ATUAL;Caixa Econômica Federal (C/C);3442,28
05/2017;SALDO ATUAL;BANCOS/CONTAS/APLICAÇÕES;109,04
05/2017;SALDO ATUAL;Caixa Econômica Federal - Poupança (4029-0);87,14
05/2017;SALDO ATUAL;Aplicação CEF;21,90
06/2017;SALDO ANTERIOR;CAIXA;17,98
06/2017;SALDO ANTERIOR;Caixa de Condomínio;17,98
06/2017;SALDO ANTERIOR;BANCOS;3551,32
06/2017;SALDO ANTERIOR;BANCOS/CONTAS/MOVIMENTO;3442,28
06/2017;SALDO ANTERIOR;Caixa Econômica Federal (C/C);3442,28
06/2017;SALDO ANTERIOR;BANCOS/CONTAS/APLICAÇÕES;109,04
06/2017;SALDO ANTERIOR;Caixa Econômica Federal - Poupança (4029-0);87,14
06/2017;SALDO ANTERIOR;Aplicação CEF;21,90
06/2017;RECEITAS;DE CONDOMÍNIO;9351,17
06/2017;RECEITAS;Taxa de Condomínio;5997,85
06/2017;RECEITAS;Garagem;1078,22
06/2017;RECEITAS;Fundo de Reserva;707,55
06/2017;RECEITAS;Gás;645,95
06/2017;RECEITAS;Multas;22,47
06/2017;RECEITAS;Água;899,13
06/2017;RECEITAS;OUTRAS RECEITAS;0,65
06/2017;RECEITAS;Juros Poupança (4029-0);0,49
06/2017;RECEITAS;Juros Aplicação;0,16
06/2017;DESPESAS;ENCARGOS SOCIAIS;792,37
06/2017;DESPESAS;INSS (S/folha pagto );290,47
06/2017;DESPESAS;INSS (S/notas fiscais);501,90
06/2017;DESPESAS;HONORÁRIOS;1259,48
06/2017;DESPESAS;Honorários Contábeis;425,48
06/2017;DESPESAS;Honorários Síndico;834,00
06/2017;DESPESAS;UTILIDADES/SERVIÇOS;1178,13
06/2017;DESPESAS;Fornecimento de Energia Elétrica;342,03
06/2017;DESPESAS;Fornecimento de Água;795,40
06/2017;DESPESAS;Material de Expediente;40,70
06/2017;DESPESAS;IMPOSTOS/TAXAS;207,00
06/2017;DESPESAS;ISS;207,00
06/2017;DESPESAS;/MANUTENÇÃO;812,75
06/2017;DESPESAS;Manutenção do(s) Elevador(es);266,00
06/2017;DESPESAS;Manutenção do(s) Edifício(s);96,75
06/2017;DESPESAS;Manutenção Estação Tratamento de Efluentes (ETE);450,00
06/2017;DESPESAS;EMPRESAS PRESTADORAS DE SERVIÇOS;3867,86
06/2017;DESPESAS;Serviços de Limpeza e Jardinagem;3867,86
06/2017;DESPESAS;OUTRAS DESPESAS;1117,64
06/2017;DESPESAS;com Gás;1043,24
06/2017;DESPESAS;com Correio;14,40
06/2017;DESPESAS;com Chaveiro;60,00
06/2017;DESPESAS;FINANCEIRAS;190,50
06/2017;DESPESAS;Tarifa Bancária;72,50
06/2017;DESPESAS;Tarifa Cobrança;118,00
06/2017;DESPESAS;ATRASOS/OUTROS;35,65
06/2017;DESPESAS;Multa/Juros;35,65
06/2017;SALDO ATUAL;CAIXA;17,98
06/2017;SALDO ATUAL;Caixa de Condomínio;17,98
06/2017;SALDO ATUAL;BANCOS;3441,76
06/2017;SALDO ATUAL;BANCOS/CONTAS/MOVIMENTO;3332,07
06/2017;SALDO ATUAL;Caixa Econômica Federal (C/C);3332,07
06/2017;SALDO ATUAL;BANCOS/CONTAS/APLICAÇÕES;109,69
06/2017;SALDO ATUAL;Caixa Econômica Federal - Poupança (4029-0);87,63
06/2017;SALDO ATUAL;Aplicação CEF;22,06
07/2017;SALDO ANTERIOR;CAIXA;17,98
07/2017;SALDO ANTERIOR;Caixa de Condomínio;17,98
07/2017;SALDO ANTERIOR;BANCOS;3441,76
07/2017;SALDO ANTERIOR;BANCOS/CONTAS/MOVIMENTO;3332,07
07/2017;SALDO ANTERIOR;Caixa Econômica Federal (C/C);3332,07
07/2017;SALDO ANTERIOR;BANCOS/CONTAS/APLICAÇÕES;109,69
07/2017;SALDO ANTERIOR;Caixa Econômica Federal - Poupança (4029-0);87,63
07/2017;SALDO ANTERIOR;Aplicação CEF;22,06
07/2017;RECEITAS;DE CONDOMÍNIO;8353,79
07/2017;RECEITAS;Taxa de Condomínio;5271,25
07/2017;RECEITAS;Garagem;956,90
07/2017;RECEITAS;Fundo de Reserva;622,80
07/2017;RECEITAS;Gás;724,84
07/2017;RECEITAS;Água;769,09
07/2017;RECEITAS;Juros;8,91
07/2017;RECEITAS;OUTRAS RECEITAS;0,66
07/2017;RECEITAS;Juros Poupança (4029-0);0,50
07/2017;RECEITAS;Juros Aplicação;0,16
07/2017;DESPESAS;ENCARGOS SOCIAIS;792,37
07/2017;DESPESAS;INSS (S/folha pagto );290,47
07/2017;DESPESAS;INSS (S/notas fiscais);501,90
07/2017;DESPESAS;HONORÁRIOS;1259,48
07/2017;DESPESAS;Honorários Contábeis;425,48
07/2017;DESPESAS;Honorários Síndico;834,00
07/2017;DESPESAS;UTILIDADES/SERVIÇOS;1198,15
07/2017;DESPESAS;Fornecimento de Energia Elétrica;358,36
07/2017;DESPESAS;Fornecimento de Água;795,40
07/2017;DESPESAS;Material de Expediente;44,39
07/2017;DESPESAS;IMPOSTOS/TAXAS;207,00
07/2017;DESPESAS;ISS;207,00
07/2017;DESPESAS;/MANUTENÇÃO;929,90
07/2017;DESPESAS;Manutenção do(s) Elevador(es);266,00
07/2017;DESPESAS;Manutenção do(s) Edifício(s);213,90
07/2017;DESPESAS;Manutenção Estação Tratamento de Efluentes (ETE);450,00
07/2017;DESPESAS;EMPRESAS PRESTADORAS DE SERVIÇOS;3867,86
07/2017;DESPESAS;Serviços de Limpeza e Jardinagem;3867,86
07/2017;DESPESAS;OUTRAS DESPESAS;1518,63
07/2017;DESPESAS;com Gás;1435,33
07/2017;DESPESAS;Desconto/Devolução;58,10
07/2017;DESPESAS;com Correio;25,20
07/2017;DESPESAS;FINANCEIRAS;209,30
07/2017;DESPESAS;Tarifa Bancária;109,00
07/2017;DESPESAS;Tarifa Cobrança;100,30
07/2017;DESPESAS;ATRASOS/OUTROS;0,42
07/2017;DESPESAS;Multa/Juros;0,42
07/2017;SALDO ATUAL;CAIXA;17,98
07/2017;SALDO ATUAL;Caixa de Condomínio;17,98
07/2017;SALDO ATUAL;BANCOS;1813,10
07/2017;SALDO ATUAL;BANCOS/CONTAS/MOVIMENTO;1702,75
07/2017;SALDO ATUAL;Caixa Econômica Federal (C/C);1702,75
07/2017;SALDO ATUAL;BANCOS/CONTAS/APLICAÇÕES;110,35
07/2017;SALDO ATUAL;Caixa Econômica Federal - Poupança (4029-0);88,13
07/2017;SALDO ATUAL;Aplicação CEF;22,22
08/2017;SALDO ANTERIOR;CAIXA;17,98
08/2017;SALDO ANTERIOR;Caixa de Condomínio;17,98
08/2017;SALDO ANTERIOR;BANCOS;1813,10
08/2017;SALDO ANTERIOR;BANCOS/CONTAS/MOVIMENTO;1702,75
08/2017;SALDO ANTERIOR;Caixa Econômica Federal (C/C);1702,75
08/2017;SALDO ANTERIOR;BANCOS/CONTAS/APLICAÇÕES;110,35
08/2017;SALDO ANTERIOR;Caixa Econômica Federal - Poupança (4029-0);88,13
08/2017;SALDO ANTERIOR;Aplicação CEF;22,22
08/2017;RECEITAS;DE CONDOMÍNIO;9611,90
08/2017;RECEITAS;Taxa de Condomínio;6280,93
08/2017;RECEITAS;Garagem;1148,37
08/2017;RECEITAS;Fundo de Reserva;742,92
08/2017;RECEITAS;Gás;579,45
08/2017;RECEITAS;Água;860,23
08/2017;RECEITAS;OUTRAS RECEITAS;101,02
08/2017;RECEITAS;Juros Poupança (4029-0);0,96
08/2017;RECEITAS;Juros Aplicação;0,06
08/2017;RECEITAS;Salão de Festa - Uso;100,00
08/2017;DESPESAS;ENCARGOS SOCIAIS;792,37
08/2017;DESPESAS;INSS (S/folha pagto );290,47
08/2017;DESPESAS;INSS (S/notas fiscais);501,90
08/2017;DESPESAS;HONORÁRIOS;1255,48
08/2017;DESPESAS;Honorários Contábeis;425,48
08/2017;DESPESAS;Honorários Síndico;830,00
08/2017;DESPESAS;UTILIDADES/SERVIÇOS;1249,16
08/2017;DESPESAS;Fornecimento de Energia Elétrica;329,56
08/2017;DESPESAS;Fornecimento de Água;795,40
08/2017;DESPESAS;Material de Expediente;20,60
08/2017;DESPESAS;Material de Limpeza;103,60
08/2017;DESPESAS;IMPOSTOS/TAXAS;207,00
08/2017;DESPESAS;ISS;207,00
08/2017;DESPESAS;/MANUTENÇÃO;882,75
08/2017;DESPESAS;Manutenção do(s) Elevador(es);271,25
08/2017;DESPESAS;Manutenção do(s) Edifício(s);161,50
08/2017;DESPESAS;Manutenção Estação Tratamento de Efluentes (ETE);450,00
08/2017;DESPESAS;EMPRESAS PRESTADORAS DE SERVIÇOS;3867,86
08/2017;DESPESAS;Serviços de Limpeza e Jardinagem;3867,86
08/2017;DESPESAS;OUTRAS DESPESAS;1182,85
08/2017;DESPESAS;com Gás;1096,85
08/2017;DESPESAS;com Correio;12,60
08/2017;DESPESAS;com Cartório;73,40
08/2017;DESPESAS;FINANCEIRAS;203,10
08/2017;DESPESAS;Tarifa Bancária;91,00
08/2017;DESPESAS;Tarifa Cobrança;112,10
08/2017;DESPESAS;ATRASOS/OUTROS;0,85
08/2017;DESPESAS;Multa/Juros;0,85
08/2017;SALDO ATUAL;CAIXA;17,98
08/2017;SALDO ATUAL;Caixa de Condomínio;17,98
08/2017;SALDO ATUAL;BANCOS;1884,60
08/2017;SALDO ATUAL;BANCOS/CONTAS/MOVIMENTO;1773,23
08/2017;SALDO ATUAL;Caixa Econômica Federal (C/C);1773,23
08/2017;SALDO ATUAL;BANCOS/CONTAS/APLICAÇÕES;111,37
08/2017;SALDO ATUAL;Caixa Econômica Federal - Poupança (4029-0);89,09
08/2017;SALDO ATUAL;Aplicação CEF;22,28
09/2017;SALDO ANTERIOR;CAIXA;17,98
09/2017;SALDO ANTERIOR;Caixa de Condomínio;17,98
09/2017;SALDO ANTERIOR;BANCOS;1884,16
09/2017;SALDO ANTERIOR;BANCOS/CONTAS/MOVIMENTO;1773,23
09/2017;SALDO ANTERIOR;Caixa Econômica Federal (C/C);1773,23
09/2017;SALDO ANTERIOR;BANCOS/CONTAS/APLICAÇÕES;110,93
09/2017;SALDO ANTERIOR;Caixa Econômica Federal - Poupança (4029-0);88,65
09/2017;SALDO ANTERIOR;Aplicação CEF;22,28
09/2017;RECEITAS;DE CONDOMÍNIO;8076,49
09/2017;RECEITAS;Taxa de Condomínio;5127,86
09/2017;RECEITAS;Garagem;917,91
09/2017;RECEITAS;Fundo de Reserva;604,56
09/2017;RECEITAS;Gás;678,50
09/2017;RECEITAS;Água;734,41
09/2017;RECEITAS;Juros;13,25
09/2017;RECEITAS;OUTRAS RECEITAS;50,65
09/2017;RECEITAS;Juros Poupança (4029-0);0,44
09/2017;RECEITAS;Juros Aplicação;0,21
09/2017;RECEITAS;Salão de Festa - Uso;50,00
09/2017;DESPESAS;ENCARGOS SOCIAIS;792,37
09/2017;DESPESAS;INSS (S/folha pagto );290,47
09/2017;DESPESAS;INSS (S/notas fiscais);501,90
09/2017;DESPESAS;HONORÁRIOS;1259,48
09/2017;DESPESAS;Honorários Contábeis;425,48
09/2017;DESPESAS;Honorários Síndico;834,00
09/2017;DESPESAS;UTILIDADES/SERVIÇOS;1221,78
09/2017;DESPESAS;Fornecimento de Energia Elétrica;370,15
09/2017;DESPESAS;Fornecimento de Água;795,40
09/2017;DESPESAS;Material de Expediente;56,23
09/2017;DESPESAS;IMPOSTOS/TAXAS;245,42
09/2017;DESPESAS;ISS;245,42
09/2017;DESPESAS;/MANUTENÇÃO;1158,35
09/2017;DESPESAS;Manutenção do(s) Elevador(es);271,25
09/2017;DESPESAS;Manutenção do(s) Edifício(s);437,10
09/2017;DESPESAS;Manutenção Estação Tratamento de Efluentes (ETE);450,00
09/2017;DESPESAS;SERVIÇOS PRESTADOS POR TERCEIROS;536,14
09/2017;DESPESAS;Serviços de Limpeza de Fossa;536,14
09/2017;DESPESAS;EMPRESAS PRESTADORAS DE SERVIÇOS;3867,86
09/2017;DESPESAS;Serviços de Limpeza e Jardinagem;3867,86
09/2017;DESPESAS;OUTRAS DESPESAS;78,20
09/2017;DESPESAS;com Correio;34,20
09/2017;DESPESAS;com Água;44,00
09/2017;DESPESAS;FINANCEIRAS;185,40
09/2017;DESPESAS;Tarifa Bancária;91,00
09/2017;DESPESAS;Tarifa Cobrança;94,40
09/2017;DESPESAS;ATRASOS/OUTROS;0,86
09/2017;DESPESAS;Multa/Juros;0,86
09/2017;SALDO ATUAL;CAIXA;17,98
09/2017;SALDO ATUAL;Caixa de Condomínio;17,98
09/2017;SALDO ATUAL;BANCOS;665,44
09/2017;SALDO ATUAL;BANCOS/CONTAS/MOVIMENTO;553,86
09/2017;SALDO ATUAL;Caixa Econômica Federal (C/C);553,86
09/2017;SALDO ATUAL;BANCOS/CONTAS/APLICAÇÕES;111,58
09/2017;SALDO ATUAL;Caixa Econômica Federal - Poupança (4029-0);89,09
09/2017;SALDO ATUAL;Aplicação CEF;22,49
10/2017;SALDO ANTERIOR;CAIXA;17,98
10/2017;SALDO ANTERIOR;Caixa de Condomínio;17,98
10/2017;SALDO ANTERIOR;BANCOS;665,44
10/2017;SALDO ANTERIOR;BANCOS/CONTAS/MOVIMENTO;553,86
10/2017;SALDO ANTERIOR;Caixa Econômica Federal (C/C);553,86
10/2017;SALDO ANTERIOR;BANCOS/CONTAS/APLICAÇÕES;111,58
10/2017;SALDO ANTERIOR;Caixa Econômica Federal - Poupança (4029-0);89,09
10/2017;SALDO ANTERIOR;Aplicação CEF;22,49
10/2017;RECEITAS;DE CONDOMÍNIO;12024,25
10/2017;RECEITAS;Taxa de Condomínio;7871,43
10/2017;RECEITAS;Garagem;1413,88
10/2017;RECEITAS;Fundo de Reserva;928,53
10/2017;RECEITAS;Gás;658,31
10/2017;RECEITAS;Água;1066,68
10/2017;RECEITAS;Juros;85,42
10/2017;RECEITAS;OUTRAS RECEITAS;0,57
10/2017;RECEITAS;Juros Poupança (4029-0);0,45
10/2017;RECEITAS;Juros Aplicação;0,12
10/2017;DESPESAS;ENCARGOS SOCIAIS;290,47
10/2017;DESPESAS;INSS (S/folha pagto );290,47
10/2017;DESPESAS;HONORÁRIOS;1283,04
10/2017;DESPESAS;Honorários Contábeis;453,04
10/2017;DESPESAS;Honorários Síndico;830,00
10/2017;DESPESAS;UTILIDADES/SERVIÇOS;1172,54
10/2017;DESPESAS;Fornecimento de Energia Elétrica;310,54
10/2017;DESPESAS;Fornecimento de Água;843,80
10/2017;DESPESAS;Material de Expediente;18,20
10/2017;DESPESAS;/MANUTENÇÃO;1066,38
10/2017;DESPESAS;Manutenção do(s) Elevador(es);271,25
10/2017;DESPESAS;Manutenção do(s)Elevador(es)/Peças;345,13
10/2017;DESPESAS;Manutenção Estação Tratamento de Efluentes (ETE);450,00
10/2017;DESPESAS;EMPRESAS PRESTADORAS DE SERVIÇOS;3867,86
10/2017;DESPESAS;Serviços de Limpeza e Jardinagem;3867,86
10/2017;DESPESAS;OUTRAS DESPESAS;12,60
10/2017;DESPESAS;com Correio;12,60
10/2017;DESPESAS;FINANCEIRAS;236,05
10/2017;DESPESAS;Tarifa Bancária;100,35
10/2017;DESPESAS;Tarifa Cobrança;135,70
10/2017;SALDO ATUAL;CAIXA;17,98
10/2017;SALDO ATUAL;Caixa de Condomínio;17,98
10/2017;SALDO ATUAL;BANCOS;4761,32
10/2017;SALDO ATUAL;BANCOS/CONTAS/MOVIMENTO;4649,17
10/2017;SALDO ATUAL;Caixa Econômica Federal (C/C);4649,17
10/2017;SALDO ATUAL;BANCOS/CONTAS/APLICAÇÕES;112,15
10/2017;SALDO ATUAL;Caixa Econômica Federal - Poupança (4029-0);89,54
10/2017;SALDO ATUAL;Aplicação CEF;22,61
11/2017;SALDO ANTERIOR;CAIXA;17,98
11/2017;SALDO ANTERIOR;Caixa de Condomínio;17,98
11/2017;SALDO ANTERIOR;BANCOS;4761,32
11/2017;SALDO ANTERIOR;BANCOS/CONTAS/MOVIMENTO;4649,17
11/2017;SALDO ANTERIOR;Caixa Econômica Federal (C/C);4649,17
11/2017;SALDO ANTERIOR;BANCOS/CONTAS/APLICAÇÕES;112,15
11/2017;SALDO ANTERIOR;Caixa Econômica Federal - Poupança (4029-0);89,54
11/2017;SALDO ANTERIOR;Aplicação CEF;22,61
11/2017;RECEITAS;DE CONDOMÍNIO;10073,21
11/2017;RECEITAS;Taxa de Condomínio;6689,77
11/2017;RECEITAS;Garagem;1204,76
11/2017;RECEITAS;Fundo de Reserva;789,44
11/2017;RECEITAS;Gás;489,47
11/2017;RECEITAS;Multas;10,73
11/2017;RECEITAS;Água;876,81
11/2017;RECEITAS;Juros;12,23
11/2017;RECEITAS;OUTRAS RECEITAS;1099,85
11/2017;RECEITAS;Juros Poupança (4029-0);0,42
11/2017;RECEITAS;Juros Aplicação;0,08
11/2017;RECEITAS;Rt Impermeabilização;1099,35
11/2017;DESPESAS;ENCARGOS SOCIAIS;290,47
11/2017;DESPESAS;INSS (S/folha pagto );290,47
11/2017;DESPESAS;HONORÁRIOS;1283,04
11/2017;DESPESAS;Honorários Contábeis;453,04
11/2017;DESPESAS;Honorários Síndico;830,00
11/2017;DESPESAS;UTILIDADES/SERVIÇOS;1280,22
11/2017;DESPESAS;Fornecimento de Energia Elétrica;369,79
11/2017;DESPESAS;Fornecimento de Água;843,80
11/2017;DESPESAS;Material de Expediente;66,63
11/2017;DESPESAS;IMPOSTOS/TAXAS;206,50
11/2017;DESPESAS;ISS;206,50
11/2017;DESPESAS;/MANUTENÇÃO;1066,37
11/2017;DESPESAS;Manutenção do(s) Elevador(es);271,25
11/2017;DESPESAS;Manutenção do(s)Elevador(es)/Peças;345,12
11/2017;DESPESAS;Manutenção Estação Tratamento de Efluentes (ETE);450,00
11/2017;DESPESAS;SERVIÇOS PRESTADOS POR TERCEIROS;3500,00
11/2017;DESPESAS;Serviços de Impermeabilização;3500,00
11/2017;DESPESAS;EMPRESAS PRESTADORAS DE SERVIÇOS;3867,86
11/2017;DESPESAS;Serviços de Limpeza e Jardinagem;3867,86
11/2017;DESPESAS;OUTRAS DESPESAS;1358,36
11/2017;DESPESAS;com Gás;1345,76
11/2017;DESPESAS;com Correio;12,60
11/2017;DESPESAS;FINANCEIRAS;267,28
11/2017;DESPESAS;Tarifa Bancária;149,15
11/2017;DESPESAS;Imposto de Renda (S/Aplicação);0,13
11/2017;DESPESAS;Tarifa Cobrança;118,00
11/2017;SALDO ATUAL;CAIXA;17,98
11/2017;SALDO ATUAL;Caixa de Condomínio;17,98
11/2017;SALDO ATUAL;BANCOS;2814,28
11/2017;SALDO ATUAL;BANCOS/CONTAS/MOVIMENTO;2709,53
11/2017;SALDO ATUAL;Caixa Econômica Federal (C/C);2709,53
11/2017;SALDO ATUAL;BANCOS/CONTAS/APLICAÇÕES;104,75
11/2017;SALDO ATUAL;Caixa Econômica Federal - Poupança (4029-0);89,96
11/2017;SALDO ATUAL;Aplicação CEF;14,79
12/2017;SALDO ANTERIOR;CAIXA;17,98
12/2017;SALDO ANTERIOR;Caixa de Condomínio;17,98
12/2017;SALDO ANTERIOR;BANCOS;2814,28
12/2017;SALDO ANTERIOR;BANCOS/CONTAS/MOVIMENTO;2709,53
12/2017;SALDO ANTERIOR;Caixa Econômica Federal (C/C);2709,53
12/2017;SALDO ANTERIOR;BANCOS/CONTAS/APLICAÇÕES;104,75
12/2017;SALDO ANTERIOR;Caixa Econômica Federal - Poupança (4029-0);89,96
12/2017;SALDO ANTERIOR;Aplicação CEF;14,79
12/2017;RECEITAS;DE CONDOMÍNIO;11371,43
12/2017;RECEITAS;Taxa de Condomínio;7605,07
12/2017;RECEITAS;Garagem;1361,85
12/2017;RECEITAS;Fundo de Reserva;896,66
12/2017;RECEITAS;Gás;418,64
12/2017;RECEITAS;Água;1051,20
12/2017;RECEITAS;Juros;38,01
12/2017;RECEITAS;OUTRAS RECEITAS;9521,79
12/2017;RECEITAS;Juros Poupança (4029-0);0,38
12/2017;RECEITAS;Juros Aplicação;19,71
12/2017;RECEITAS;Salão de Festa - Uso;100,00
12/2017;RECEITAS;Rt Impermeabilização;9401,70
12/2017;DESPESAS;ENCARGOS SOCIAIS;1796,17
12/2017;DESPESAS;INSS (S/folha pagto );290,47
12/2017;DESPESAS;INSS (S/notas fiscais);1505,70
12/2017;DESPESAS;HONORÁRIOS;1740,08
12/2017;DESPESAS;Honorários Contábeis;906,08
12/2017;DESPESAS;Honorários Síndico;834,00
12/2017;DESPESAS;UTILIDADES/SERVIÇOS;1246,43
12/2017;DESPESAS;Fornecimento de Energia Elétrica;375,73
12/2017;DESPESAS;Fornecimento de Água;843,80
12/2017;DESPESAS;Material de Expediente;26,90
12/2017;DESPESAS;IMPOSTOS/TAXAS;441,56
12/2017;DESPESAS;ISS;441,56
12/2017;DESPESAS;/MANUTENÇÃO;2066,27
12/2017;DESPESAS;Manutenção do(s) Elevador(es);271,25
12/2017;DESPESAS;Manutenção do(s) Edifício(s);549,90
12/2017;DESPESAS;Manutenção do(s)Elevador(es)/Peças;345,12
12/2017;DESPESAS;Manutenção Estação Tratamento de Efluentes (ETE);900,00
12/2017;DESPESAS;COM AQUISIÇÕES;1089,00
12/2017;DESPESAS;Aquisição de Vidro (Porta);1089,00
12/2017;DESPESAS;SERVIÇOS PRESTADOS POR TERCEIROS;7000,00
12/2017;DESPESAS;Serviços de Impermeabilização;7000,00
12/2017;DESPESAS;EMPRESAS PRESTADORAS DE SERVIÇOS;3867,86
12/2017;DESPESAS;Serviços de Limpeza e Jardinagem;3867,86
12/2017;DESPESAS;OUTRAS DESPESAS;24,05
12/2017;DESPESAS;com Correio;24,05
12/2017;DESPESAS;FINANCEIRAS;223,38
12/2017;DESPESAS;Tarifa Bancária;91,00
12/2017;DESPESAS;Imposto de Renda (S/Aplicação);0,87
12/2017;DESPESAS;IOF;7,61
12/2017;DESPESAS;Tarifa Cobrança;123,90
12/2017;DESPESAS;ATRASOS/OUTROS;159,66
12/2017;DESPESAS;Multa/Juros;159,66
12/2017;SALDO ATUAL;CAIXA;17,98
12/2017;SALDO ATUAL;Caixa de Condomínio;17,98
12/2017;SALDO ATUAL;BANCOS;4053,04
12/2017;SALDO ATUAL;BANCOS/CONTAS/MOVIMENTO;1335,49
12/2017;SALDO ATUAL;Caixa Econômica Federal (C/C);1335,49
12/2017;SALDO ATUAL;BANCOS/CONTAS/APLICAÇÕES;2717,55
12/2017;SALDO ATUAL;Caixa Econômica Federal - Poupança (4029-0);90,34
12/2017;SALDO ATUAL;Aplicação CEF;2627,21
01/2018;SALDO ANTERIOR;CAIXA;17,98
01/2018;SALDO ANTERIOR;Caixa de Condomínio;17,98
01/2018;SALDO ANTERIOR;BANCOS;4053,04
01/2018;SALDO ANTERIOR;BANCOS/CONTAS/MOVIMENTO;1335,49
01/2018;SALDO ANTERIOR;Caixa Econômica Federal (C/C);1335,49
01/2018;SALDO ANTERIOR;BANCOS/CONTAS/APLICAÇÕES;2717,55
01/2018;SALDO ANTERIOR;Caixa Econômica Federal - Poupança (4029-0);90,34
01/2018;SALDO ANTERIOR;Aplicação CEF;2627,21
01/2018;RECEITAS;DE CONDOMÍNIO;11651,24
01/2018;RECEITAS;Taxa de Condomínio;7627,12
01/2018;RECEITAS;Garagem;1355,99
01/2018;RECEITAS;Fundo de Reserva;898,28
01/2018;RECEITAS;Gás;626,19
01/2018;RECEITAS;Multas;12,05
01/2018;RECEITAS;Água;1088,99
01/2018;RECEITAS;Juros;42,62
01/2018;RECEITAS;OUTRAS RECEITAS;162,70
01/2018;RECEITAS;Juros Poupança (4029-0);0,39
01/2018;RECEITAS;Juros Aplicação;12,31
01/2018;RECEITAS;Salão de Festa - Uso;150,00
01/2018;DESPESAS;ENCARGOS SOCIAIS;792,37
01/2018;DESPESAS;INSS (S/folha pagto );290,47
01/2018;DESPESAS;INSS (S/notas fiscais);501,90
01/2018;DESPESAS;HONORÁRIOS;1287,04
01/2018;DESPESAS;Honorários Contábeis;453,04
01/2018;DESPESAS;Honorários Síndico;834,00
01/2018;DESPESAS;UTILIDADES/SERVIÇOS;1293,41
01/2018;DESPESAS;Fornecimento de Energia Elétrica;379,81
01/2018;DESPESAS;Fornecimento de Água;843,80
01/2018;DESPESAS;Material de Expediente;69,80
01/2018;DESPESAS;IMPOSTOS/TAXAS;220,78
01/2018;DESPESAS;ISS;220,78
01/2018;DESPESAS;/MANUTENÇÃO;590,81
01/2018;DESPESAS;Manutenção do(s) Elevador(es);271,25
01/2018;DESPESAS;Manutenção do(s) Edifício(s);96,00
01/2018;DESPESAS;Manutenção do(s)Elevador(es)/Peças;223,56
01/2018;DESPESAS;EMPRESAS PRESTADORAS DE SERVIÇOS;3867,86
01/2018;DESPESAS;Serviços de Limpeza e Jardinagem;3867,86
01/2018;DESPESAS;OUTRAS DESPESAS;1624,27
01/2018;DESPESAS;com Gás;1600,22
01/2018;DESPESAS;com Correio;24,05
01/2018;DESPESAS;FINANCEIRAS;219,70
01/2018;DESPESAS;Tarifa Bancária;95,80
01/2018;DESPESAS;Tarifa Cobrança;123,90
01/2018;DESPESAS;ATRASOS/OUTROS;0,86
01/2018;DESPESAS;Multa/Juros;0,86
01/2018;SALDO ATUAL;CAIXA;17,98
01/2018;SALDO ATUAL;Caixa de Condomínio;17,98
01/2018;SALDO ATUAL;BANCOS;5969,88
01/2018;SALDO ATUAL;BANCOS/CONTAS/MOVIMENTO;3239,63
01/2018;SALDO ATUAL;Caixa Econômica Federal (C/C);3239,63
01/2018;SALDO ATUAL;BANCOS/CONTAS/APLICAÇÕES;2730,25
01/2018;SALDO ATUAL;Caixa Econômica Federal - Poupança (4029-0);90,73
01/2018;SALDO ATUAL;Aplicação CEF;2639,52
02/2018;SALDO ANTERIOR;CAIXA;17,98
02/2018;SALDO ANTERIOR;Caixa de Condomínio;17,98
02/2018;SALDO ANTERIOR;BANCOS;5969,88
02/2018;SALDO ANTERIOR;BANCOS/CONTAS/MOVIMENTO;3239,63
02/2018;SALDO ANTERIOR;Caixa Econômica Federal (C/C);3239,63
02/2018;SALDO ANTERIOR;BANCOS/CONTAS/APLICAÇÕES;2730,25
02/2018;SALDO ANTERIOR;Caixa Econômica Federal - Poupança (4029-0);90,73
02/2018;SALDO ANTERIOR;Aplicação CEF;2639,52
02/2018;RECEITAS;DE CONDOMÍNIO;10937,51
02/2018;RECEITAS;Taxa de Condomínio;6962,29
02/2018;RECEITAS;Garagem;1258,75
02/2018;RECEITAS;Fundo de Reserva;822,08
02/2018;RECEITAS;Gás;800,81
02/2018;RECEITAS;Multas;23,51
02/2018;RECEITAS;Água;1045,38
02/2018;RECEITAS;Juros;24,69
02/2018;RECEITAS;OUTRAS RECEITAS;160,12
02/2018;RECEITAS;Juros Poupança (4029-0);0,36
02/2018;RECEITAS;Juros Aplicação;9,76
02/2018;RECEITAS;Salão de Festa - Uso;150,00
02/2018;DESPESAS;ENCARGOS SOCIAIS;792,37
02/2018;DESPESAS;INSS (S/folha pagto );290,47
02/2018;DESPESAS;INSS (S/notas fiscais);501,90
02/2018;DESPESAS;HONORÁRIOS;1287,04
02/2018;DESPESAS;Honorários Contábeis;453,04
02/2018;DESPESAS;Honorários Síndico;834,00
02/2018;DESPESAS;UTILIDADES/SERVIÇOS;1535,79
02/2018;DESPESAS;Fornecimento de Energia Elétrica;506,64
02/2018;DESPESAS;Fornecimento de Água;843,80
02/2018;DESPESAS;Material de Expediente;20,35
02/2018;DESPESAS;Material Elétrico;165,00
02/2018;DESPESAS;IMPOSTOS/TAXAS;207,28
02/2018;DESPESAS;ISS;207,28
02/2018;DESPESAS;/MANUTENÇÃO;1866,20
02/2018;DESPESAS;Manutenção do(s) Elevador(es);271,25
02/2018;DESPESAS;Manutenção do(s) Edifício(s);694,95
02/2018;DESPESAS;Manutenção Estação Tratamento de Efluentes (ETE);900,00
02/2018;DESPESAS;EMPRESAS PRESTADORAS DE SERVIÇOS;3872,42
02/2018;DESPESAS;Serviços de Limpeza e Jardinagem;3872,42
02/2018;DESPESAS;OUTRAS DESPESAS;11,10
02/2018;DESPESAS;com Correio;11,10
02/2018;DESPESAS;FINANCEIRAS;203,10
02/2018;DESPESAS;Tarifa Bancária;91,00
02/2018;DESPESAS;Tarifa Cobrança;112,10
02/2018;DESPESAS;ATRASOS/OUTROS;0,86
02/2018;DESPESAS;Multa/Juros;0,86
02/2018;SALDO ATUAL;CAIXA;17,98
02/2018;SALDO ATUAL;Caixa de Condomínio;17,98
02/2018;SALDO ATUAL;BANCOS;7291,35
02/2018;SALDO ATUAL;BANCOS/CONTAS/MOVIMENTO;4550,98
02/2018;SALDO ATUAL;Caixa Econômica Federal (C/C);4550,98
02/2018;SALDO ATUAL;BANCOS/CONTAS/APLICAÇÕES;2740,37
02/2018;SALDO ATUAL;Caixa Econômica Federal - Poupança (4029-0);91,09
02/2018;SALDO ATUAL;Aplicação CEF;2649,28
03/2018;SALDO ANTERIOR;CAIXA;17,98
03/2018;SALDO ANTERIOR;Caixa de Condomínio;17,98
03/2018;SALDO ANTERIOR;BANCOS;7291,35
03/2018;SALDO ANTERIOR;BANCOS/CONTAS/MOVIMENTO;4550,98
03/2018;SALDO ANTERIOR;Caixa Econômica Federal (C/C);4550,98
03/2018;SALDO ANTERIOR;BANCOS/CONTAS/APLICAÇÕES;2740,37
03/2018;SALDO ANTERIOR;Caixa Econômica Federal - Poupança (4029-0);91,09
03/2018;SALDO ANTERIOR;Aplicação CEF;2649,28
03/2018;RECEITAS;DE CONDOMÍNIO;11489,64
03/2018;RECEITAS;Taxa de Condomínio;7283,68
03/2018;RECEITAS;Garagem;1310,30
03/2018;RECEITAS;Fundo de Reserva;859,37
03/2018;RECEITAS;Gás;974,56
03/2018;RECEITAS;Água;1048,98
03/2018;RECEITAS;Juros;12,75
03/2018;RECEITAS;OUTRAS RECEITAS;61,58
03/2018;RECEITAS;Juros Poupança (4029-0);0,36
03/2018;RECEITAS;Juros Aplicação;11,22
03/2018;RECEITAS;Salão de Festa - Uso;50,00
03/2018;DESPESAS;ENCARGOS SOCIAIS;792,37
03/2018;DESPESAS;INSS (S/folha pagto );290,47
03/2018;DESPESAS;INSS (S/notas fiscais);501,90
03/2018;DESPESAS;HONORÁRIOS;1283,04
03/2018;DESPESAS;Honorários Contábeis;453,04
03/2018;DESPESAS;Honorários Síndico;830,00
03/2018;DESPESAS;UTILIDADES/SERVIÇOS;1275,08
03/2018;DESPESAS;Fornecimento de Energia Elétrica;410,93
03/2018;DESPESAS;Fornecimento de Água;843,80
03/2018;DESPESAS;Material de Expediente;20,35
03/2018;DESPESAS;IMPOSTOS/TAXAS;229,72
03/2018;DESPESAS;ISS;229,72
03/2018;DESPESAS;/MANUTENÇÃO;1042,85
03/2018;DESPESAS;Manutenção do(s) Elevador(es);271,25
03/2018;DESPESAS;Manutenção do(s)Elevador(es)/Peças;321,60
03/2018;DESPESAS;Manutenção Estação Tratamento de Efluentes (ETE);450,00
03/2018;DESPESAS;SERVIÇOS PRESTADOS POR TERCEIROS;820,00
03/2018;DESPESAS;Serviços Elétricos;820,00
03/2018;DESPESAS;EMPRESAS PRESTADORAS DE SERVIÇOS;4025,90
03/2018;DESPESAS;Serviços de Limpeza e Jardinagem;4025,90
03/2018;DESPESAS;OUTRAS DESPESAS;1160,43
03/2018;DESPESAS;com Gás;1149,33
03/2018;DESPESAS;com Correio;11,10
03/2018;DESPESAS;FINANCEIRAS;218,00
03/2018;DESPESAS;Tarifa Bancária;100,00
03/2018;DESPESAS;Tarifa Cobrança;118,00
03/2018;DESPESAS;ATRASOS/OUTROS;0,43
03/2018;DESPESAS;Multa/Juros;0,43
03/2018;SALDO ATUAL;CAIXA;47,98
03/2018;SALDO ATUAL;Caixa de Condomínio;47,98
03/2018;SALDO ATUAL;BANCOS;7964,75
03/2018;SALDO ATUAL;BANCOS/CONTAS/MOVIMENTO;5212,80
03/2018;SALDO ATUAL;Caixa Econômica Federal (C/C);5212,80
03/2018;SALDO ATUAL;BANCOS/CONTAS/APLICAÇÕES;2751,95
03/2018;SALDO ATUAL;Caixa Econômica Federal - Poupança (4029-0);91,45
03/2018;SALDO ATUAL;Aplicação CEF;2660,50
04/2018;SALDO ANTERIOR;CAIXA;47,98
04/2018;SALDO ANTERIOR;Caixa de Condomínio;47,98
04/2018;SALDO ANTERIOR;BANCOS;7964,75
04/2018;SALDO ANTERIOR;BANCOS/CONTAS/MOVIMENTO;5212,80
04/2018;SALDO ANTERIOR;Caixa Econômica Federal (C/C);5212,80
04/2018;SALDO ANTERIOR;BANCOS/CONTAS/APLICAÇÕES;2751,95
04/2018;SALDO ANTERIOR;Caixa Econômica Federal - Poupança (4029-0);91,45
04/2018;SALDO ANTERIOR;Aplicação CEF;2660,50
04/2018;RECEITAS;DE CONDOMÍNIO;9237,46
04/2018;RECEITAS;Taxa de Condomínio;6072,03
04/2018;RECEITAS;Garagem;1062,84
04/2018;RECEITAS;Fundo de Reserva;713,46
04/2018;RECEITAS;Gás;605,36
04/2018;RECEITAS;Água;769,88
04/2018;RECEITAS;Juros;13,89
04/2018;RECEITAS;OUTRAS RECEITAS;814,52
04/2018;RECEITAS;Juros Poupança (4029-0);0,35
04/2018;RECEITAS;Ressarcimentos;803,25
04/2018;RECEITAS;Juros Aplicação;10,92
04/2018;DESPESAS;ENCARGOS SOCIAIS;812,44
04/2018;DESPESAS;INSS (S/folha pagto );290,47
04/2018;DESPESAS;INSS (S/notas fiscais);521,97
04/2018;DESPESAS;HONORÁRIOS;1283,04
04/2018;DESPESAS;Honorários Contábeis;453,04
04/2018;DESPESAS;Honorários Síndico;830,00
04/2018;DESPESAS;UTILIDADES/SERVIÇOS;1205,83
04/2018;DESPESAS;Fornecimento de Energia Elétrica;341,68
04/2018;DESPESAS;Fornecimento de Água;843,80
04/2018;DESPESAS;Material de Expediente;20,35
04/2018;DESPESAS;IMPOSTOS/TAXAS;225,18
04/2018;DESPESAS;ISS;225,18
04/2018;DESPESAS;/MANUTENÇÃO;1993,90
04/2018;DESPESAS;Manutenção do(s) Elevador(es);271,25
04/2018;DESPESAS;Manutenção do(s) Edifício(s);278,10
04/2018;DESPESAS;Manutenção de Extintores;441,00
04/2018;DESPESAS;Manutenção do(s)Elevador(es)/Peças;553,55
04/2018;DESPESAS;Manutenção Estação Tratamento de Efluentes (ETE);450,00
04/2018;DESPESAS;EMPRESAS PRESTADORAS DE SERVIÇOS;4025,90
04/2018;DESPESAS;Serviços de Limpeza e Jardinagem;4025,90
04/2018;DESPESAS;OUTRAS DESPESAS;11,10
04/2018;DESPESAS;com Correio;11,10
04/2018;DESPESAS;FINANCEIRAS;191,30
04/2018;DESPESAS;Tarifa Bancária;91,00
04/2018;DESPESAS;Tarifa Cobrança;100,30
04/2018;DESPESAS;ATRASOS/OUTROS;0,86
04/2018;DESPESAS;Multa/Juros;0,86
04/2018;SALDO ATUAL;CAIXA;47,98
04/2018;SALDO ATUAL;Caixa de Condomínio;47,98
04/2018;SALDO ATUAL;BANCOS;8267,18
04/2018;SALDO ATUAL;BANCOS/CONTAS/MOVIMENTO;5503,96
04/2018;SALDO ATUAL;Caixa Econômica Federal (C/C);5503,96
04/2018;SALDO ATUAL;BANCOS/CONTAS/APLICAÇÕES;2763,22
04/2018;SALDO ATUAL;Caixa Econômica Federal - Poupança (4029-0);91,80
04/2018;SALDO ATUAL;Aplicação CEF;2671,42
05/2018;SALDO ANTERIOR;CAIXA;47,98
05/2018;SALDO ANTERIOR;Caixa de Condomínio;47,98
05/2018;SALDO ANTERIOR;BANCOS;8267,18
05/2018;SALDO ANTERIOR;BANCOS/CONTAS/MOVIMENTO;5503,96
05/2018;SALDO ANTERIOR;Caixa Econômica Federal (C/C);5503,96
05/2018;SALDO ANTERIOR;BANCOS/CONTAS/APLICAÇÕES;2763,22
05/2018;SALDO ANTERIOR;Caixa Econômica Federal - Poupança (4029-0);91,80
05/2018;SALDO ANTERIOR;Aplicação CEF;2671,42
05/2018;RECEITAS;DE CONDOMÍNIO;13466,01
05/2018;RECEITAS;Taxa de Condomínio;8634,54
05/2018;RECEITAS;Garagem;1605,02
05/2018;RECEITAS;Fundo de Reserva;1023,93
05/2018;RECEITAS;Gás;933,98
05/2018;RECEITAS;Água;1220,18
05/2018;RECEITAS;Juros;48,36
05/2018;RECEITAS;OUTRAS RECEITAS;11,02
05/2018;RECEITAS;Juros Poupança (4029-0);0,34
05/2018;RECEITAS;Juros Aplicação;10,68
05/2018;DESPESAS;ENCARGOS SOCIAIS;976,44
05/2018;DESPESAS;INSS (S/folha pagto );454,47
05/2018;DESPESAS;INSS (S/notas fiscais);521,97
05/2018;DESPESAS;HONORÁRIOS;1287,04
05/2018;DESPESAS;Honorários Contábeis;453,04
05/2018;DESPESAS;Honorários Síndico;834,00
05/2018;DESPESAS;UTILIDADES/SERVIÇOS;1258,37
05/2018;DESPESAS;Fornecimento de Energia Elétrica;362,15
05/2018;DESPESAS;Fornecimento de Água;843,80
05/2018;DESPESAS;Material de Expediente;52,42
05/2018;DESPESAS;IMPOSTOS/TAXAS;1056,57
05/2018;DESPESAS;PIS/COFINS/CSLL;488,25
05/2018;DESPESAS;ISS;568,32
05/2018;DESPESAS;/MANUTENÇÃO;1797,88
05/2018;DESPESAS;Manutenção do(s) Elevador(es);271,25
05/2018;DESPESAS;Manutenção de Extintores;441,00
05/2018;DESPESAS;Manutenção do(s)Elevador(es)/Peças;635,63
05/2018;DESPESAS;Manutenção Estação Tratamento de Efluentes (ETE);450,00
05/2018;DESPESAS;SERVIÇOS PRESTADOS POR TERCEIROS;1035,94
05/2018;DESPESAS;Serviços de Limpeza de Fossa;1035,94
05/2018;DESPESAS;EMPRESAS PRESTADORAS DE SERVIÇOS;4024,47
05/2018;DESPESAS;Serviços de Limpeza e Jardinagem;4024,47
05/2018;DESPESAS;OUTRAS DESPESAS;2031,11
05/2018;DESPESAS;com Gás;2010,76
05/2018;DESPESAS;com Correio;20,35
05/2018;DESPESAS;FINANCEIRAS;236,19
05/2018;DESPESAS;Tarifa Bancária;91,00
05/2018;DESPESAS;Imposto de Renda (S/Aplicação);9,49
05/2018;DESPESAS;Tarifa Cobrança;135,70
05/2018;DESPESAS;ATRASOS/OUTROS;1,27
05/2018;DESPESAS;Multa/Juros;1,27
05/2018;SALDO ATUAL;CAIXA;47,98
05/2018;SALDO ATUAL;Caixa de Condomínio;47,98
05/2018;SALDO ATUAL;BANCOS;8038,93
05/2018;SALDO ATUAL;BANCOS/CONTAS/MOVIMENTO;5274,18
05/2018;SALDO ATUAL;Caixa Econômica Federal (C/C);5274,18
05/2018;SALDO ATUAL;BANCOS/CONTAS/APLICAÇÕES;2764,75
05/2018;SALDO ATUAL;Caixa Econômica Federal - Poupança (4029-0);92,14
05/2018;SALDO ATUAL;Aplicação CEF;2672,61
06/2018;SALDO ANTERIOR;CAIXA;47,98
06/2018;SALDO ANTERIOR;Caixa de Condomínio;47,98
06/2018;SALDO ANTERIOR;BANCOS;8038,93
06/2018;SALDO ANTERIOR;BANCOS/CONTAS/MOVIMENTO;5274,18
06/2018;SALDO ANTERIOR;Caixa Econômica Federal (C/C);5274,18
06/2018;SALDO ANTERIOR;BANCOS/CONTAS/APLICAÇÕES;2764,75
06/2018;SALDO ANTERIOR;Caixa Econômica Federal - Poupança (4029-0);92,14
06/2018;SALDO ANTERIOR;Aplicação CEF;2672,61
06/2018;RECEITAS;DE CONDOMÍNIO;7694,82
06/2018;RECEITAS;Taxa de Condomínio;5157,70
06/2018;RECEITAS;Garagem;916,77
06/2018;RECEITAS;Fundo de Reserva;607,42
06/2018;RECEITAS;Gás;330,73
06/2018;RECEITAS;Multas;13,63
06/2018;RECEITAS;Água;668,57
06/2018;RECEITAS;OUTRAS RECEITAS;61,28
06/2018;RECEITAS;Juros Poupança (4029-0);0,34
06/2018;RECEITAS;Juros Aplicação;10,94
06/2018;RECEITAS;Salão de Festa - Uso;50,00
06/2018;DESPESAS;ENCARGOS SOCIAIS;812,44
06/2018;DESPESAS;INSS (S/folha pagto );290,47
06/2018;DESPESAS;INSS (S/notas fiscais);521,97
06/2018;DESPESAS;HONORÁRIOS;1283,04
06/2018;DESPESAS;Honorários Contábeis;453,04
06/2018;DESPESAS;Honorários Síndico;830,00
06/2018;DESPESAS;UTILIDADES/SERVIÇOS;1413,18
06/2018;DESPESAS;Fornecimento de Energia Elétrica;439,33
06/2018;DESPESAS;Fornecimento de Água;843,80
06/2018;DESPESAS;Material de Expediente;130,05
06/2018;DESPESAS;IMPOSTOS/TAXAS;270,67
06/2018;DESPESAS;ISS;270,67
06/2018;DESPESAS;/MANUTENÇÃO;1480,41
06/2018;DESPESAS;Manutenção do(s) Elevador(es);271,25
06/2018;DESPESAS;Manutenção do(s) Edifício(s);293,75
06/2018;DESPESAS;Manutenção do(s)Elevador(es)/Peças;499,84
06/2018;DESPESAS;Manutenção Estação Tratamento de Efluentes (ETE);415,57
06/2018;DESPESAS;EMPRESAS PRESTADORAS DE SERVIÇOS;4023,52
06/2018;DESPESAS;Serviços de Limpeza e Jardinagem;4023,52
06/2018;DESPESAS;OUTRAS DESPESAS;20,35
06/2018;DESPESAS;com Correio;20,35
06/2018;DESPESAS;FINANCEIRAS;181,90
06/2018;DESPESAS;Tarifa Bancária;91,00
06/2018;DESPESAS;Tarifa Cobrança;90,90
06/2018;DESPESAS;ATRASOS/OUTROS;0,86
06/2018;DESPESAS;Multa/Juros;0,86
06/2018;SALDO ATUAL;CAIXA;47,98
06/2018;SALDO ATUAL;Caixa de Condomínio;47,98
06/2018;SALDO ATUAL;BANCOS;6308,66
06/2018;SALDO ATUAL;BANCOS/CONTAS/MOVIMENTO;3532,63
06/2018;SALDO ATUAL;Caixa Econômica Federal (C/C);3532,63
06/2018;SALDO ATUAL;BANCOS/CONTAS/APLICAÇÕES;2776,03
06/2018;SALDO ATUAL;Caixa Econômica Federal - Poupança (4029-0);92,48
06/2018;SALDO ATUAL;Aplicação CEF;2683,55
07/2018;SALDO ANTERIOR;CAIXA;47,98
07/2018;SALDO ANTERIOR;Caixa de Condomínio;47,98
07/2018;SALDO ANTERIOR;BANCOS;6308,66
07/2018;SALDO ANTERIOR;BANCOS/CONTAS/MOVIMENTO;3532,63
07/2018;SALDO ANTERIOR;Caixa Econômica Federal (C/C);3532,63
07/2018;SALDO ANTERIOR;BANCOS/CONTAS/APLICAÇÕES;2776,03
07/2018;SALDO ANTERIOR;Caixa Econômica Federal - Poupança (4029-0);92,48
07/2018;SALDO ANTERIOR;Aplicação CEF;2683,55
07/2018;RECEITAS;DE CONDOMÍNIO;12403,44
07/2018;RECEITAS;Taxa de Condomínio;8481,59
07/2018;RECEITAS;Garagem;1519,69
07/2018;RECEITAS;Fundo de Reserva;1000,10
07/2018;RECEITAS;Gás;380,37
07/2018;RECEITAS;Multas;26,51
07/2018;RECEITAS;Água;970,37
07/2018;RECEITAS;Juros;24,81
07/2018;RECEITAS;OUTRAS RECEITAS;679,30
07/2018;RECEITAS;Juros Poupança (4029-0);0,34
07/2018;RECEITAS;Juros Aplicação;11,50
07/2018;RECEITAS;Rateio Pintura;667,46
07/2018;DESPESAS;ENCARGOS SOCIAIS;812,44
07/2018;DESPESAS;INSS (S/folha pagto );290,47
07/2018;DESPESAS;INSS (S/notas fiscais);521,97
07/2018;DESPESAS;HONORÁRIOS;1287,04
07/2018;DESPESAS;Honorários Contábeis;453,04
07/2018;DESPESAS;Honorários Síndico;834,00
07/2018;DESPESAS;UTILIDADES/SERVIÇOS;1290,16
07/2018;DESPESAS;Fornecimento de Energia Elétrica;385,95
07/2018;DESPESAS;Fornecimento de Água;843,80
07/2018;DESPESAS;Material de Expediente;60,41
07/2018;DESPESAS;IMPOSTOS/TAXAS;262,77
07/2018;DESPESAS;PIS/COFINS/CSLL;20,93
07/2018;DESPESAS;ISS;241,84
07/2018;DESPESAS;/MANUTENÇÃO;686,82
07/2018;DESPESAS;Manutenção do(s) Elevador(es);271,25
07/2018;DESPESAS;Manutenção Estação Tratamento de Efluentes (ETE);415,57
07/2018;DESPESAS;EMPRESAS PRESTADORAS DE SERVIÇOS;4022,58
07/2018;DESPESAS;Serviços de Limpeza e Jardinagem;4022,58
07/2018;DESPESAS;OUTRAS DESPESAS;2434,46
07/2018;DESPESAS;com Gás;2179,06
07/2018;DESPESAS;Bancárias;168,70
07/2018;DESPESAS;com Correio;11,10
07/2018;DESPESAS;com Cartório;75,60
07/2018;DESPESAS;FINANCEIRAS;91,00
07/2018;DESPESAS;Tarifa Bancária;91,00
07/2018;DESPESAS;ATRASOS/OUTROS;0,86
07/2018;DESPESAS;Multa/Juros;0,86
07/2018;SALDO ATUAL;CAIXA;47,98
07/2018;SALDO ATUAL;Caixa de Condomínio;47,98
07/2018;SALDO ATUAL;BANCOS;8503,27
07/2018;SALDO ATUAL;BANCOS/CONTAS/MOVIMENTO;5715,40
07/2018;SALDO ATUAL;Caixa Econômica Federal (C/C);5715,40
07/2018;SALDO ATUAL;BANCOS/CONTAS/APLICAÇÕES;2787,87
07/2018;SALDO ATUAL;Caixa Econômica Federal - Poupança (4029-0);92,82
07/2018;SALDO ATUAL;Aplicação CEF;2695,05
08/2018;SALDO ANTERIOR;CAIXA;47,98
08/2018;SALDO ANTERIOR;Caixa de Condomínio;47,98
08/2018;SALDO ANTERIOR;BANCOS;8503,27
08/2018;SALDO ANTERIOR;BANCOS/CONTAS/MOVIMENTO;5715,40
08/2018;SALDO ANTERIOR;Caixa Econômica Federal (C/C);5715,40
08/2018;SALDO ANTERIOR;BANCOS/CONTAS/APLICAÇÕES;2787,87
08/2018;SALDO ANTERIOR;Caixa Econômica Federal - Poupança (4029-0);92,82
08/2018;SALDO ANTERIOR;Aplicação CEF;2695,05
08/2018;RECEITAS;DE CONDOMÍNIO;10590,69
08/2018;RECEITAS;Taxa de Condomínio;6832,48
08/2018;RECEITAS;Garagem;1230,29
08/2018;RECEITAS;Fundo de Reserva;806,30
08/2018;RECEITAS;Gás;891,81
08/2018;RECEITAS;Multas;18,84
08/2018;RECEITAS;Água;794,21
08/2018;RECEITAS;Juros;16,76
08/2018;RECEITAS;OUTRAS RECEITAS;6299,83
08/2018;RECEITAS;Juros Poupança (4029-0);0,34
08/2018;RECEITAS;Receita à Identificar;906,33
08/2018;RECEITAS;Juros Aplicação;20,26
08/2018;RECEITAS;Rateio Pintura;5372,90
08/2018;DESPESAS;ENCARGOS SOCIAIS;812,44
08/2018;DESPESAS;INSS (S/folha pagto );290,47
08/2018;DESPESAS;INSS (S/notas fiscais);521,97
08/2018;DESPESAS;HONORÁRIOS;1287,04
08/2018;DESPESAS;Honorários Contábeis;453,04
08/2018;DESPESAS;Honorários Síndico;834,00
08/2018;DESPESAS;UTILIDADES/SERVIÇOS;1496,27
08/2018;DESPESAS;Fornecimento de Energia Elétrica;367,81
08/2018;DESPESAS;Fornecimento de Água;843,80
08/2018;DESPESAS;Material de Expediente;69,61
08/2018;DESPESAS;Certificado Digital;215,05
08/2018;DESPESAS;IMPOSTOS/TAXAS;250,30
08/2018;DESPESAS;PIS/COFINS/CSLL;20,92
08/2018;DESPESAS;ISS;229,38
08/2018;DESPESAS;/MANUTENÇÃO;703,69
08/2018;DESPESAS;Manutenção do(s) Elevador(es);288,12
08/2018;DESPESAS;Manutenção Estação Tratamento de Efluentes (ETE);415,57
08/2018;DESPESAS;EMPRESAS PRESTADORAS DE SERVIÇOS;4021,63
08/2018;DESPESAS;Serviços de Limpeza e Jardinagem;4021,63
08/2018;DESPESAS;OUTRAS DESPESAS;117,28
08/2018;DESPESAS;Desconto/Devolução;0,13
08/2018;DESPESAS;Bancárias;96,80
08/2018;DESPESAS;com Correio;20,35
08/2018;DESPESAS;FINANCEIRAS;91,00
08/2018;DESPESAS;Tarifa Bancária;91,00
08/2018;SALDO ATUAL;CAIXA;47,98
08/2018;SALDO ATUAL;Caixa de Condomínio;47,98
08/2018;SALDO ATUAL;BANCOS;16614,14
08/2018;SALDO ATUAL;BANCOS/CONTAS/MOVIMENTO;5,67
08/2018;SALDO ATUAL;Caixa Econômica Federal (C/C);5,67
08/2018;SALDO ATUAL;BANCOS/CONTAS/APLICAÇÕES;16608,47
08/2018;SALDO ATUAL;Caixa Econômica Federal - Poupança (4029-0);93,16
08/2018;SALDO ATUAL;Aplicação CEF;16515,31
09/2018;SALDO ANTERIOR;CAIXA;47,98
09/2018;SALDO ANTERIOR;Caixa de Condomínio;47,98
09/2018;SALDO ANTERIOR;BANCOS;16614,14
09/2018;SALDO ANTERIOR;BANCOS/CONTAS/MOVIMENTO;5,67
09/2018;SALDO ANTERIOR;Caixa Econômica Federal (C/C);5,67
09/2018;SALDO ANTERIOR;BANCOS/CONTAS/APLICAÇÕES;16608,47
09/2018;SALDO ANTERIOR;Caixa Econômica Federal - Poupança (4029-0);93,16
09/2018;SALDO ANTERIOR;Aplicação CEF;16515,31
09/2018;RECEITAS;DE CONDOMÍNIO;12053,55
09/2018;RECEITAS;Taxa de Condomínio;7565,12
09/2018;RECEITAS;Garagem;1376,36
09/2018;RECEITAS;Fundo de Reserva;894,17
09/2018;RECEITAS;Gás;1180,35
09/2018;RECEITAS;Multas;35,58
09/2018;RECEITAS;Água;888,10
09/2018;RECEITAS;Juros;113,87
09/2018;RECEITAS;OUTRAS RECEITAS;5941,00
09/2018;RECEITAS;Juros Poupança (4029-0);0,35
09/2018;RECEITAS;Juros Aplicação;68,33
09/2018;RECEITAS;Salão de Festa - Uso;50,00
09/2018;RECEITAS;Rateio Pintura;5822,32
09/2018;DESPESAS;ENCARGOS SOCIAIS;812,44
09/2018;DESPESAS;INSS (S/folha pagto );290,47
09/2018;DESPESAS;INSS (S/notas fiscais);521,97
09/2018;DESPESAS;HONORÁRIOS;1286,96
09/2018;DESPESAS;Honorários Contábeis;453,04
09/2018;DESPESAS;Honorários Síndico;833,92
09/2018;DESPESAS;UTILIDADES/SERVIÇOS;1438,06
09/2018;DESPESAS;Fornecimento de Energia Elétrica;482,41
09/2018;DESPESAS;Fornecimento de Água;843,80
09/2018;DESPESAS;Material de Expediente;21,85
09/2018;DESPESAS;Certificado Digital;90,00
09/2018;DESPESAS;IMPOSTOS/TAXAS;215,17
09/2018;DESPESAS;ISS;215,17
09/2018;DESPESAS;/MANUTENÇÃO;1286,52
09/2018;DESPESAS;Manutenção do(s) Elevador(es);288,12
09/2018;DESPESAS;Manutenção do(s) Edifício(s);559,20
09/2018;DESPESAS;Manutenção do(s)Elevador(es)/Peças;23,63
09/2018;DESPESAS;Manutenção Estação Tratamento de Efluentes (ETE);415,57
09/2018;DESPESAS;EMPRESAS PRESTADORAS DE SERVIÇOS;4020,68
09/2018;DESPESAS;Serviços de Limpeza e Jardinagem;4020,68
09/2018;DESPESAS;OUTRAS DESPESAS;123,16
09/2018;DESPESAS;Bancárias;112,06
09/2018;DESPESAS;com Correio;11,10
09/2018;DESPESAS;FINANCEIRAS;94,07
09/2018;DESPESAS;Tarifa Bancária;91,00
09/2018;DESPESAS;Imposto de Renda (S/Aplicação);3,07
09/2018;SALDO ATUAL;CAIXA;44,06
09/2018;SALDO ATUAL;Caixa de Condomínio;44,06
09/2018;SALDO ATUAL;BANCOS;25335,55
09/2018;SALDO ATUAL;BANCOS/CONTAS/APLICAÇÕES;25335,55
09/2018;SALDO ATUAL;Caixa Econômica Federal - Poupança (4029-0);93,51
09/2018;SALDO ATUAL;Aplicação CEF;25242,04
10/2018;SALDO ANTERIOR;CAIXA;44,06
10/2018;SALDO ANTERIOR;Caixa de Condomínio;44,06
10/2018;SALDO ANTERIOR;BANCOS;25335,55
10/2018;SALDO ANTERIOR;BANCOS/CONTAS/APLICAÇÕES;25335,55
10/2018;SALDO ANTERIOR;Caixa Econômica Federal - Poupança (4029-0);93,51
10/2018;SALDO ANTERIOR;Aplicação CEF;25242,04
10/2018;RECEITAS;DE CONDOMÍNIO;14705,05
10/2018;RECEITAS;Taxa de Condomínio;9394,51
10/2018;RECEITAS;Garagem;1707,00
10/2018;RECEITAS;Fundo de Reserva;1106,88
10/2018;RECEITAS;Gás;1224,34
10/2018;RECEITAS;Multas;17,71
10/2018;RECEITAS;Água;1254,61
10/2018;RECEITAS;OUTRAS RECEITAS;7840,14
10/2018;RECEITAS;Juros Poupança (4029-0);0,35
10/2018;RECEITAS;Juros Aplicação;106,24
10/2018;RECEITAS;Rateio Pintura;7733,55
10/2018;DESPESAS;ENCARGOS SOCIAIS;817,71
10/2018;DESPESAS;INSS (S/folha pagto );295,74
10/2018;DESPESAS;INSS (S/notas fiscais);521,97
10/2018;DESPESAS;HONORÁRIOS;1310,32
10/2018;DESPESAS;Honorários Contábeis;461,26
10/2018;DESPESAS;Honorários Síndico;849,06
10/2018;DESPESAS;UTILIDADES/SERVIÇOS;1457,80
10/2018;DESPESAS;Fornecimento de Energia Elétrica;411,91
10/2018;DESPESAS;Fornecimento de Água;880,80
10/2018;DESPESAS;Material de Expediente;61,44
10/2018;DESPESAS;Material de Limpeza;103,65
10/2018;DESPESAS;IMPOSTOS/TAXAS;273,14
10/2018;DESPESAS;PIS/COFINS/CSLL;41,86
10/2018;DESPESAS;ISS;231,28
10/2018;DESPESAS;/MANUTENÇÃO;703,69
10/2018;DESPESAS;Manutenção do(s) Elevador(es);288,12
10/2018;DESPESAS;Manutenção Estação Tratamento de Efluentes (ETE);415,57
10/2018;DESPESAS;EMPRESAS PRESTADORAS DE SERVIÇOS;4019,73
10/2018;DESPESAS;Serviços de Limpeza e Jardinagem;4019,73
10/2018;DESPESAS;OUTRAS DESPESAS;2858,63
10/2018;DESPESAS;com Gás;2415,45
10/2018;DESPESAS;Desconto/Devolução;269,64
10/2018;DESPESAS;Bancárias;162,44
10/2018;DESPESAS;com Correio;11,10
10/2018;DESPESAS;FINANCEIRAS;91,00
10/2018;DESPESAS;Tarifa Bancária;91,00
10/2018;DESPESAS;ATRASOS/OUTROS;2,39
10/2018;DESPESAS;Multa/Juros;2,39
10/2018;SALDO ATUAL;CAIXA;29,00
10/2018;SALDO ATUAL;Caixa de Condomínio;29,00
10/2018;SALDO ATUAL;BANCOS;36361,39
10/2018;SALDO ATUAL;BANCOS/CONTAS/MOVIMENTO;10919,25
10/2018;SALDO ATUAL;Caixa Econômica Federal (C/C);10919,25
10/2018;SALDO ATUAL;BANCOS/CONTAS/APLICAÇÕES;25442,14
10/2018;SALDO ATUAL;Caixa Econômica Federal - Poupança (4029-0);93,86
10/2018;SALDO ATUAL;Aplicação CEF;25348,28
11/2018;SALDO ANTERIOR;CAIXA;29,00
11/2018;SALDO ANTERIOR;Caixa de Condomínio;29,00
11/2018;SALDO ANTERIOR;BANCOS;36361,39
11/2018;SALDO ANTERIOR;BANCOS/CONTAS/MOVIMENTO;10919,25
11/2018;SALDO ANTERIOR;Caixa Econômica Federal (C/C);10919,25
11/2018;SALDO ANTERIOR;BANCOS/CONTAS/APLICAÇÕES;25442,14
11/2018;SALDO ANTERIOR;Caixa Econômica Federal - Poupança (4029-0);93,86
11/2018;SALDO ANTERIOR;Aplicação CEF;25348,28
11/2018;RECEITAS;DE CONDOMÍNIO;9657,24
11/2018;RECEITAS;Taxa de Condomínio;6198,86
11/2018;RECEITAS;Garagem;1128,56
11/2018;RECEITAS;Fundo de Reserva;729,31
11/2018;RECEITAS;Gás;751,85
11/2018;RECEITAS;Multas;53,19
11/2018;RECEITAS;Água;795,47
11/2018;RECEITAS;OUTRAS RECEITAS;5216,40
11/2018;RECEITAS;Juros Poupança (4029-0);0,35
11/2018;RECEITAS;Juros Aplicação;70,48
11/2018;RECEITAS;Salão de Festa - Uso;50,00
11/2018;RECEITAS;Rateio Pintura;5095,57
11/2018;DESPESAS;ENCARGOS SOCIAIS;817,71
11/2018;DESPESAS;INSS (S/folha pagto );295,74
11/2018;DESPESAS;INSS (S/notas fiscais);521,97
11/2018;DESPESAS;HONORÁRIOS;1310,32
11/2018;DESPESAS;Honorários Contábeis;461,26
11/2018;DESPESAS;Honorários Síndico;849,06
11/2018;DESPESAS;UTILIDADES/SERVIÇOS;2074,28
11/2018;DESPESAS;Fornecimento de Energia Elétrica;534,45
11/2018;DESPESAS;Fornecimento de Água;880,80
11/2018;DESPESAS;Material de Expediente;31,33
11/2018;DESPESAS;Material Elétrico;627,70
11/2018;DESPESAS;IMPOSTOS/TAXAS;268,32
11/2018;DESPESAS;PIS/COFINS/CSLL;20,93
11/2018;DESPESAS;ISS;247,39
11/2018;DESPESAS;/MANUTENÇÃO;1231,72
11/2018;DESPESAS;Manutenção do(s) Elevador(es);288,12
11/2018;DESPESAS;Manutenção do(s)Elevador(es)/Peças;528,03
11/2018;DESPESAS;Manutenção Estação Tratamento de Efluentes (ETE);415,57
11/2018;DESPESAS;COM MELHORIAS;24000,00
11/2018;DESPESAS;Serviços Prestados;24000,00
11/2018;DESPESAS;EMPRESAS PRESTADORAS DE SERVIÇOS;4018,03
11/2018;DESPESAS;Serviços de Limpeza e Jardinagem;4018,03
11/2018;DESPESAS;OUTRAS DESPESAS;115,15
11/2018;DESPESAS;Desconto/Devolução;4,13
11/2018;DESPESAS;Bancárias;99,92
11/2018;DESPESAS;com Correio;11,10
11/2018;DESPESAS;FINANCEIRAS;144,82
11/2018;DESPESAS;Tarifa Bancária;91,00
11/2018;DESPESAS;Imposto de Renda (S/Aplicação);53,82
11/2018;DESPESAS;ATRASOS/OUTROS;0,92
11/2018;DESPESAS;Multa/Juros;0,92
11/2018;SALDO ATUAL;CAIXA;29,94
11/2018;SALDO ATUAL;Caixa de Condomínio;29,94
11/2018;SALDO ATUAL;BANCOS;17252,82
11/2018;SALDO ATUAL;BANCOS/CONTAS/MOVIMENTO;4118,91
11/2018;SALDO ATUAL;Caixa Econômica Federal (C/C);4118,91
11/2018;SALDO ATUAL;BANCOS/CONTAS/APLICAÇÕES;13133,91
11/2018;SALDO ATUAL;Caixa Econômica Federal - Poupança (4029-0);94,21
11/2018;SALDO ATUAL;Aplicação CEF;13039,70
12/2018;SALDO ANTERIOR;CAIXA;29,94
12/2018;SALDO ANTERIOR;Caixa de Condomínio;29,94
12/2018;SALDO ANTERIOR;BANCOS;17252,82
12/2018;SALDO ANTERIOR;BANCOS/CONTAS/MOVIMENTO;4118,91
12/2018;SALDO ANTERIOR;Caixa Econômica Federal (C/C);4118,91
12/2018;SALDO ANTERIOR;BANCOS/CONTAS/APLICAÇÕES;13133,91
12/2018;SALDO ANTERIOR;Caixa Econômica Federal - Poupança (4029-0);94,21
12/2018;SALDO ANTERIOR;Aplicação CEF;13039,70
12/2018;RECEITAS;DE CONDOMÍNIO;9752,89
12/2018;RECEITAS;Taxa de Condomínio;6115,98
12/2018;RECEITAS;Garagem;1124,92
12/2018;RECEITAS;Fundo de Reserva;720,55
12/2018;RECEITAS;Gás;896,42
12/2018;RECEITAS;Multas;16,09
12/2018;RECEITAS;Água;878,93
12/2018;RECEITAS;OUTRAS RECEITAS;5062,97
12/2018;RECEITAS;Juros Poupança (4029-0);0,35
12/2018;RECEITAS;Juros Aplicação;28,25
12/2018;RECEITAS;Rateio Pintura;5034,37
12/2018;DESPESAS;ENCARGOS SOCIAIS;817,71
12/2018;DESPESAS;INSS (S/folha pagto );295,74
12/2018;DESPESAS;INSS (S/notas fiscais);521,97
12/2018;DESPESAS;HONORÁRIOS;1771,58
12/2018;DESPESAS;Honorários Contábeis;461,26
12/2018;DESPESAS;Honorários Síndico;849,06
12/2018;DESPESAS;Honorários Contábeis (13º);461,26
12/2018;DESPESAS;UTILIDADES/SERVIÇOS;1559,48
12/2018;DESPESAS;Fornecimento de Energia Elétrica;611,28
12/2018;DESPESAS;Fornecimento de Água;880,80
12/2018;DESPESAS;Material de Expediente;67,40
12/2018;DESPESAS;IMPOSTOS/TAXAS;254,59
12/2018;DESPESAS;PIS/COFINS/CSLL;20,93
12/2018;DESPESAS;ISS;233,66
12/2018;DESPESAS;/MANUTENÇÃO;703,69
12/2018;DESPESAS;Manutenção do(s) Elevador(es);288,12
12/2018;DESPESAS;Manutenção Estação Tratamento de Efluentes (ETE);415,57
12/2018;DESPESAS;COM MELHORIAS;15000,00
12/2018;DESPESAS;Serviços Prestados;15000,00
12/2018;DESPESAS;EMPRESAS PRESTADORAS DE SERVIÇOS;4017,83
12/2018;DESPESAS;Serviços de Limpeza e Jardinagem;4017,83
12/2018;DESPESAS;OUTRAS DESPESAS;99,92
12/2018;DESPESAS;Bancárias;99,92
12/2018;DESPESAS;FINANCEIRAS;101,57
12/2018;DESPESAS;Tarifa Bancária;91,00
12/2018;DESPESAS;Imposto de Renda (S/Aplicação);10,57
12/2018;SALDO ATUAL;CAIXA;30,88
12/2018;SALDO ATUAL;Caixa de Condomínio;30,88
12/2018;SALDO ATUAL;BANCOS;7741,37
12/2018;SALDO ATUAL;BANCOS/CONTAS/MOVIMENTO;4105,76
12/2018;SALDO ATUAL;Caixa Econômica Federal (C/C);4105,76
12/2018;SALDO ATUAL;BANCOS/CONTAS/APLICAÇÕES;3635,61
12/2018;SALDO ATUAL;Caixa Econômica Federal - Poupança (4029-0);94,56
12/2018;SALDO ATUAL;Aplicação CEF;3541,05
01/2019;SALDO ANTERIOR;CAIXA;30,88
01/2019;SALDO ANTERIOR;Caixa de Condomínio;30,88
01/2019;SALDO ANTERIOR;BANCOS;7741,37
01/2019;SALDO ANTERIOR;BANCOS/CONTAS/MOVIMENTO;4105,76
01/2019;SALDO ANTERIOR;Caixa Econômica Federal (C/C);4105,76
01/2019;SALDO ANTERIOR;BANCOS/CONTAS/APLICAÇÕES;3635,61
01/2019;SALDO ANTERIOR;Caixa Econômica Federal - Poupança (4029-0);94,56
01/2019;SALDO ANTERIOR;Aplicação CEF;3541,05
01/2019;RECEITAS;DE CONDOMÍNIO;9030,07
01/2019;RECEITAS;Taxa de Condomínio;5903,56
01/2019;RECEITAS;Garagem;1026,38
01/2019;RECEITAS;Fundo de Reserva;689,53
01/2019;RECEITAS;Gás;699,94
01/2019;RECEITAS;Água;710,66
01/2019;RECEITAS;OUTRAS RECEITAS;4832,69
01/2019;RECEITAS;Juros Poupança (4029-0);0,35
01/2019;RECEITAS;Juros Aplicação;14,71
01/2019;RECEITAS;Rateio Pintura;4817,63
01/2019;DESPESAS;ENCARGOS SOCIAIS;817,71
01/2019;DESPESAS;INSS (S/folha pagto );295,74
01/2019;DESPESAS;INSS (S/notas fiscais);521,97
01/2019;DESPESAS;HONORÁRIOS;1310,32
01/2019;DESPESAS;Honorários Contábeis;461,26
01/2019;DESPESAS;Honorários Síndico;849,06
01/2019;DESPESAS;UTILIDADES/SERVIÇOS;1411,31
01/2019;DESPESAS;Fornecimento de Energia Elétrica;508,06
01/2019;DESPESAS;Fornecimento de Água;880,80
01/2019;DESPESAS;Material de Expediente;22,45
01/2019;DESPESAS;IMPOSTOS/TAXAS;239,90
01/2019;DESPESAS;PIS/COFINS/CSLL;20,93
01/2019;DESPESAS;ISS;218,97
01/2019;DESPESAS;/MANUTENÇÃO;805,94
01/2019;DESPESAS;Manutenção do(s) Elevador(es);288,12
01/2019;DESPESAS;Manutenção do(s) Edifício(s);347,80
01/2019;DESPESAS;Manutenção do(s)Elevador(es)/Peças/Reparos;170,02
01/2019;DESPESAS;EMPRESAS PRESTADORAS DE SERVIÇOS;4016,88
01/2019;DESPESAS;Serviços de Limpeza e Jardinagem;4016,88
01/2019;DESPESAS;OUTRAS DESPESAS;3381,38
01/2019;DESPESAS;com Gás;3252,20
01/2019;DESPESAS;Bancárias;105,78
01/2019;DESPESAS;com Correio;23,40
01/2019;DESPESAS;FINANCEIRAS;152,85
01/2019;DESPESAS;Tarifa Bancária;152,85
01/2019;SALDO ATUAL;CAIXA;31,82
01/2019;SALDO ATUAL;Caixa de Condomínio;31,82
01/2019;SALDO ATUAL;BANCOS;9466,90
01/2019;SALDO ATUAL;BANCOS/CONTAS/MOVIMENTO;5816,23
01/2019;SALDO ATUAL;Caixa Econômica Federal (C/C);5816,23
01/2019;SALDO ATUAL;BANCOS/CONTAS/APLICAÇÕES;3650,67
01/2019;SALDO ATUAL;Caixa Econômica Federal - Poupança (4029-0);94,91
01/2019;SALDO ATUAL;Aplicação CEF;3555,76
02/2019;SALDO ANTERIOR;CAIXA;31,82
02/2019;SALDO ANTERIOR;Caixa de Condomínio;31,82
02/2019;SALDO ANTERIOR;BANCOS;9466,90
02/2019;SALDO ANTERIOR;BANCOS/CONTAS/MOVIMENTO;5816,23
02/2019;SALDO ANTERIOR;Caixa Econômica Federal (C/C);5816,23
02/2019;SALDO ANTERIOR;BANCOS/CONTAS/APLICAÇÕES;3650,67
02/2019;SALDO ANTERIOR;Caixa Econômica Federal - Poupança (4029-0);94,91
02/2019;SALDO ANTERIOR;Aplicação CEF;3555,76
02/2019;RECEITAS;DE CONDOMÍNIO;14988,13
02/2019;RECEITAS;Taxa de Condomínio;9054,69
02/2019;RECEITAS;Garagem;1637,66
02/2019;RECEITAS;Fundo de Reserva;1066,73
02/2019;RECEITAS;Gás;1229,23
02/2019;RECEITAS;Multas;140,91
02/2019;RECEITAS;Água;1717,78
02/2019;RECEITAS;Juros;141,13
02/2019;RECEITAS;OUTRAS RECEITAS;11597,57
02/2019;RECEITAS;Juros Poupança (4029-0);0,35
02/2019;RECEITAS;Receita à Identificar;4131,00
02/2019;RECEITAS;Juros Aplicação;13,17
02/2019;RECEITAS;Rateio Pintura;7453,05
02/2019;DESPESAS;ENCARGOS SOCIAIS;831,35
02/2019;DESPESAS;INSS (S/folha pagto );309,38
02/2019;DESPESAS;INSS (S/notas fiscais);521,97
02/2019;DESPESAS;HONORÁRIOS;1349,48
02/2019;DESPESAS;Honorários Contábeis;461,26
02/2019;DESPESAS;Honorários Síndico;888,22
02/2019;DESPESAS;UTILIDADES/SERVIÇOS;2004,14
02/2019;DESPESAS;Fornecimento de Energia Elétrica;517,09
02/2019;DESPESAS;Fornecimento de Água;1340,84
02/2019;DESPESAS;Material de Expediente;20,35
02/2019;DESPESAS;Material de Limpeza;125,86
02/2019;DESPESAS;IMPOSTOS/TAXAS;20,93
02/2019;DESPESAS;PIS/COFINS/CSLL;20,93
02/2019;DESPESAS;/MANUTENÇÃO;1919,96
02/2019;DESPESAS;Manutenção do(s) Elevador(es);288,12
02/2019;DESPESAS;Manutenção do(s) Edifício(s);800,70
02/2019;DESPESAS;Manutenção Estação Tratamento de Efluentes (ETE);831,14
02/2019;DESPESAS;COM MELHORIAS;15000,00
02/2019;DESPESAS;Serviços Prestados;15000,00
02/2019;DESPESAS;EMPRESAS PRESTADORAS DE SERVIÇOS;4015,46
02/2019;DESPESAS;Serviços de Limpeza e Jardinagem;4015,46
02/2019;DESPESAS;OUTRAS DESPESAS;118,24
02/2019;DESPESAS;Bancárias;106,54
02/2019;DESPESAS;com Correio;11,70
02/2019;DESPESAS;FINANCEIRAS;119,37
02/2019;DESPESAS;Tarifa Bancária;114,50
02/2019;DESPESAS;Imposto de Renda (S/Aplicação);4,87
02/2019;DESPESAS;ATRASOS/OUTROS;10,72
02/2019;DESPESAS;Multa/Juros;10,72
02/2019;SALDO ATUAL;CAIXA;88,60
02/2019;SALDO ATUAL;Caixa de Condomínio;88,60
02/2019;SALDO ATUAL;BANCOS;10606,17
02/2019;SALDO ATUAL;BANCOS/CONTAS/MOVIMENTO;8530,44
02/2019;SALDO ATUAL;Caixa Econômica Federal (C/C);8530,44
02/2019;SALDO ATUAL;BANCOS/CONTAS/APLICAÇÕES;2075,73
02/2019;SALDO ATUAL;Caixa Econômica Federal - Poupança (4029-0);95,26
02/2019;SALDO ATUAL;Aplicação CEF;1980,47
03/2019;SALDO ANTERIOR;CAIXA;88,60
03/2019;SALDO ANTERIOR;Caixa de Condomínio;88,60
03/2019;SALDO ANTERIOR;BANCOS;10606,17
03/2019;SALDO ANTERIOR;BANCOS/CONTAS/MOVIMENTO;8530,44
03/2019;SALDO ANTERIOR;Caixa Econômica Federal (C/C);8530,44
03/2019;SALDO ANTERIOR;BANCOS/CONTAS/APLICAÇÕES;2075,73
03/2019;SALDO ANTERIOR;Caixa Econômica Federal - Poupança (4029-0);95,26
03/2019;SALDO ANTERIOR;Aplicação CEF;1980,47
03/2019;RECEITAS;DE CONDOMÍNIO;11128,60
03/2019;RECEITAS;Taxa de Condomínio;7084,09
03/2019;RECEITAS;Garagem;1283,66
03/2019;RECEITAS;Fundo de Reserva;836,80
03/2019;RECEITAS;Gás;825,69
03/2019;RECEITAS;Multas;15,30
03/2019;RECEITAS;Água;1050,37
03/2019;RECEITAS;Tarifas Bancárias;4,90
03/2019;RECEITAS;Juros;27,79
03/2019;RECEITAS;OUTRAS RECEITAS;6687,80
03/2019;RECEITAS;Juros Poupança (4029-0);0,35
03/2019;RECEITAS;Receita à Identificar;833,54
03/2019;RECEITAS;Juros Aplicação;7,36
03/2019;RECEITAS;Rateio Pintura;5846,55
03/2019;DESPESAS;ENCARGOS SOCIAIS;831,35
03/2019;DESPESAS;INSS (S/folha pagto );309,38
03/2019;DESPESAS;INSS (S/notas fiscais);521,97
03/2019;DESPESAS;HONORÁRIOS;1349,48
03/2019;DESPESAS;Honorários Contábeis;461,26
03/2019;DESPESAS;Honorários Síndico;888,22
03/2019;DESPESAS;UTILIDADES/SERVIÇOS;1489,48
03/2019;DESPESAS;Fornecimento de Energia Elétrica;418,84
03/2019;DESPESAS;Fornecimento de Água;1050,29
03/2019;DESPESAS;Material de Expediente;20,35
03/2019;DESPESAS;IMPOSTOS/TAXAS;4638,67
03/2019;DESPESAS;PIS/COFINS/CSLL;2531,93
03/2019;DESPESAS;ISS;2106,74
03/2019;DESPESAS;/MANUTENÇÃO;1419,22
03/2019;DESPESAS;Manutenção do(s) Elevador(es);288,12
03/2019;DESPESAS;Manutenção do(s) Edifício(s);215,10
03/2019;DESPESAS;Manutenção do(s)Elevador(es)/Peças/Reparos;500,43
03/2019;DESPESAS;Manutenção Estação Tratamento de Efluentes (ETE);415,57
03/2019;DESPESAS;EMPRESAS PRESTADORAS DE SERVIÇOS;4234,79
03/2019;DESPESAS;Serviços de Limpeza e Jardinagem;4234,79
03/2019;DESPESAS;OUTRAS DESPESAS;11,70
03/2019;DESPESAS;com Correio;11,70
03/2019;DESPESAS;FINANCEIRAS;215,20
03/2019;DESPESAS;Tarifa Bancária;97,00
03/2019;DESPESAS;Tarifa Cobrança;108,94
03/2019;DESPESAS;Juros e Multas;9,26
03/2019;SALDO ATUAL;CAIXA;90,38
03/2019;SALDO ATUAL;Caixa de Condomínio;90,38
03/2019;SALDO ATUAL;BANCOS;14230,90
03/2019;SALDO ATUAL;BANCOS/CONTAS/MOVIMENTO;12147,46
03/2019;SALDO ATUAL;Caixa Econômica Federal (C/C);12147,46
03/2019;SALDO ATUAL;BANCOS/CONTAS/APLICAÇÕES;2083,44
03/2019;SALDO ATUAL;Caixa Econômica Federal - Poupança (4029-0);95,61
03/2019;SALDO ATUAL;Aplicação CEF;1987,83
04/2019;SALDO ANTERIOR;CAIXA;90,38
04/2019;SALDO ANTERIOR;Caixa de Condomínio;90,38
04/2019;SALDO ANTERIOR;BANCOS;14230,90
04/2019;SALDO ANTERIOR;BANCOS/CONTAS/MOVIMENTO;12147,46
04/2019;SALDO ANTERIOR;Caixa Econômica Federal (C/C);12147,46
04/2019;SALDO ANTERIOR;BANCOS/CONTAS/APLICAÇÕES;2083,44
04/2019;SALDO ANTERIOR;Caixa Econômica Federal - Poupança (4029-0);95,61
04/2019;SALDO ANTERIOR;Aplicação CEF;1987,83
04/2019;RECEITAS;DE CONDOMÍNIO;11981,12
04/2019;RECEITAS;Taxa de Condomínio;7700,89
04/2019;RECEITAS;Garagem;1389,50
04/2019;RECEITAS;Fundo de Reserva;909,06
04/2019;RECEITAS;Gás;820,06
04/2019;RECEITAS;Multas;31,12
04/2019;RECEITAS;Água;1099,27
04/2019;RECEITAS;Tarifas Bancárias;4,90
04/2019;RECEITAS;Juros;26,32
04/2019;RECEITAS;OUTRAS RECEITAS;285,19
04/2019;RECEITAS;Juros Poupança (4029-0);0,36
04/2019;RECEITAS;Juros Aplicação;8,15
04/2019;RECEITAS;Rateio Pintura;276,68
04/2019;DESPESAS;ENCARGOS SOCIAIS;860,06
04/2019;DESPESAS;INSS (S/folha pagto );309,38
04/2019;DESPESAS;INSS (S/notas fiscais);550,68
04/2019;DESPESAS;HONORÁRIOS;1349,48
04/2019;DESPESAS;Honorários Contábeis;461,26
04/2019;DESPESAS;Honorários Síndico;888,22
04/2019;DESPESAS;UTILIDADES/SERVIÇOS;1484,92
04/2019;DESPESAS;Fornecimento de Energia Elétrica;475,17
04/2019;DESPESAS;Fornecimento de Água;880,80
04/2019;DESPESAS;Material de Expediente;128,95
04/2019;DESPESAS;IMPOSTOS/TAXAS;249,44
04/2019;DESPESAS;ISS;249,44
04/2019;DESPESAS;/MANUTENÇÃO;4039,41
04/2019;DESPESAS;Manutenção do(s) Elevador(es);288,12
04/2019;DESPESAS;Manutenção do(s) Edifício(s);1620,00
04/2019;DESPESAS;Manutenção de Extintores;656,00
04/2019;DESPESAS;Manutenção do(s)Elevador(es)/Peças/Reparos;1059,72
04/2019;DESPESAS;Manutenção Estação Tratamento de Efluentes (ETE);415,57
04/2019;DESPESAS;SERVIÇOS PRESTADOS POR TERCEIROS;947,57
04/2019;DESPESAS;Serviços de Limpeza de Fossa;529,10
04/2019;DESPESAS;Serviços de Limpeza Caixa de Gordura;418,47
04/2019;DESPESAS;EMPRESAS PRESTADORAS DE SERVIÇOS;4234,29
04/2019;DESPESAS;Serviços de Limpeza e Jardinagem;4234,29
04/2019;DESPESAS;OUTRAS DESPESAS;2459,31
04/2019;DESPESAS;com Gás;2459,31
04/2019;DESPESAS;FINANCEIRAS;233,64
04/2019;DESPESAS;Tarifa Bancária;107,00
04/2019;DESPESAS;Tarifa Cobrança;126,64
04/2019;SALDO ATUAL;CAIXA;90,16
04/2019;SALDO ATUAL;Caixa de Condomínio;90,16
04/2019;SALDO ATUAL;BANCOS;10639,31
04/2019;SALDO ATUAL;BANCOS/CONTAS/MOVIMENTO;8547,36
04/2019;SALDO ATUAL;Caixa Econômica Federal (C/C);8547,36
04/2019;SALDO ATUAL;BANCOS/CONTAS/APLICAÇÕES;2091,95
04/2019;SALDO ATUAL;Caixa Econômica Federal - Poupança (4029-0);95,97
04/2019;SALDO ATUAL;Aplicação CEF;1995,98
05/2019;SALDO ANTERIOR;CAIXA;90,16
05/2019;SALDO ANTERIOR;Caixa de Condomínio;90,16
05/2019;SALDO ANTERIOR;BANCOS;10639,31
05/2019;SALDO ANTERIOR;BANCOS/CONTAS/MOVIMENTO;8547,36
05/2019;SALDO ANTERIOR;Caixa Econômica Federal (C/C);8547,36
05/2019;SALDO ANTERIOR;BANCOS/CONTAS/APLICAÇÕES;2091,95
05/2019;SALDO ANTERIOR;Caixa Econômica Federal - Poupança (4029-0);95,97
05/2019;SALDO ANTERIOR;Aplicação CEF;1995,98
05/2019;RECEITAS;DE CONDOMÍNIO;13464,62
05/2019;RECEITAS;Taxa de Condomínio;8222,80
05/2019;RECEITAS;Garagem;1496,24
05/2019;RECEITAS;Fundo de Reserva;971,93
05/2019;RECEITAS;Gás;1187,53
05/2019;RECEITAS;Multas;48,69
05/2019;RECEITAS;Água;1513,19
05/2019;RECEITAS;Tarifas Bancárias;4,90
05/2019;RECEITAS;Juros;19,34
05/2019;RECEITAS;OUTRAS RECEITAS;8,58
05/2019;RECEITAS;Juros Aplicação;8,58
05/2019;DESPESAS;ENCARGOS SOCIAIS;860,06
05/2019;DESPESAS;INSS (S/folha pagto );309,38
05/2019;DESPESAS;INSS (S/notas fiscais);550,68
05/2019;DESPESAS;HONORÁRIOS;1349,48
05/2019;DESPESAS;Honorários Contábeis;461,26
05/2019;DESPESAS;Honorários Síndico;888,22
05/2019;DESPESAS;UTILIDADES/SERVIÇOS;1410,31
05/2019;DESPESAS;Fornecimento de Energia Elétrica;479,61
05/2019;DESPESAS;Fornecimento de Água;880,80
05/2019;DESPESAS;Material de Expediente;49,90
05/2019;DESPESAS;IMPOSTOS/TAXAS;335,10
05/2019;DESPESAS;PIS/COFINS/CSLL;20,93
05/2019;DESPESAS;ISS;314,17
05/2019;DESPESAS;/MANUTENÇÃO;2146,34
05/2019;DESPESAS;Manutenção do(s) Edifício(s);1315,20
05/2019;DESPESAS;Manutenção Estação Tratamento de Efluentes (ETE);831,14
05/2019;DESPESAS;SERVIÇOS PRESTADOS POR TERCEIROS;12,50
05/2019;DESPESAS;Serviços Prestados;12,50
05/2019;DESPESAS;EMPRESAS PRESTADORAS DE SERVIÇOS;4233,29
05/2019;DESPESAS;Serviços de Limpeza e Jardinagem;4233,29
05/2019;DESPESAS;OUTRAS DESPESAS;23,40
05/2019;DESPESAS;com Correio;23,40
05/2019;DESPESAS;FINANCEIRAS;240,98
05/2019;DESPESAS;Tarifa Bancária;100,00
05/2019;DESPESAS;Imposto de Renda (S/Aplicação);7,24
05/2019;DESPESAS;Tarifa Cobrança;131,82
05/2019;DESPESAS;Juros e Multas;1,92
05/2019;SALDO ATUAL;CAIXA;81,94
05/2019;SALDO ATUAL;Caixa de Condomínio;81,94
05/2019;SALDO ATUAL;BANCOS;13509,27
05/2019;SALDO ATUAL;BANCOS/CONTAS/MOVIMENTO;11415,98
05/2019;SALDO ATUAL;Caixa Econômica Federal (C/C);11415,98
05/2019;SALDO ATUAL;BANCOS/CONTAS/APLICAÇÕES;2093,29
05/2019;SALDO ATUAL;Caixa Econômica Federal - Poupança (4029-0);95,97
05/2019;SALDO ATUAL;Aplicação CEF;1997,32
06/2019;SALDO ANTERIOR;CAIXA;81,94
06/2019;SALDO ANTERIOR;Caixa de Condomínio;81,94
06/2019;SALDO ANTERIOR;BANCOS;13509,27
06/2019;SALDO ANTERIOR;BANCOS/CONTAS/MOVIMENTO;11415,98
06/2019;SALDO ANTERIOR;Caixa Econômica Federal (C/C);11415,98
06/2019;SALDO ANTERIOR;BANCOS/CONTAS/APLICAÇÕES;2093,29
06/2019;SALDO ANTERIOR;Caixa Econômica Federal - Poupança (4029-0);95,97
06/2019;SALDO ANTERIOR;Aplicação CEF;1997,32
06/2019;RECEITAS;DE CONDOMÍNIO;11865,22
06/2019;RECEITAS;Taxa de Condomínio;7700,89
06/2019;RECEITAS;Garagem;1393,14
06/2019;RECEITAS;Fundo de Reserva;909,43
06/2019;RECEITAS;Gás;814,97
06/2019;RECEITAS;Multas;31,14
06/2019;RECEITAS;Água;1015,65
06/2019;RECEITAS;OUTRAS RECEITAS;8,12
06/2019;RECEITAS;Juros Poupança (4029-0);0,72
06/2019;RECEITAS;Juros Aplicação;7,40
06/2019;DESPESAS;ENCARGOS SOCIAIS;1542,06
06/2019;DESPESAS;INSS (S/folha pagto );991,38
06/2019;DESPESAS;INSS (S/notas fiscais);550,68
06/2019;DESPESAS;HONORÁRIOS;1349,48
06/2019;DESPESAS;Honorários Contábeis;461,26
06/2019;DESPESAS;Honorários Síndico;888,22
06/2019;DESPESAS;UTILIDADES/SERVIÇOS;1799,87
06/2019;DESPESAS;Fornecimento de Energia Elétrica;464,29
06/2019;DESPESAS;Fornecimento de Água;880,80
06/2019;DESPESAS;Material de Expediente;32,35
06/2019;DESPESAS;Material de Limpeza;80,23
06/2019;DESPESAS;Material Elétrico;342,20
06/2019;DESPESAS;IMPOSTOS/TAXAS;271,87
06/2019;DESPESAS;PIS/COFINS/CSLL;20,93
06/2019;DESPESAS;ISS;250,94
06/2019;DESPESAS;/MANUTENÇÃO;1320,62
06/2019;DESPESAS;Manutenção do(s) Elevador(es);288,12
06/2019;DESPESAS;Manutenção do(s) Edifício(s);600,00
06/2019;DESPESAS;Manutencao de Bombas;432,50
06/2019;DESPESAS;SERVIÇOS PRESTADOS POR TERCEIROS;250,00
06/2019;DESPESAS;Serviços Prestados;250,00
06/2019;DESPESAS;EMPRESAS PRESTADORAS DE SERVIÇOS;4232,29
06/2019;DESPESAS;Serviços de Limpeza e Jardinagem;4232,29
06/2019;DESPESAS;OUTRAS DESPESAS;129,70
06/2019;DESPESAS;Bancárias;118,00
06/2019;DESPESAS;com Correio;11,70
06/2019;DESPESAS;FINANCEIRAS;97,00
06/2019;DESPESAS;Tarifa Bancária;97,00
06/2019;SALDO ATUAL;CAIXA;81,72
06/2019;SALDO ATUAL;Caixa de Condomínio;81,72
06/2019;SALDO ATUAL;BANCOS;14389,94
06/2019;SALDO ATUAL;BANCOS/CONTAS/MOVIMENTO;12288,53
06/2019;SALDO ATUAL;Caixa Econômica Federal (C/C);12288,53
06/2019;SALDO ATUAL;BANCOS/CONTAS/APLICAÇÕES;2101,41
06/2019;SALDO ATUAL;Caixa Econômica Federal - Poupança (4029-0);96,69
06/2019;SALDO ATUAL;Aplicação CEF;2004,72
07/2019;SALDO ANTERIOR;CAIXA;81,72
07/2019;SALDO ANTERIOR;Caixa de Condomínio;81,72
07/2019;SALDO ANTERIOR;BANCOS;14389,94
07/2019;SALDO ANTERIOR;BANCOS/CONTAS/MOVIMENTO;12288,53
07/2019;SALDO ANTERIOR;Caixa Econômica Federal (C/C);12288,53
07/2019;SALDO ANTERIOR;BANCOS/CONTAS/APLICAÇÕES;2101,41
07/2019;SALDO ANTERIOR;Caixa Econômica Federal - Poupança (4029-0);96,69
07/2019;SALDO ANTERIOR;Aplicação CEF;2004,72
07/2019;RECEITAS;DE CONDOMÍNIO;11187,29
07/2019;RECEITAS;Taxa de Condomínio;7118,43
07/2019;RECEITAS;Garagem;1286,81
07/2019;RECEITAS;Fundo de Reserva;840,55
07/2019;RECEITAS;Gás;911,56
07/2019;RECEITAS;Multas;37,03
07/2019;RECEITAS;Água;992,91
07/2019;RECEITAS;OUTRAS RECEITAS;9,35
07/2019;RECEITAS;Juros Poupança (4029-0);0,36
07/2019;RECEITAS;Juros Aplicação;8,99
07/2019;DESPESAS;ENCARGOS SOCIAIS;550,68
07/2019;DESPESAS;INSS (S/notas fiscais);550,68
07/2019;DESPESAS;HONORÁRIOS;1349,48
07/2019;DESPESAS;Honorários Contábeis;461,26
07/2019;DESPESAS;Honorários Síndico;888,22
07/2019;DESPESAS;UTILIDADES/SERVIÇOS;1381,04
07/2019;DESPESAS;Fornecimento de Energia Elétrica;394,74
07/2019;DESPESAS;Fornecimento de Água;880,80
07/2019;DESPESAS;Material de Expediente;105,50
07/2019;DESPESAS;IMPOSTOS/TAXAS;257,71
07/2019;DESPESAS;PIS/COFINS/CSLL;20,93
07/2019;DESPESAS;ISS;236,78
07/2019;DESPESAS;/MANUTENÇÃO;746,92
07/2019;DESPESAS;Manutenção do(s) Edifício(s);331,35
07/2019;DESPESAS;Manutenção Estação Tratamento de Efluentes (ETE);415,57
07/2019;DESPESAS;COM AQUISIÇÕES;359,00
07/2019;DESPESAS;Aquisição de Eletrodomesticos;359,00
07/2019;DESPESAS;EMPRESAS PRESTADORAS DE SERVIÇOS;4232,29
07/2019;DESPESAS;Serviços de Limpeza e Jardinagem;4232,29
07/2019;DESPESAS;OUTRAS DESPESAS;3668,62
07/2019;DESPESAS;com Gás;2071,07
07/2019;DESPESAS;com Custas Judiciais;1465,10
07/2019;DESPESAS;Bancárias;111,00
07/2019;DESPESAS;com Correio;21,45
07/2019;DESPESAS;FINANCEIRAS;97,00
07/2019;DESPESAS;Tarifa Bancária;97,00
07/2019;SALDO ATUAL;CAIXA;81,50
07/2019;SALDO ATUAL;Caixa de Condomínio;81,50
07/2019;SALDO ATUAL;BANCOS;12944,06
07/2019;SALDO ATUAL;BANCOS/CONTAS/MOVIMENTO;10833,30
07/2019;SALDO ATUAL;Caixa Econômica Federal (C/C);10833,30
07/2019;SALDO ATUAL;BANCOS/CONTAS/APLICAÇÕES;2110,76
07/2019;SALDO ATUAL;Caixa Econômica Federal - Poupança (4029-0);97,05
07/2019;SALDO ATUAL;Aplicação CEF;2013,71
08/2019;SALDO ANTERIOR;CAIXA;81,50
08/2019;SALDO ANTERIOR;Caixa de Condomínio;81,50
08/2019;SALDO ANTERIOR;BANCOS;12944,06
08/2019;SALDO ANTERIOR;BANCOS/CONTAS/MOVIMENTO;10833,30
08/2019;SALDO ANTERIOR;Caixa Econômica Federal (C/C);10833,30
08/2019;SALDO ANTERIOR;BANCOS/CONTAS/APLICAÇÕES;2110,76
08/2019;SALDO ANTERIOR;Caixa Econômica Federal - Poupança (4029-0);97,05
08/2019;SALDO ANTERIOR;Aplicação CEF;2013,71
08/2019;RECEITAS;DE CONDOMÍNIO;18668,26
08/2019;RECEITAS;Taxa de Condomínio;14229,91
08/2019;RECEITAS;Garagem;1289,48
08/2019;RECEITAS;Fundo de Reserva;843,11
08/2019;RECEITAS;Gás;1130,34
08/2019;RECEITAS;Multas;34,25
08/2019;RECEITAS;Água;1141,17
08/2019;RECEITAS;OUTRAS RECEITAS;12,76
08/2019;RECEITAS;Juros Poupança (4029-0);0,36
08/2019;RECEITAS;Juros Aplicação;12,40
08/2019;DESPESAS;ENCARGOS SOCIAIS;860,06
08/2019;DESPESAS;INSS (S/folha pagto );309,38
08/2019;DESPESAS;INSS (S/notas fiscais);550,68
08/2019;DESPESAS;HONORÁRIOS;4893,60
08/2019;DESPESAS;Honorários Contábeis;461,26
08/2019;DESPESAS;Honorários Síndico;888,22
08/2019;DESPESAS;Honorários Advocaticios;3544,12
08/2019;DESPESAS;UTILIDADES/SERVIÇOS;1653,24
08/2019;DESPESAS;Fornecimento de Energia Elétrica;530,08
08/2019;DESPESAS;Fornecimento de Água;880,80
08/2019;DESPESAS;Material de Expediente;62,25
08/2019;DESPESAS;Material de Limpeza;180,11
08/2019;DESPESAS;IMPOSTOS/TAXAS;301,58
08/2019;DESPESAS;PIS/COFINS/CSLL;20,93
08/2019;DESPESAS;ISS;280,65
08/2019;DESPESAS;/MANUTENÇÃO;1656,29
08/2019;DESPESAS;Manutenção do(s) Elevador(es);308,07
08/2019;DESPESAS;Manutenção do(s) Edifício(s);932,65
08/2019;DESPESAS;Manutenção Estação Tratamento de Efluentes (ETE);415,57
08/2019;DESPESAS;EMPRESAS PRESTADORAS DE SERVIÇOS;4231,79
08/2019;DESPESAS;Serviços de Limpeza e Jardinagem;4231,79
08/2019;DESPESAS;OUTRAS DESPESAS;2043,49
08/2019;DESPESAS;com Gás;1914,17
08/2019;DESPESAS;Bancárias;117,62
08/2019;DESPESAS;com Correio;11,70
08/2019;DESPESAS;FINANCEIRAS;152,84
08/2019;DESPESAS;Tarifa Bancária;151,00
08/2019;DESPESAS;Imposto de Renda (S/Aplicação);0,18
08/2019;DESPESAS;Juros e Multas;1,66
08/2019;SALDO ATUAL;CAIXA;81,28
08/2019;SALDO ATUAL;Caixa de Condomínio;81,28
08/2019;SALDO ATUAL;BANCOS;15832,41
08/2019;SALDO ATUAL;BANCOS/CONTAS/MOVIMENTO;755,98
08/2019;SALDO ATUAL;Caixa Econômica Federal (C/C);755,98
08/2019;SALDO ATUAL;BANCOS/CONTAS/APLICAÇÕES;15076,43
08/2019;SALDO ATUAL;Caixa Econômica Federal - Poupança (4029-0);97,41
08/2019;SALDO ATUAL;Aplicação CEF;14979,02
09/2019;SALDO ANTERIOR;CAIXA;81,28
09/2019;SALDO ANTERIOR;Caixa de Condomínio;81,28
09/2019;SALDO ANTERIOR;BANCOS;15832,41
09/2019;SALDO ANTERIOR;BANCOS/CONTAS/MOVIMENTO;755,98
09/2019;SALDO ANTERIOR;Caixa Econômica Federal (C/C);755,98
09/2019;SALDO ANTERIOR;BANCOS/CONTAS/APLICAÇÕES;15076,43
09/2019;SALDO ANTERIOR;Caixa Econômica Federal - Poupança (4029-0);97,41
09/2019;SALDO ANTERIOR;Aplicação CEF;14979,02
09/2019;RECEITAS;DE CONDOMÍNIO;16137,22
09/2019;RECEITAS;Taxa de Condomínio;10723,66
09/2019;RECEITAS;Garagem;1396,02
09/2019;RECEITAS;Fundo de Reserva;936,31
09/2019;RECEITAS;Gás;995,27
09/2019;RECEITAS;Multas;578,95
09/2019;RECEITAS;Água;978,25
09/2019;RECEITAS;Juros;528,76
09/2019;RECEITAS;OUTRAS RECEITAS;667,11
09/2019;RECEITAS;Juros Poupança (4029-0);0,33
09/2019;RECEITAS;Juros Aplicação;53,50
09/2019;RECEITAS;Rateio Pintura;613,28
09/2019;DESPESAS;ENCARGOS SOCIAIS;860,06
09/2019;DESPESAS;INSS (S/folha pagto );309,38
09/2019;DESPESAS;INSS (S/notas fiscais);550,68
09/2019;DESPESAS;HONORÁRIOS;1349,48
09/2019;DESPESAS;Honorários Contábeis;461,26
09/2019;DESPESAS;Honorários Síndico;888,22
09/2019;DESPESAS;UTILIDADES/SERVIÇOS;1720,50
09/2019;DESPESAS;Fornecimento de Energia Elétrica;630,58
09/2019;DESPESAS;Fornecimento de Água;880,80
09/2019;DESPESAS;Material de Expediente;59,89
09/2019;DESPESAS;Material de Limpeza;149,23
09/2019;DESPESAS;IMPOSTOS/TAXAS;295,35
09/2019;DESPESAS;PIS/COFINS/CSLL;41,86
09/2019;DESPESAS;ISS;253,49
09/2019;DESPESAS;/MANUTENÇÃO;1101,64
09/2019;DESPESAS;Manutenção do(s) Elevador(es);308,07
09/2019;DESPESAS;Manutenção do(s) Edifício(s);378,00
09/2019;DESPESAS;Manutenção Estação Tratamento de Efluentes (ETE);415,57
09/2019;DESPESAS;EMPRESAS PRESTADORAS DE SERVIÇOS;4231,79
09/2019;DESPESAS;Serviços de Limpeza e Jardinagem;4231,79
09/2019;DESPESAS;OUTRAS DESPESAS;135,22
09/2019;DESPESAS;Bancárias;123,52
09/2019;DESPESAS;com Correio;11,70
09/2019;DESPESAS;FINANCEIRAS;104,06
09/2019;DESPESAS;Tarifa Bancária;97,00
09/2019;DESPESAS;Imposto de Renda (S/Aplicação);2,23
09/2019;DESPESAS;Juros e Multas;4,83
09/2019;SALDO ATUAL;CAIXA;83,06
09/2019;SALDO ATUAL;Caixa de Condomínio;83,06
09/2019;SALDO ATUAL;BANCOS;22836,86
09/2019;SALDO ATUAL;BANCOS/CONTAS/APLICAÇÕES;22836,86
09/2019;SALDO ATUAL;Caixa Econômica Federal - Poupança (4029-0);97,74
09/2019;SALDO ATUAL;Aplicação CEF;22739,12
10/2019;SALDO ANTERIOR;CAIXA;83,06
10/2019;SALDO ANTERIOR;Caixa de Condomínio;83,06
10/2019;SALDO ANTERIOR;BANCOS;22836,86
10/2019;SALDO ANTERIOR;BANCOS/CONTAS/APLICAÇÕES;22836,86
10/2019;SALDO ANTERIOR;Caixa Econômica Federal - Poupança (4029-0);97,74
10/2019;SALDO ANTERIOR;Aplicação CEF;22739,12
10/2019;RECEITAS;DE CONDOMÍNIO;16934,36
10/2019;RECEITAS;Taxa de Condomínio;11546,59
10/2019;RECEITAS;Garagem;1608,28
10/2019;RECEITAS;Fundo de Reserva;1039,83
10/2019;RECEITAS;Gás;1285,74
10/2019;RECEITAS;Multas;76,03
10/2019;RECEITAS;Água;1039,03
10/2019;RECEITAS;Juros;338,86
10/2019;RECEITAS;OUTRAS RECEITAS;77,72
10/2019;RECEITAS;Juros Poupança (4029-0);0,34
10/2019;RECEITAS;Juros Aplicação;77,38
10/2019;DESPESAS;ENCARGOS SOCIAIS;860,06
10/2019;DESPESAS;INSS (S/folha pagto );309,38
10/2019;DESPESAS;INSS (S/notas fiscais);550,68
10/2019;DESPESAS;HONORÁRIOS;4281,14
10/2019;DESPESAS;Honorários Contábeis;482,53
10/2019;DESPESAS;Honorários Síndico;888,22
10/2019;DESPESAS;Honorários de Cobrança;2910,39
10/2019;DESPESAS;UTILIDADES/SERVIÇOS;1407,55
10/2019;DESPESAS;Fornecimento de Energia Elétrica;448,70
10/2019;DESPESAS;Fornecimento de Água;880,80
10/2019;DESPESAS;Material de Expediente;78,05
10/2019;DESPESAS;IMPOSTOS/TAXAS;274,42
10/2019;DESPESAS;PIS/COFINS/CSLL;20,93
10/2019;DESPESAS;ISS;253,49
10/2019;DESPESAS;/MANUTENÇÃO;1722,10
10/2019;DESPESAS;Manutenção do(s) Elevador(es);308,07
10/2019;DESPESAS;Manutenção do(s) Edifício(s);308,25
10/2019;DESPESAS;Manutenção do(s)Elevador(es)/Peças/Reparos;690,20
10/2019;DESPESAS;Manutenção Estação Tratamento de Efluentes (ETE);415,58
10/2019;DESPESAS;SERVIÇOS PRESTADOS POR TERCEIROS;530,00
10/2019;DESPESAS;Serviços Elétricos;530,00
10/2019;DESPESAS;EMPRESAS PRESTADORAS DE SERVIÇOS;4232,29
10/2019;DESPESAS;Serviços de Limpeza e Jardinagem;4232,29
10/2019;DESPESAS;OUTRAS DESPESAS;1605,96
10/2019;DESPESAS;com Gás;1373,43
10/2019;DESPESAS;Bancárias;129,42
10/2019;DESPESAS;com Correio;9,75
10/2019;DESPESAS;com Cartório;93,36
10/2019;DESPESAS;FINANCEIRAS;135,94
10/2019;DESPESAS;Tarifa Bancária;131,00
10/2019;DESPESAS;Imposto de Renda (S/Aplicação);4,94
10/2019;SALDO ATUAL;CAIXA;91,48
10/2019;SALDO ATUAL;Caixa de Condomínio;91,48
10/2019;SALDO ATUAL;BANCOS;24791,06
10/2019;SALDO ATUAL;BANCOS/CONTAS/MOVIMENTO;3357,40
10/2019;SALDO ATUAL;Caixa Econômica Federal (C/C);3357,40
10/2019;SALDO ATUAL;BANCOS/CONTAS/APLICAÇÕES;21433,66
10/2019;SALDO ATUAL;Caixa Econômica Federal - Poupança (4029-0);98,08
10/2019;SALDO ATUAL;Aplicação CEF;21335,58
11/2019;SALDO ANTERIOR;CAIXA;91,48
11/2019;SALDO ANTERIOR;Caixa de Condomínio;91,48
11/2019;SALDO ANTERIOR;BANCOS;22633,90
11/2019;SALDO ANTERIOR;BANCOS/CONTAS/MOVIMENTO;1200,24
11/2019;SALDO ANTERIOR;Caixa Econômica Federal (C/C);1200,24
11/2019;SALDO ANTERIOR;BANCOS/CONTAS/APLICAÇÕES;21433,66
11/2019;SALDO ANTERIOR;Caixa Econômica Federal - Poupança (4029-0);98,08
11/2019;SALDO ANTERIOR;Aplicação CEF;21335,58
11/2019;RECEITAS;DE CONDOMÍNIO;16687,95
11/2019;RECEITAS;Taxa de Condomínio;11181,85
11/2019;RECEITAS;Garagem;1453,66
11/2019;RECEITAS;Fundo de Reserva;987,88
11/2019;RECEITAS;Gás;1166,36
11/2019;RECEITAS;Multas;506,36
11/2019;RECEITAS;Água;1391,84
11/2019;RECEITAS;OUTRAS RECEITAS;394,10
11/2019;RECEITAS;Juros Poupança (4029-0);0,31
11/2019;RECEITAS;Juros Aplicação;58,47
11/2019;RECEITAS;Rateio Pintura;335,32
11/2019;DESPESAS;ENCARGOS SOCIAIS;860,06
11/2019;DESPESAS;INSS (S/folha pagto );309,38
11/2019;DESPESAS;INSS (S/notas fiscais);550,68
11/2019;DESPESAS;HONORÁRIOS;1370,75
11/2019;DESPESAS;Honorários Contábeis;482,53
11/2019;DESPESAS;Honorários Síndico;888,22
11/2019;DESPESAS;UTILIDADES/SERVIÇOS;1345,15
11/2019;DESPESAS;Fornecimento de Energia Elétrica;392,30
11/2019;DESPESAS;Fornecimento de Água;880,80
11/2019;DESPESAS;Material de Expediente;72,05
11/2019;DESPESAS;IMPOSTOS/TAXAS;273,92
11/2019;DESPESAS;PIS/COFINS/CSLL;20,93
11/2019;DESPESAS;ISS;252,99
11/2019;DESPESAS;/MANUTENÇÃO;1434,49
11/2019;DESPESAS;Manutenção do(s) Elevador(es);308,07
11/2019;DESPESAS;Manutenção do(s) Edifício(s);710,85
11/2019;DESPESAS;Manutenção Estação Tratamento de Efluentes (ETE);415,57
11/2019;DESPESAS;SERVIÇOS PRESTADOS POR TERCEIROS;1310,00
11/2019;DESPESAS;Serviços Prestados;1310,00
11/2019;DESPESAS;EMPRESAS PRESTADORAS DE SERVIÇOS;4232,79
11/2019;DESPESAS;Serviços de Limpeza e Jardinagem;4232,79
11/2019;DESPESAS;OUTRAS DESPESAS;137,22
11/2019;DESPESAS;Bancárias;129,42
11/2019;DESPESAS;com Correio;7,80
11/2019;DESPESAS;FINANCEIRAS;127,37
11/2019;DESPESAS;Tarifa Bancária;99,50
11/2019;DESPESAS;Imposto de Renda (S/Aplicação);27,87
11/2019;SALDO ATUAL;CAIXA;91,26
11/2019;SALDO ATUAL;Caixa de Condomínio;91,26
11/2019;SALDO ATUAL;BANCOS;28624,42
11/2019;SALDO ATUAL;BANCOS/CONTAS/MOVIMENTO;7162,85
11/2019;SALDO ATUAL;Caixa Econômica Federal (C/C);7162,85
11/2019;SALDO ATUAL;BANCOS/CONTAS/APLICAÇÕES;21461,57
11/2019;SALDO ATUAL;Caixa Econômica Federal - Poupança (4029-0);95,39
11/2019;SALDO ATUAL;Aplicação CEF;21366,18
12/2019;SALDO ANTERIOR;CAIXA;91,26
12/2019;SALDO ANTERIOR;Caixa de Condomínio;91,26
12/2019;SALDO ANTERIOR;BANCOS;28624,42
12/2019;SALDO ANTERIOR;BANCOS/CONTAS/MOVIMENTO;7162,85
12/2019;SALDO ANTERIOR;Caixa Econômica Federal (C/C);7162,85
12/2019;SALDO ANTERIOR;BANCOS/CONTAS/APLICAÇÕES;21461,57
12/2019;SALDO ANTERIOR;Caixa Econômica Federal - Poupança (4029-0);95,39
12/2019;SALDO ANTERIOR;Aplicação CEF;21366,18
12/2019;RECEITAS;DE CONDOMÍNIO;13775,79
12/2019;RECEITAS;Taxa de Condomínio;9500,40
12/2019;RECEITAS;Garagem;1277,11
12/2019;RECEITAS;Fundo de Reserva;802,10
12/2019;RECEITAS;Gás;1181,28
12/2019;RECEITAS;Multas;26,39
12/2019;RECEITAS;Água;988,51
12/2019;RECEITAS;OUTRAS RECEITAS;57,31
12/2019;RECEITAS;Juros Poupança (4029-0);0,27
12/2019;RECEITAS;Juros Aplicação;57,04
12/2019;DESPESAS;ENCARGOS SOCIAIS;860,06
12/2019;DESPESAS;INSS (S/folha pagto );309,38
12/2019;DESPESAS;INSS (S/notas fiscais);550,68
12/2019;DESPESAS;HONORÁRIOS;1853,28
12/2019;DESPESAS;Honorários Contábeis;482,53
12/2019;DESPESAS;Honorários Síndico;888,22
12/2019;DESPESAS;Honorários Contábeis (13º);482,53
12/2019;DESPESAS;UTILIDADES/SERVIÇOS;1508,06
12/2019;DESPESAS;Fornecimento de Energia Elétrica;405,63
12/2019;DESPESAS;Fornecimento de Água;903,80
12/2019;DESPESAS;Material de Expediente;64,35
12/2019;DESPESAS;Material de Limpeza;134,28
12/2019;DESPESAS;IMPOSTOS/TAXAS;273,42
12/2019;DESPESAS;PIS/COFINS/CSLL;20,93
12/2019;DESPESAS;ISS;252,49
12/2019;DESPESAS;/MANUTENÇÃO;415,57
12/2019;DESPESAS;Manutenção Estação Tratamento de Efluentes (ETE);415,57
12/2019;DESPESAS;EMPRESAS PRESTADORAS DE SERVIÇOS;4232,79
12/2019;DESPESAS;Serviços de Limpeza e Jardinagem;4232,79
12/2019;DESPESAS;OUTRAS DESPESAS;1156,02
12/2019;DESPESAS;com Gás;1032,65
12/2019;DESPESAS;Bancárias;105,82
12/2019;DESPESAS;com Correio;17,55
12/2019;DESPESAS;FINANCEIRAS;102,50
12/2019;DESPESAS;Tarifa Bancária;102,50
12/2019;SALDO ATUAL;CAIXA;91,04
12/2019;SALDO ATUAL;Caixa de Condomínio;91,04
12/2019;SALDO ATUAL;BANCOS;32056,04
12/2019;SALDO ATUAL;BANCOS/CONTAS/MOVIMENTO;10537,16
12/2019;SALDO ATUAL;Caixa Econômica Federal (C/C);10537,16
12/2019;SALDO ATUAL;BANCOS/CONTAS/APLICAÇÕES;21518,88
12/2019;SALDO ATUAL;Caixa Econômica Federal - Poupança (4029-0);95,66
12/2019;SALDO ATUAL;Aplicação CEF;21423,22
01/2020;SALDO ANTERIOR;CAIXA;91,04
01/2020;SALDO ANTERIOR;Caixa de Condomínio;91,04
01/2020;SALDO ANTERIOR;BANCOS;32056,04
01/2020;SALDO ANTERIOR;BANCOS/CONTAS/MOVIMENTO;10537,16
01/2020;SALDO ANTERIOR;Caixa Econômica Federal (C/C);10537,16
01/2020;SALDO ANTERIOR;BANCOS/CONTAS/APLICAÇÕES;21518,88
01/2020;SALDO ANTERIOR;Caixa Econômica Federal - Poupança (4029-0);95,66
01/2020;SALDO ANTERIOR;Aplicação CEF;21423,22
01/2020;RECEITAS;DE CONDOMÍNIO;15204,89
01/2020;RECEITAS;Taxa de Condomínio;10313,16
01/2020;RECEITAS;Garagem;1341,82
01/2020;RECEITAS;Fundo de Reserva;889,83
01/2020;RECEITAS;Gás;1238,61
01/2020;RECEITAS;Multas;20,11
01/2020;RECEITAS;Água;1385,83
01/2020;RECEITAS;Juros;15,53
01/2020;RECEITAS;OUTRAS RECEITAS;0,27
01/2020;RECEITAS;Juros Poupança (4029-0);0,27
01/2020;DESPESAS;ENCARGOS SOCIAIS;860,06
01/2020;DESPESAS;INSS (S/folha pagto );309,38
01/2020;DESPESAS;INSS (S/notas fiscais);550,68
01/2020;DESPESAS;HONORÁRIOS;1370,75
01/2020;DESPESAS;Honorários Contábeis;482,53
01/2020;DESPESAS;Honorários Síndico;888,22
01/2020;DESPESAS;UTILIDADES/SERVIÇOS;1912,73
01/2020;DESPESAS;Fornecimento de Energia Elétrica;469,99
01/2020;DESPESAS;Fornecimento de Água;903,80
01/2020;DESPESAS;Material de Expediente;81,15
01/2020;DESPESAS;Material de Limpeza;77,79
01/2020;DESPESAS;Material Elétrico;380,00
01/2020;DESPESAS;IMPOSTOS/TAXAS;317,30
01/2020;DESPESAS;PIS/COFINS/CSLL;20,93
01/2020;DESPESAS;ISS;296,37
01/2020;DESPESAS;/MANUTENÇÃO;1207,53
01/2020;DESPESAS;Manutenção do(s) Elevador(es);308,07
01/2020;DESPESAS;Manutencao de Bombas;467,10
01/2020;DESPESAS;Manutenção Estação Tratamento de Efluentes (ETE);432,36
01/2020;DESPESAS;SERVIÇOS PRESTADOS POR TERCEIROS;1116,12
01/2020;DESPESAS;Serviços Elétricos;100,00
01/2020;DESPESAS;Serviços de Limpeza Caixa de Gordura;1016,12
01/2020;DESPESAS;EMPRESAS PRESTADORAS DE SERVIÇOS;4233,29
01/2020;DESPESAS;Serviços de Limpeza e Jardinagem;4233,29
01/2020;DESPESAS;OUTRAS DESPESAS;131,32
01/2020;DESPESAS;Bancárias;123,52
01/2020;DESPESAS;com Correio;7,80
01/2020;DESPESAS;FINANCEIRAS;100,00
01/2020;DESPESAS;Tarifa Bancária;100,00
01/2020;SALDO ATUAL;CAIXA;92,82
01/2020;SALDO ATUAL;Caixa de Condomínio;92,82
01/2020;SALDO ATUAL;BANCOS;36010,32
01/2020;SALDO ATUAL;BANCOS/CONTAS/MOVIMENTO;14491,17
01/2020;SALDO ATUAL;Caixa Econômica Federal (C/C);14491,17
01/2020;SALDO ATUAL;BANCOS/CONTAS/APLICAÇÕES;21519,15
01/2020;SALDO ATUAL;Caixa Econômica Federal - Poupança (4029-0);95,93
01/2020;SALDO ATUAL;Aplicação CEF;21423,22
02/2020;SALDO ANTERIOR;CAIXA;92,82
02/2020;SALDO ANTERIOR;Caixa de Condomínio;92,82
02/2020;SALDO ANTERIOR;BANCOS;36010,32
02/2020;SALDO ANTERIOR;BANCOS/CONTAS/MOVIMENTO;14491,17
02/2020;SALDO ANTERIOR;Caixa Econômica Federal (C/C);14491,17
02/2020;SALDO ANTERIOR;BANCOS/CONTAS/APLICAÇÕES;21519,15
02/2020;SALDO ANTERIOR;Caixa Econômica Federal - Poupança (4029-0);95,93
02/2020;SALDO ANTERIOR;Aplicação CEF;21423,22
02/2020;RECEITAS;DE CONDOMÍNIO;16521,90
02/2020;RECEITAS;Taxa de Condomínio;10977,46
02/2020;RECEITAS;Garagem;1503,60
02/2020;RECEITAS;Fundo de Reserva;972,45
02/2020;RECEITAS;Gás;1417,29
02/2020;RECEITAS;Multas;15,32
02/2020;RECEITAS;Água;1635,78
02/2020;RECEITAS;OUTRAS RECEITAS;1407,33
02/2020;RECEITAS;Juros Poupança (4029-0);0,25
02/2020;RECEITAS;Receita à Identificar;1310,98
02/2020;RECEITAS;Juros Aplicação;96,10
02/2020;DESPESAS;ENCARGOS SOCIAIS;610,08
02/2020;DESPESAS;INSS (S/notas fiscais);610,08
02/2020;DESPESAS;HONORÁRIOS;1407,24
02/2020;DESPESAS;Honorários Síndico;924,71
02/2020;DESPESAS;Honorário Gestão Administrativa;482,53
02/2020;DESPESAS;UTILIDADES/SERVIÇOS;1712,64
02/2020;DESPESAS;Fornecimento de Energia Elétrica;445,92
02/2020;DESPESAS;Fornecimento de Água;903,80
02/2020;DESPESAS;Material de Expediente;90,80
02/2020;DESPESAS;Material de Limpeza;272,12
02/2020;DESPESAS;IMPOSTOS/TAXAS;272,63
02/2020;DESPESAS;ISS;272,63
02/2020;DESPESAS;/MANUTENÇÃO;2071,76
02/2020;DESPESAS;Manutenção do(s) Elevador(es);1192,38
02/2020;DESPESAS;Manutenção do(s) Edifício(s);446,80
02/2020;DESPESAS;Manutenção Estação Tratamento de Efluentes (ETE);432,58
02/2020;DESPESAS;EMPRESAS PRESTADORAS DE SERVIÇOS;4445,47
02/2020;DESPESAS;Serviços de Limpeza e Jardinagem;4445,47
02/2020;DESPESAS;OUTRAS DESPESAS;1766,00
02/2020;DESPESAS;com Gás;1628,00
02/2020;DESPESAS;Bancárias;126,30
02/2020;DESPESAS;com Correio;11,70
02/2020;DESPESAS;FINANCEIRAS;128,89
02/2020;DESPESAS;Tarifa Bancária;117,00
02/2020;DESPESAS;Juros e Multas;11,89
02/2020;SALDO ATUAL;CAIXA;56,11
02/2020;SALDO ATUAL;Caixa de Condomínio;56,11
02/2020;SALDO ATUAL;BANCOS;41561,55
02/2020;SALDO ATUAL;BANCOS/CONTAS/MOVIMENTO;19946,05
02/2020;SALDO ATUAL;Caixa Econômica Federal (C/C);19946,05
02/2020;SALDO ATUAL;BANCOS/CONTAS/APLICAÇÕES;21615,50
02/2020;SALDO ATUAL;Caixa Econômica Federal - Poupança (4029-0);96,18
02/2020;SALDO ATUAL;Aplicação CEF;21519,32
03/2020;SALDO ANTERIOR;CAIXA;56,11
03/2020;SALDO ANTERIOR;Caixa de Condomínio;56,11
03/2020;SALDO ANTERIOR;BANCOS;41561,55
03/2020;SALDO ANTERIOR;BANCOS/CONTAS/MOVIMENTO;19946,05
03/2020;SALDO ANTERIOR;Caixa Econômica Federal (C/C);19946,05
03/2020;SALDO ANTERIOR;BANCOS/CONTAS/APLICAÇÕES;21615,50
03/2020;SALDO ANTERIOR;Caixa Econômica Federal - Poupança (4029-0);96,18
03/2020;SALDO ANTERIOR;Aplicação CEF;21519,32
03/2020;RECEITAS;DE CONDOMÍNIO;11153,80
03/2020;RECEITAS;Taxa de Condomínio;7200,68
03/2020;RECEITAS;Garagem;1284,72
03/2020;RECEITAS;Fundo de Reserva;848,53
03/2020;RECEITAS;Gás;829,93
03/2020;RECEITAS;Água;989,94
03/2020;RECEITAS;OUTRAS RECEITAS;2971,74
03/2020;RECEITAS;Juros Poupança (4029-0);0,25
03/2020;RECEITAS;Receita à Identificar;2924,23
03/2020;RECEITAS;Juros Aplicação;47,26
03/2020;DESPESAS;ENCARGOS SOCIAIS;902,17
03/2020;DESPESAS;INSS (S/folha pagto );323,95
03/2020;DESPESAS;INSS (S/notas fiscais);578,22
03/2020;DESPESAS;HONORÁRIOS;1412,58
03/2020;DESPESAS;Honorários Síndico;930,05
03/2020;DESPESAS;Honorário Gestão Administrativa;482,53
03/2020;DESPESAS;UTILIDADES/SERVIÇOS;1425,69
03/2020;DESPESAS;Fornecimento de Energia Elétrica;415,01
03/2020;DESPESAS;Fornecimento de Água;978,33
03/2020;DESPESAS;Material de Expediente;32,35
03/2020;DESPESAS;IMPOSTOS/TAXAS;264,16
03/2020;DESPESAS;PIS/COFINS/CSLL;15,08
03/2020;DESPESAS;ISS;249,08
03/2020;DESPESAS;/MANUTENÇÃO;3507,36
03/2020;DESPESAS;Manutenção do(s) Elevador(es);292,99
03/2020;DESPESAS;Manutenção de Extintores;736,00
03/2020;DESPESAS;Manutenção do(s)Elevador(es)/Peças/Reparos;2478,37
03/2020;DESPESAS;SERVIÇOS PRESTADOS POR TERCEIROS;1269,80
03/2020;DESPESAS;Serviços Elétricos;1269,80
03/2020;DESPESAS;EMPRESAS PRESTADORAS DE SERVIÇOS;4445,47
03/2020;DESPESAS;Serviços de Limpeza e Jardinagem;4445,47
03/2020;DESPESAS;OUTRAS DESPESAS;120,90
03/2020;DESPESAS;Bancárias;108,60
03/2020;DESPESAS;com Correio;12,30
03/2020;DESPESAS;FINANCEIRAS;93,50
03/2020;DESPESAS;Tarifa Bancária;93,50
03/2020;SALDO ATUAL;CAIXA;66,06
03/2020;SALDO ATUAL;Caixa de Condomínio;66,06
03/2020;SALDO ATUAL;BANCOS;42235,51
03/2020;SALDO ATUAL;BANCOS/CONTAS/MOVIMENTO;20572,50
03/2020;SALDO ATUAL;Caixa Econômica Federal (C/C);20572,50
03/2020;SALDO ATUAL;BANCOS/CONTAS/APLICAÇÕES;21663,01
03/2020;SALDO ATUAL;Caixa Econômica Federal - Poupança (4029-0);96,43
03/2020;SALDO ATUAL;Aplicação CEF;21566,58
04/2020;SALDO ANTERIOR;CAIXA;66,06
04/2020;SALDO ANTERIOR;BANCOS;42235,51
04/2020;SALDO ANTERIOR;BANCOS/CONTAS/MOVIMENTO;20572,50
04/2020;SALDO ANTERIOR;BANCOS/CONTAS/APLICAÇÕES;21663,01
04/2020;RECEITAS;DE CONDOMÍNIO;12159,32
04/2020;RECEITAS;OUTRAS RECEITAS;35,54
04/2020;DESPESAS;HONORÁRIOS;930,05
04/2020;DESPESAS;UTILIDADES/SERVIÇOS;1291,48
04/2020;DESPESAS;/MANUTENÇÃO;2163,02
04/2020;DESPESAS;SERVIÇOS PRESTADOS POR TERCEIROS;1269,80
04/2020;DESPESAS;EMPRESAS PRESTADORAS DE SERVIÇOS;4445,47
04/2020;DESPESAS;OUTRAS DESPESAS;2165,58
04/2020;DESPESAS;FINANCEIRAS;49,00
04/2020;SALDO ATUAL;CAIXA;41,01
04/2020;SALDO ATUAL;BANCOS;42141,02
04/2020;SALDO ATUAL;BANCOS/CONTAS/MOVIMENTO;20442,47
04/2020;SALDO ATUAL;BANCOS/CONTAS/APLICAÇÕES;21698,55
04/2020;SALDO ATUAL;Contas a Receber até 31/03/2020;13063,48
04/2020;SALDO ATUAL;Contas a Receber no Período de 01/04/2020 até 30/04/2020;499,53
04/2020;SALDO ATUAL;Total de Contas a Receber;13563,01
05/2020;SALDO ANTERIOR;CAIXA;41,01
05/2020;SALDO ANTERIOR;Caixa de Condomínio;41,01
05/2020;SALDO ANTERIOR;BANCOS;42141,02
05/2020;SALDO ANTERIOR;BANCOS/CONTAS/MOVIMENTO;20442,47
05/2020;SALDO ANTERIOR;Caixa Econômica Federal (C/C);20442,47
05/2020;SALDO ANTERIOR;BANCOS/CONTAS/APLICAÇÕES;21698,55
05/2020;SALDO ANTERIOR;Caixa Econômica Federal - Poupança (4029-0);96,67
05/2020;SALDO ANTERIOR;Aplicação CEF;21601,88
05/2020;RECEITAS;DE CONDOMÍNIO;10397,30
05/2020;RECEITAS;Taxa de Condomínio;7033,18
05/2020;RECEITAS;Garagem;1279,96
05/2020;RECEITAS;Fundo de Reserva;831,31
05/2020;RECEITAS;Gás;529,45
05/2020;RECEITAS;Água;723,40
05/2020;RECEITAS;OUTRAS RECEITAS;30,39
05/2020;RECEITAS;Juros Poupança (4029-0);0,21
05/2020;RECEITAS;Juros Aplicação;30,18
05/2020;DESPESAS;ENCARGOS SOCIAIS;1533,64
05/2020;DESPESAS;INSS (S/folha pagto );955,42
05/2020;DESPESAS;INSS (S/notas fiscais);578,22
05/2020;DESPESAS;HONORÁRIOS;1895,11
05/2020;DESPESAS;Honorários Síndico;930,05
05/2020;DESPESAS;Honorário Gestão Administrativa;965,06
05/2020;DESPESAS;UTILIDADES/SERVIÇOS;2726,10
05/2020;DESPESAS;Fornecimento de Energia Elétrica;426,33
05/2020;DESPESAS;Fornecimento de Água;936,72
05/2020;DESPESAS;Material de Expediente;106,22
05/2020;DESPESAS;Material de Limpeza;77,56
05/2020;DESPESAS;Material Elétrico;1179,27
05/2020;DESPESAS;IMPOSTOS/TAXAS;15,08
05/2020;DESPESAS;PIS/COFINS/CSLL;15,08
05/2020;DESPESAS;/MANUTENÇÃO;1394,29
05/2020;DESPESAS;Manutenção do(s) Edifício(s);412,90
05/2020;DESPESAS;Manutenção do Portão Eletrônico;116,76
05/2020;DESPESAS;Manutenção Estação Tratamento de Efluentes (ETE);864,63
05/2020;DESPESAS;COM AQUISIÇÕES;332,00
05/2020;DESPESAS;Aquisição de Carrinho e Contentor;332,00
05/2020;DESPESAS;EMPRESAS PRESTADORAS DE SERVIÇOS;4445,47
05/2020;DESPESAS;Serviços de Limpeza e Jardinagem;4445,47
05/2020;DESPESAS;OUTRAS DESPESAS;136,66
05/2020;DESPESAS;Bancárias;112,06
05/2020;DESPESAS;com Correio;24,60
05/2020;DESPESAS;FINANCEIRAS;124,87
05/2020;DESPESAS;Tarifa Bancária;85,00
05/2020;DESPESAS;Imposto de Renda (S/Aplicação);39,87
05/2020;SALDO ATUAL;CAIXA;50,96
05/2020;SALDO ATUAL;Caixa de Condomínio;50,96
05/2020;SALDO ATUAL;BANCOS;39955,54
05/2020;SALDO ATUAL;BANCOS/CONTAS/MOVIMENTO;18266,47
05/2020;SALDO ATUAL;Caixa Econômica Federal (C/C);18266,47
05/2020;SALDO ATUAL;BANCOS/CONTAS/APLICAÇÕES;21689,07
05/2020;SALDO ATUAL;Caixa Econômica Federal - Poupança (4029-0);96,88
05/2020;SALDO ATUAL;Aplicação CEF;21592,19
06/2020;SALDO ANTERIOR;CAIXA;50,96
06/2020;SALDO ANTERIOR;Caixa de Condomínio;50,96
06/2020;SALDO ANTERIOR;BANCOS;39955,54
06/2020;SALDO ANTERIOR;BANCOS/CONTAS/MOVIMENTO;18266,47
06/2020;SALDO ANTERIOR;Caixa Econômica Federal (C/C);18266,47
06/2020;SALDO ANTERIOR;BANCOS/CONTAS/APLICAÇÕES;21689,07
06/2020;SALDO ANTERIOR;Caixa Econômica Federal - Poupança (4029-0);96,88
06/2020;SALDO ANTERIOR;Aplicação CEF;21592,19
06/2020;RECEITAS;DE CONDOMÍNIO;12896,03
06/2020;RECEITAS;Taxa de Condomínio;8576,86
06/2020;RECEITAS;Garagem;1560,70
06/2020;RECEITAS;Fundo de Reserva;1013,75
06/2020;RECEITAS;Gás;860,32
06/2020;RECEITAS;Multas;10,80
06/2020;RECEITAS;Água;873,60
06/2020;RECEITAS;OUTRAS RECEITAS;0,21
06/2020;RECEITAS;Juros Poupança (4029-0);0,21
06/2020;DESPESAS;ENCARGOS SOCIAIS;647,90
06/2020;DESPESAS;INSS (S/folha pagto );647,90
06/2020;DESPESAS;HONORÁRIOS;1412,58
06/2020;DESPESAS;Honorários Síndico;930,05
06/2020;DESPESAS;Honorário Gestão Administrativa;482,53
06/2020;DESPESAS;UTILIDADES/SERVIÇOS;5128,53
06/2020;DESPESAS;Fornecimento de Energia Elétrica;360,06
06/2020;DESPESAS;Fornecimento de Água;954,36
06/2020;DESPESAS;Material de Expediente;60,35
06/2020;DESPESAS;Material de Limpeza;215,95
06/2020;DESPESAS;Material Elétrico;3537,81
06/2020;DESPESAS;COM AQUISIÇÕES;332,00
06/2020;DESPESAS;Aquisição de Carrinho e Contentor;332,00
06/2020;DESPESAS;EMPRESAS PRESTADORAS DE SERVIÇOS;4444,95
06/2020;DESPESAS;Serviços de Limpeza e Jardinagem;4444,95
06/2020;DESPESAS;OUTRAS DESPESAS;3570,02
06/2020;DESPESAS;com Gás;3424,11
06/2020;DESPESAS;Bancárias;135,66
06/2020;DESPESAS;com Correio;10,25
06/2020;DESPESAS;FINANCEIRAS;137,03
06/2020;DESPESAS;Tarifa Bancária;69,00
06/2020;DESPESAS;Juros e Multas;68,03
06/2020;SALDO ATUAL;CAIXA;50,91
06/2020;SALDO ATUAL;Caixa de Condomínio;50,91
06/2020;SALDO ATUAL;BANCOS;37178,82
06/2020;SALDO ATUAL;BANCOS/CONTAS/APLICAÇÕES;37178,82
06/2020;SALDO ATUAL;Caixa Econômica Federal - Poupança (4029-0);97,09
06/2020;SALDO ATUAL;Aplicação CEF;37081,73
07/2020;SALDO ANTERIOR;CAIXA;50,91
07/2020;SALDO ANTERIOR;Caixa de Condomínio;50,91
07/2020;SALDO ANTERIOR;BANCOS;37178,82
07/2020;SALDO ANTERIOR;BANCOS/CONTAS/APLICAÇÕES;37178,82
07/2020;SALDO ANTERIOR;Caixa Econômica Federal - Poupança (4029-0);97,09
07/2020;SALDO ANTERIOR;Aplicação CEF;37081,73
07/2020;RECEITAS;DE CONDOMÍNIO;12579,19
07/2020;RECEITAS;Taxa de Condomínio;8032,48
07/2020;RECEITAS;Garagem;1451,26
07/2020;RECEITAS;Fundo de Reserva;948,37
07/2020;RECEITAS;Gás;1170,78
07/2020;RECEITAS;Multas;29,55
07/2020;RECEITAS;Água;946,75
07/2020;RECEITAS;OUTRAS RECEITAS;51,32
07/2020;RECEITAS;Juros Poupança (4029-0);0,17
07/2020;RECEITAS;Juros Aplicação;51,15
07/2020;DESPESAS;ENCARGOS SOCIAIS;323,95
07/2020;DESPESAS;INSS (S/folha pagto );323,95
07/2020;DESPESAS;HONORÁRIOS;1412,58
07/2020;DESPESAS;Honorários Síndico;930,05
07/2020;DESPESAS;Honorário Gestão Administrativa;482,53
07/2020;DESPESAS;UTILIDADES/SERVIÇOS;1377,53
07/2020;DESPESAS;Fornecimento de Energia Elétrica;407,77
07/2020;DESPESAS;Fornecimento de Água;934,76
07/2020;DESPESAS;Material de Expediente;35,00
07/2020;DESPESAS;IMPOSTOS/TAXAS;907,15
07/2020;DESPESAS;PIS/COFINS/CSLL;15,08
07/2020;DESPESAS;ISS;892,07
07/2020;DESPESAS;/MANUTENÇÃO;1310,97
07/2020;DESPESAS;Manutenção do(s) Elevador(es);878,97
07/2020;DESPESAS;Manutenção Estação Tratamento de Efluentes (ETE);432,00
07/2020;DESPESAS;EMPRESAS PRESTADORAS DE SERVIÇOS;4443,61
07/2020;DESPESAS;Serviços de Limpeza e Jardinagem;4443,61
07/2020;DESPESAS;OUTRAS DESPESAS;133,77
07/2020;DESPESAS;Tarifa de Cobrança;123,52
07/2020;DESPESAS;com Correio;10,25
07/2020;DESPESAS;FINANCEIRAS;135,30
07/2020;DESPESAS;Tarifa Bancária;81,00
07/2020;DESPESAS;Juros e Multas;54,30
07/2020;SALDO ATUAL;CAIXA;50,86
07/2020;SALDO ATUAL;Caixa de Condomínio;50,86
07/2020;SALDO ATUAL;BANCOS;39764,52
07/2020;SALDO ATUAL;BANCOS/CONTAS/MOVIMENTO;2540,38
07/2020;SALDO ATUAL;Caixa Econômica Federal (C/C);2540,38
07/2020;SALDO ATUAL;BANCOS/CONTAS/APLICAÇÕES;37224,14
07/2020;SALDO ATUAL;Caixa Econômica Federal - Poupança (4029-0);91,26
07/2020;SALDO ATUAL;Aplicação CEF;37132,88
08/2020;SALDO ANTERIOR;CAIXA;50,86
08/2020;SALDO ANTERIOR;Caixa de Condomínio;50,86
08/2020;SALDO ANTERIOR;BANCOS;39764,52
08/2020;SALDO ANTERIOR;BANCOS/CONTAS/MOVIMENTO;2540,38
08/2020;SALDO ANTERIOR;Caixa Econômica Federal (C/C);2540,38
08/2020;SALDO ANTERIOR;BANCOS/CONTAS/APLICAÇÕES;37224,14
08/2020;SALDO ANTERIOR;Caixa Econômica Federal - Poupança (4029-0);91,26
08/2020;SALDO ANTERIOR;Aplicação CEF;37132,88
08/2020;RECEITAS;DE CONDOMÍNIO;12347,26
08/2020;RECEITAS;Taxa de Condomínio;7200,68
08/2020;RECEITAS;Garagem;1284,72
08/2020;RECEITAS;Fundo de Reserva;848,53
08/2020;RECEITAS;Gás;1972,71
08/2020;RECEITAS;Multas;29,83
08/2020;RECEITAS;Água;1010,79
08/2020;RECEITAS;OUTRAS RECEITAS;19,46
08/2020;RECEITAS;Juros Poupança (4029-0);0,12
08/2020;RECEITAS;Juros Aplicação;19,34
08/2020;DESPESAS;ENCARGOS SOCIAIS;323,95
08/2020;DESPESAS;INSS (S/folha pagto );323,95
08/2020;DESPESAS;HONORÁRIOS;1895,11
08/2020;DESPESAS;Honorários Síndico;930,05
08/2020;DESPESAS;Honorário Gestão Administrativa;965,06
08/2020;DESPESAS;UTILIDADES/SERVIÇOS;1500,16
08/2020;DESPESAS;Fornecimento de Energia Elétrica;1195,57
08/2020;DESPESAS;Material de Expediente;114,00
08/2020;DESPESAS;Material de Limpeza;190,59
08/2020;DESPESAS;/MANUTENÇÃO;1668,30
08/2020;DESPESAS;Manutenção do(s) Elevador(es);312,88
08/2020;DESPESAS;Manutenção do(s) Edifício(s);454,16
08/2020;DESPESAS;Manutenção do(s)Elevador(es)/Peças/Reparos;36,90
08/2020;DESPESAS;Manutenção Estação Tratamento de Efluentes (ETE);864,36
08/2020;DESPESAS;SERVIÇOS PRESTADOS POR TERCEIROS;1599,99
08/2020;DESPESAS;Serviços Elétricos;599,99
08/2020;DESPESAS;Serviços Prestados;1000,00
08/2020;DESPESAS;EMPRESAS PRESTADORAS DE SERVIÇOS;4442,85
08/2020;DESPESAS;Serviços de Limpeza e Jardinagem;4442,85
08/2020;DESPESAS;OUTRAS DESPESAS;269,65
08/2020;DESPESAS;Tarifa de Cobrança;108,60
08/2020;DESPESAS;com Correio;18,45
08/2020;DESPESAS;com Cartório;142,60
08/2020;DESPESAS;FINANCEIRAS;115,50
08/2020;DESPESAS;Tarifa Bancária;115,50
08/2020;SALDO ATUAL;CAIXA;44,05
08/2020;SALDO ATUAL;Caixa de Condomínio;44,05
08/2020;SALDO ATUAL;BANCOS;40322,54
08/2020;SALDO ATUAL;BANCOS/CONTAS/MOVIMENTO;3078,94
08/2020;SALDO ATUAL;Caixa Econômica Federal (C/C);3078,94
08/2020;SALDO ATUAL;BANCOS/CONTAS/APLICAÇÕES;37243,60
08/2020;SALDO ATUAL;Caixa Econômica Federal - Poupança (4029-0);91,38
08/2020;SALDO ATUAL;Aplicação CEF;37152,22
09/2020;SALDO ANTERIOR;CAIXA;44,05
09/2020;SALDO ANTERIOR;Caixa de Condomínio;44,05
09/2020;SALDO ANTERIOR;BANCOS;40322,54
09/2020;SALDO ANTERIOR;BANCOS/CONTAS/MOVIMENTO;3078,94
09/2020;SALDO ANTERIOR;Caixa Econômica Federal (C/C);3078,94
09/2020;SALDO ANTERIOR;BANCOS/CONTAS/APLICAÇÕES;37243,60
09/2020;SALDO ANTERIOR;Caixa Econômica Federal - Poupança (4029-0);91,38
09/2020;SALDO ANTERIOR;Aplicação CEF;37152,22
09/2020;RECEITAS;DE CONDOMÍNIO;12772,51
09/2020;RECEITAS;Taxa de Condomínio;7594,38
09/2020;RECEITAS;Garagem;1397,23
09/2020;RECEITAS;Fundo de Reserva;899,12
09/2020;RECEITAS;Gás;1940,23
09/2020;RECEITAS;Multas;20,55
09/2020;RECEITAS;Água;921,00
09/2020;RECEITAS;OUTRAS RECEITAS;0,12
09/2020;RECEITAS;Juros Poupança (4029-0);0,12
09/2020;DESPESAS;ENCARGOS SOCIAIS;2058,61
09/2020;DESPESAS;INSS (S/folha pagto );323,95
09/2020;DESPESAS;INSS (S/notas fiscais);1734,66
09/2020;DESPESAS;HONORÁRIOS;1412,58
09/2020;DESPESAS;Honorários Síndico;930,05
09/2020;DESPESAS;Honorário Gestão Administrativa;482,53
09/2020;DESPESAS;UTILIDADES/SERVIÇOS;1502,63
09/2020;DESPESAS;Fornecimento de Energia Elétrica;262,56
09/2020;DESPESAS;Fornecimento de Água;1091,12
09/2020;DESPESAS;Material de Expediente;148,95
09/2020;DESPESAS;IMPOSTOS/TAXAS;834,27
09/2020;DESPESAS;PIS/COFINS/CSLL;32,20
09/2020;DESPESAS;ISS;802,07
09/2020;DESPESAS;/MANUTENÇÃO;496,73
09/2020;DESPESAS;Manutenção do(s) Elevador(es);312,88
09/2020;DESPESAS;Manutenção do(s) Edifício(s);183,85
09/2020;DESPESAS;SERVIÇOS PRESTADOS POR TERCEIROS;1245,14
09/2020;DESPESAS;Serviços de Limpeza Caixa de Gordura;1245,14
09/2020;DESPESAS;EMPRESAS PRESTADORAS DE SERVIÇOS;4442,32
09/2020;DESPESAS;Serviços de Limpeza e Jardinagem;4442,32
09/2020;DESPESAS;OUTRAS DESPESAS;2776,08
09/2020;DESPESAS;com Gás;2647,96
09/2020;DESPESAS;Tarifa de Cobrança;111,72
09/2020;DESPESAS;com Correio;16,40
09/2020;DESPESAS;FINANCEIRAS;420,07
09/2020;DESPESAS;Tarifa Bancária;135,00
09/2020;DESPESAS;Imposto de Renda (S/Aplicação);76,78
09/2020;DESPESAS;Juros e Multas;208,29
09/2020;SALDO ATUAL;CAIXA;154,00
09/2020;SALDO ATUAL;Caixa de Condomínio;154,00
09/2020;SALDO ATUAL;BANCOS;37796,79
09/2020;SALDO ATUAL;BANCOS/CONTAS/MOVIMENTO;899,78
09/2020;SALDO ATUAL;Caixa Econômica Federal (C/C);899,78
09/2020;SALDO ATUAL;BANCOS/CONTAS/APLICAÇÕES;36897,01
09/2020;SALDO ATUAL;Caixa Econômica Federal - Poupança (4029-0);91,50
09/2020;SALDO ATUAL;Aplicação CEF;36805,51
10/2020;SALDO ANTERIOR;CAIXA;154,00
10/2020;SALDO ANTERIOR;Caixa de Condomínio;154,00
10/2020;SALDO ANTERIOR;BANCOS;37740,28
10/2020;SALDO ANTERIOR;BANCOS/CONTAS/MOVIMENTO;843,27
10/2020;SALDO ANTERIOR;Caixa Econômica Federal (C/C);843,27
10/2020;SALDO ANTERIOR;BANCOS/CONTAS/APLICAÇÕES;36897,01
10/2020;SALDO ANTERIOR;Caixa Econômica Federal - Poupança (4029-0);91,50
10/2020;SALDO ANTERIOR;Aplicação CEF;36805,51
10/2020;RECEITAS;DE CONDOMÍNIO;20824,59
10/2020;RECEITAS;Taxa de Condomínio;14390,23
10/2020;RECEITAS;Garagem;1809,94
10/2020;RECEITAS;Fundo de Reserva;1185,23
10/2020;RECEITAS;Gás;2210,23
10/2020;RECEITAS;Multas;37,51
10/2020;RECEITAS;Água;1191,45
10/2020;RECEITAS;OUTRAS RECEITAS;4222,50
10/2020;RECEITAS;Juros Poupança (4029-0);0,44
10/2020;RECEITAS;Juros Aplicação;11,69
10/2020;RECEITAS;Troca regulador e medidores de gás;4210,37
10/2020;DESPESAS;ENCARGOS SOCIAIS;902,17
10/2020;DESPESAS;INSS (S/folha pagto );323,95
10/2020;DESPESAS;INSS (S/notas fiscais);578,22
10/2020;DESPESAS;HONORÁRIOS;1435,31
10/2020;DESPESAS;Honorários Síndico;930,05
10/2020;DESPESAS;Honorário Gestão Administrativa;505,26
10/2020;DESPESAS;UTILIDADES/SERVIÇOS;1579,38
10/2020;DESPESAS;Fornecimento de Energia Elétrica;381,72
10/2020;DESPESAS;Fornecimento de Água;966,12
10/2020;DESPESAS;Material de Expediente;38,50
10/2020;DESPESAS;Material de Limpeza;193,04
10/2020;DESPESAS;IMPOSTOS/TAXAS;269,43
10/2020;DESPESAS;PIS/COFINS/CSLL;16,10
10/2020;DESPESAS;ISS;253,33
10/2020;DESPESAS;/MANUTENÇÃO;1521,54
10/2020;DESPESAS;Manutenção do(s) Elevador(es);312,88
10/2020;DESPESAS;Manutenção do(s) Edifício(s);344,30
10/2020;DESPESAS;Manutenção Estação Tratamento de Efluentes (ETE);864,36
10/2020;DESPESAS;COM MELHORIAS;5600,00
10/2020;DESPESAS;Reforma e Melhoria;5600,00
10/2020;DESPESAS;SERVIÇOS PRESTADOS POR TERCEIROS;700,00
10/2020;DESPESAS;Serviços Prestados;700,00
10/2020;DESPESAS;EMPRESAS PRESTADORAS DE SERVIÇOS;4440,74
10/2020;DESPESAS;Serviços de Limpeza e Jardinagem;4440,74
10/2020;DESPESAS;OUTRAS DESPESAS;1610,33
10/2020;DESPESAS;com Gás;1318,52
10/2020;DESPESAS;Desconto/Devolução;144,44
10/2020;DESPESAS;Tarifa de Cobrança;137,12
10/2020;DESPESAS;com Correio;10,25
10/2020;DESPESAS;FINANCEIRAS;99,00
10/2020;DESPESAS;Tarifa Bancária;99,00
10/2020;SALDO ATUAL;CAIXA;153,95
10/2020;SALDO ATUAL;Caixa de Condomínio;153,95
10/2020;SALDO ATUAL;BANCOS;44629,52
10/2020;SALDO ATUAL;BANCOS/CONTAS/MOVIMENTO;7720,38
10/2020;SALDO ATUAL;Caixa Econômica Federal (C/C);7720,38
10/2020;SALDO ATUAL;BANCOS/CONTAS/APLICAÇÕES;36909,14
10/2020;SALDO ATUAL;Caixa Econômica Federal - Poupança (4029-0);91,94
10/2020;SALDO ATUAL;Aplicação CEF;36817,20
11/2020;SALDO ANTERIOR;CAIXA;153,95
11/2020;SALDO ANTERIOR;Caixa de Condomínio;153,95
11/2020;SALDO ANTERIOR;BANCOS;44629,52
11/2020;SALDO ANTERIOR;BANCOS/CONTAS/MOVIMENTO;7720,38
11/2020;SALDO ANTERIOR;Caixa Econômica Federal (C/C);7720,38
11/2020;SALDO ANTERIOR;BANCOS/CONTAS/APLICAÇÕES;36909,14
11/2020;SALDO ANTERIOR;Caixa Econômica Federal - Poupança (4029-0);91,94
11/2020;SALDO ANTERIOR;Aplicação CEF;36817,20
11/2020;RECEITAS;DE CONDOMÍNIO;18230,39
11/2020;RECEITAS;Taxa de Condomínio;14158,35
11/2020;RECEITAS;Garagem;1337,56
11/2020;RECEITAS;Fundo de Reserva;868,69
11/2020;RECEITAS;Gás;886,63
11/2020;RECEITAS;Multas;108,02
11/2020;RECEITAS;Água;871,14
11/2020;RECEITAS;OUTRAS RECEITAS;2921,25
11/2020;RECEITAS;Estorno Bancário;71,43
11/2020;RECEITAS;Juros Aplicação;8,31
11/2020;RECEITAS;Troca regulador e medidores de gás;2841,51
11/2020;DESPESAS;ENCARGOS SOCIAIS;902,17
11/2020;DESPESAS;INSS (S/folha pagto );323,95
11/2020;DESPESAS;INSS (S/notas fiscais);578,22
11/2020;DESPESAS;HONORÁRIOS;1435,31
11/2020;DESPESAS;Honorários Síndico;930,05
11/2020;DESPESAS;Honorário Gestão Administrativa;505,26
11/2020;DESPESAS;UTILIDADES/SERVIÇOS;1222,20
11/2020;DESPESAS;Fornecimento de Energia Elétrica;185,43
11/2020;DESPESAS;Fornecimento de Água;936,72
11/2020;DESPESAS;Material de Expediente;100,05
11/2020;DESPESAS;IMPOSTOS/TAXAS;306,65
11/2020;DESPESAS;PIS/COFINS/CSLL;16,10
11/2020;DESPESAS;ISS;290,55
11/2020;DESPESAS;/MANUTENÇÃO;744,79
11/2020;DESPESAS;Manutenção do(s) Elevador(es);312,88
11/2020;DESPESAS;Manutenção Estação Tratamento de Efluentes (ETE);431,91
11/2020;DESPESAS;COM AQUISIÇÕES;3700,00
11/2020;DESPESAS;Aquisição Regulador e Medidores de Gás;3700,00
11/2020;DESPESAS;SERVIÇOS PRESTADOS POR TERCEIROS;2262,00
11/2020;DESPESAS;Serviços de Impermeabilização;2262,00
11/2020;DESPESAS;EMPRESAS PRESTADORAS DE SERVIÇOS;4439,69
11/2020;DESPESAS;Serviços de Limpeza e Jardinagem;4439,69
11/2020;DESPESAS;OUTRAS DESPESAS;3951,96
11/2020;DESPESAS;com Gás;3714,47
11/2020;DESPESAS;Desconto/Devolução;115,18
11/2020;DESPESAS;Tarifa de Cobrança;112,06
11/2020;DESPESAS;com Correio;10,25
11/2020;DESPESAS;FINANCEIRAS;89,66
11/2020;DESPESAS;Tarifa Bancária;79,00
11/2020;DESPESAS;Imposto de Renda (S/Aplicação);5,90
11/2020;DESPESAS;Juros e Multas;4,76
11/2020;SALDO ATUAL;CAIXA;438,05
11/2020;SALDO ATUAL;Caixa de Condomínio;438,05
11/2020;SALDO ATUAL;BANCOS;46442,63
11/2020;SALDO ATUAL;BANCOS/CONTAS/APLICAÇÕES;46442,63
11/2020;SALDO ATUAL;Caixa Econômica Federal - Poupança (4029-0);91,94
11/2020;SALDO ATUAL;Aplicação CEF;46350,69
12/2020;SALDO ANTERIOR;CAIXA;438,05
12/2020;SALDO ANTERIOR;Caixa de Condomínio;438,05
12/2020;SALDO ANTERIOR;BANCOS;46442,63
12/2020;SALDO ANTERIOR;BANCOS/CONTAS/APLICAÇÕES;46442,63
12/2020;SALDO ANTERIOR;Caixa Econômica Federal - Poupança (4029-0);91,94
12/2020;SALDO ANTERIOR;Aplicação CEF;46350,69
12/2020;RECEITAS;DE CONDOMÍNIO;22060,43
12/2020;RECEITAS;Taxa de Condomínio;16752,38
12/2020;RECEITAS;Garagem;1456,90
12/2020;RECEITAS;Fundo de Reserva;951,43
12/2020;RECEITAS;Gás;1806,33
12/2020;RECEITAS;Multas;179,68
12/2020;RECEITAS;Água;913,71
12/2020;RECEITAS;OUTRAS RECEITAS;567,36
12/2020;RECEITAS;Juros Aplicação;72,46
12/2020;RECEITAS;Troca regulador e medidores de gás;494,90
12/2020;DESPESAS;ENCARGOS SOCIAIS;1734,66
12/2020;DESPESAS;INSS (S/notas fiscais);1734,66
12/2020;DESPESAS;HONORÁRIOS;1940,57
12/2020;DESPESAS;Honorários Síndico;930,05
12/2020;DESPESAS;Honorário Gestão Administrativa;505,26
12/2020;DESPESAS;Honorário Gestão Administrativa Extra;505,26
12/2020;DESPESAS;UTILIDADES/SERVIÇOS;1999,00
12/2020;DESPESAS;Fornecimento de Energia Elétrica;448,68
12/2020;DESPESAS;Fornecimento de Água;1136,67
12/2020;DESPESAS;Material de Expediente;94,85
12/2020;DESPESAS;Material de Limpeza;318,80
12/2020;DESPESAS;IMPOSTOS/TAXAS;320,31
12/2020;DESPESAS;PIS/COFINS/CSLL;46,26
12/2020;DESPESAS;ISS;274,05
12/2020;DESPESAS;/MANUTENÇÃO;744,61
12/2020;DESPESAS;Manutenção do(s) Elevador(es);312,88
12/2020;DESPESAS;Manutenção Estação Tratamento de Efluentes (ETE);431,73
12/2020;DESPESAS;SERVIÇOS PRESTADOS POR TERCEIROS;2262,00
12/2020;DESPESAS;Serviços de Impermeabilização;2262,00
12/2020;DESPESAS;EMPRESAS PRESTADORAS DE SERVIÇOS;4438,64
12/2020;DESPESAS;Serviços de Limpeza e Jardinagem;4438,64
12/2020;DESPESAS;OUTRAS DESPESAS;783,49
12/2020;DESPESAS;Desconto/Devolução;654,89
12/2020;DESPESAS;Tarifa de Cobrança;120,40
12/2020;DESPESAS;com Correio;8,20
12/2020;DESPESAS;FINANCEIRAS;260,15
12/2020;DESPESAS;Tarifa Bancária;79,00
12/2020;DESPESAS;Juros e Multas;181,15
12/2020;SALDO ATUAL;CAIXA;667,85
12/2020;SALDO ATUAL;Caixa de Condomínio;667,85
12/2020;SALDO ATUAL;BANCOS;54357,19
12/2020;SALDO ATUAL;BANCOS/CONTAS/MOVIMENTO;7842,10
12/2020;SALDO ATUAL;Caixa Econômica Federal (C/C);7842,10
12/2020;SALDO ATUAL;BANCOS/CONTAS/APLICAÇÕES;46515,09
12/2020;SALDO ATUAL;Caixa Econômica Federal - Poupança (4029-0);91,94
12/2020;SALDO ATUAL;Aplicação CEF;46423,15
01/2021;SALDO ANTERIOR;CAIXA;667,85
01/2021;SALDO ANTERIOR;Caixa de Condomínio;667,85
01/2021;SALDO ANTERIOR;BANCOS;54357,19
01/2021;SALDO ANTERIOR;BANCOS/CONTAS/MOVIMENTO;7842,10
01/2021;SALDO ANTERIOR;Caixa Econômica Federal (C/C);7842,10
01/2021;SALDO ANTERIOR;BANCOS/CONTAS/APLICAÇÕES;46515,09
01/2021;SALDO ANTERIOR;Caixa Econômica Federal - Poupança (4029-0);91,94
01/2021;SALDO ANTERIOR;Aplicação CEF;46423,15
01/2021;RECEITAS;DE CONDOMÍNIO;13217,91
01/2021;RECEITAS;Taxa de Condomínio;8675,06
01/2021;RECEITAS;Garagem;1402,21
01/2021;RECEITAS;Fundo de Reserva;929,85
01/2021;RECEITAS;Gás;1289,57
01/2021;RECEITAS;Multas;19,92
01/2021;RECEITAS;Água;901,30
01/2021;DESPESAS;ENCARGOS SOCIAIS;1188,17
01/2021;DESPESAS;INSS (S/folha pagto );323,95
01/2021;DESPESAS;INSS (S/notas fiscais);864,22
01/2021;DESPESAS;HONORÁRIOS;1435,26
01/2021;DESPESAS;Honorários Síndico;930,00
01/2021;DESPESAS;Honorário Gestão Administrativa;505,26
01/2021;DESPESAS;UTILIDADES/SERVIÇOS;1798,24
01/2021;DESPESAS;Fornecimento de Energia Elétrica;555,11
01/2021;DESPESAS;Fornecimento de Água;923,00
01/2021;DESPESAS;Material de Expediente;38,15
01/2021;DESPESAS;Material de Limpeza;281,98
01/2021;DESPESAS;IMPOSTOS/TAXAS;421,38
01/2021;DESPESAS;PIS/COFINS/CSLL;16,10
01/2021;DESPESAS;ISS;405,28
01/2021;DESPESAS;/MANUTENÇÃO;1109,46
01/2021;DESPESAS;Manutenção do(s) Elevador(es);312,88
01/2021;DESPESAS;Manutenção do(s) Edifício(s);229,85
01/2021;DESPESAS;Manutenção do(s)Elevador(es)/Peças/Reparos;135,00
01/2021;DESPESAS;Manutenção Estação Tratamento de Efluentes (ETE);431,73
01/2021;DESPESAS;COM AQUISIÇÕES;227,50
01/2021;DESPESAS;Aquisição de Lixeira;227,50
01/2021;DESPESAS;SERVIÇOS PRESTADOS POR TERCEIROS;868,57
01/2021;DESPESAS;Serviços Elétricos;207,69
01/2021;DESPESAS;Serviços de Limpeza de Fossa;660,88
01/2021;DESPESAS;EMPRESAS PRESTADORAS DE SERVIÇOS;4437,06
01/2021;DESPESAS;Serviços de Limpeza e Jardinagem;4437,06
01/2021;DESPESAS;OUTRAS DESPESAS;1812,05
01/2021;DESPESAS;com Gás;1040,00
01/2021;DESPESAS;Desconto/Devolução;606,01
01/2021;DESPESAS;Tarifa de Cobrança;157,84
01/2021;DESPESAS;com Correio;8,20
01/2021;DESPESAS;FINANCEIRAS;165,50
01/2021;DESPESAS;Tarifa Bancária;91,45
01/2021;DESPESAS;Juros e Multas;74,05
01/2021;SALDO ATUAL;CAIXA;459,50
01/2021;SALDO ATUAL;Caixa de Condomínio;459,50
01/2021;SALDO ATUAL;BANCOS;54320,26
01/2021;SALDO ATUAL;BANCOS/CONTAS/MOVIMENTO;7805,17
01/2021;SALDO ATUAL;Caixa Econômica Federal (C/C);7805,17
01/2021;SALDO ATUAL;BANCOS/CONTAS/APLICAÇÕES;46515,09
01/2021;SALDO ATUAL;Caixa Econômica Federal - Poupança (4029-0);91,94
01/2021;SALDO ATUAL;Aplicação CEF;46423,15
02/2021;SALDO ANTERIOR;CAIXA;459,50
02/2021;SALDO ANTERIOR;Caixa de Condomínio;459,50
02/2021;SALDO ANTERIOR;BANCOS;54320,26
02/2021;SALDO ANTERIOR;BANCOS/CONTAS/MOVIMENTO;7805,17
02/2021;SALDO ANTERIOR;Caixa Econômica Federal (C/C);7805,17
02/2021;SALDO ANTERIOR;BANCOS/CONTAS/APLICAÇÕES;46515,09
02/2021;SALDO ANTERIOR;Caixa Econômica Federal - Poupança (4029-0);91,94
02/2021;SALDO ANTERIOR;Aplicação CEF;46423,15
02/2021;RECEITAS;DE CONDOMÍNIO;12934,62
02/2021;RECEITAS;Taxa de Condomínio;8429,80
02/2021;RECEITAS;Garagem;1516,57
02/2021;RECEITAS;Fundo de Reserva;994,59
02/2021;RECEITAS;Gás;951,32
02/2021;RECEITAS;Multas;36,33
02/2021;RECEITAS;Água;1006,01
02/2021;RECEITAS;OUTRAS RECEITAS;0,11
02/2021;RECEITAS;Juros Poupança (4029-0);0,11
02/2021;DESPESAS;ENCARGOS SOCIAIS;341,00
02/2021;DESPESAS;INSS (S/folha pagto );341,00
02/2021;DESPESAS;HONORÁRIOS;1484,26
02/2021;DESPESAS;Honorários Síndico;979,00
02/2021;DESPESAS;Honorário Gestão Administrativa;505,26
02/2021;DESPESAS;UTILIDADES/SERVIÇOS;1405,96
02/2021;DESPESAS;Fornecimento de Água;1355,31
02/2021;DESPESAS;Material de Expediente;50,65
02/2021;DESPESAS;/MANUTENÇÃO;1784,96
02/2021;DESPESAS;Manutenção do(s) Elevador(es);312,88
02/2021;DESPESAS;Manutenção do(s) Edifício(s);100,90
02/2021;DESPESAS;Manutenção do(s)Elevador(es)/Peças/Reparos;939,50
02/2021;DESPESAS;Manutenção Estação Tratamento de Efluentes (ETE);431,68
02/2021;DESPESAS;EMPRESAS PRESTADORAS DE SERVIÇOS;4678,33
02/2021;DESPESAS;Serviços de Limpeza e Jardinagem;4678,33
02/2021;DESPESAS;OUTRAS DESPESAS;1187,21
02/2021;DESPESAS;com Gás;975,44
02/2021;DESPESAS;Desconto/Devolução;85,57
02/2021;DESPESAS;Tarifa de Cobrança;118,00
02/2021;DESPESAS;com Correio;8,20
02/2021;DESPESAS;FINANCEIRAS;89,90
02/2021;DESPESAS;Tarifa Bancária;89,90
02/2021;SALDO ATUAL;CAIXA;1160,50
02/2021;SALDO ATUAL;Caixa de Condomínio;1160,50
02/2021;SALDO ATUAL;BANCOS;55582,37
02/2021;SALDO ATUAL;BANCOS/CONTAS/MOVIMENTO;9067,17
02/2021;SALDO ATUAL;Caixa Econômica Federal (C/C);9067,17
02/2021;SALDO ATUAL;BANCOS/CONTAS/APLICAÇÕES;46515,20
02/2021;SALDO ATUAL;Caixa Econômica Federal - Poupança (4029-0);92,05
02/2021;SALDO ATUAL;Aplicação CEF;46423,15
03/2021;SALDO ANTERIOR;CAIXA;1160,50
03/2021;SALDO ANTERIOR;Caixa de Condomínio;1160,50
03/2021;SALDO ANTERIOR;BANCOS;55582,37
03/2021;SALDO ANTERIOR;BANCOS/CONTAS/MOVIMENTO;9067,17
03/2021;SALDO ANTERIOR;Caixa Econômica Federal (C/C);9067,17
03/2021;SALDO ANTERIOR;BANCOS/CONTAS/APLICAÇÕES;46515,20
03/2021;SALDO ANTERIOR;Caixa Econômica Federal - Poupança (4029-0);92,05
03/2021;SALDO ANTERIOR;Aplicação CEF;46423,15
03/2021;RECEITAS;DE CONDOMÍNIO;13815,46
03/2021;RECEITAS;Taxa de Condomínio;8962,88
03/2021;RECEITAS;Garagem;1628,94
03/2021;RECEITAS;Fundo de Reserva;1059,13
03/2021;RECEITAS;Gás;674,05
03/2021;RECEITAS;Multas;14,28
03/2021;RECEITAS;Água;1476,18
03/2021;RECEITAS;OUTRAS RECEITAS;0,11
03/2021;RECEITAS;Juros Poupança (4029-0);0,11
03/2021;DESPESAS;ENCARGOS SOCIAIS;950,73
03/2021;DESPESAS;INSS (S/folha pagto );341,00
03/2021;DESPESAS;INSS (S/notas fiscais);609,73
03/2021;DESPESAS;HONORÁRIOS;1484,26
03/2021;DESPESAS;Honorários Síndico;979,00
03/2021;DESPESAS;Honorário Gestão Administrativa;505,26
03/2021;DESPESAS;UTILIDADES/SERVIÇOS;2804,04
03/2021;DESPESAS;Fornecimento de Energia Elétrica;839,75
03/2021;DESPESAS;Fornecimento de Água;1637,72
03/2021;DESPESAS;Material de Expediente;71,15
03/2021;DESPESAS;Material de Limpeza;255,42
03/2021;DESPESAS;IMPOSTOS/TAXAS;635,24
03/2021;DESPESAS;PIS/COFINS/CSLL;32,20
03/2021;DESPESAS;ISS;603,04
03/2021;DESPESAS;/MANUTENÇÃO;2470,44
03/2021;DESPESAS;Manutenção do(s) Elevador(es);312,88
03/2021;DESPESAS;Manutenção de Extintores;748,00
03/2021;DESPESAS;Manutenção do(s)Elevador(es)/Peças/Reparos;939,50
03/2021;DESPESAS;Manutenção Estação Tratamento de Efluentes (ETE);470,06
03/2021;DESPESAS;EMPRESAS PRESTADORAS DE SERVIÇOS;4677,22
03/2021;DESPESAS;Serviços de Limpeza e Jardinagem;4677,22
03/2021;DESPESAS;OUTRAS DESPESAS;143,44
03/2021;DESPESAS;Desconto/Devolução;11,34
03/2021;DESPESAS;Tarifa de Cobrança;123,90
03/2021;DESPESAS;com Correio;8,20
03/2021;DESPESAS;FINANCEIRAS;79,54
03/2021;DESPESAS;Tarifa Bancária;69,00
03/2021;DESPESAS;Juros e Multas;10,54
03/2021;SALDO ATUAL;CAIXA;1161,50
03/2021;SALDO ATUAL;Caixa de Condomínio;1161,50
03/2021;SALDO ATUAL;BANCOS;56152,03
03/2021;SALDO ATUAL;BANCOS/CONTAS/MOVIMENTO;9636,72
03/2021;SALDO ATUAL;Caixa Econômica Federal (C/C);9636,72
03/2021;SALDO ATUAL;BANCOS/CONTAS/APLICAÇÕES;46515,31
03/2021;SALDO ATUAL;Caixa Econômica Federal - Poupança (4029-0);92,16
03/2021;SALDO ATUAL;Aplicação CEF;46423,15
04/2021;SALDO ANTERIOR;CAIXA;1161,50
04/2021;SALDO ANTERIOR;Caixa de Condomínio;1161,50
04/2021;SALDO ANTERIOR;BANCOS;56152,03
04/2021;SALDO ANTERIOR;BANCOS/CONTAS/MOVIMENTO;9636,72
04/2021;SALDO ANTERIOR;Caixa Econômica Federal (C/C);9636,72
04/2021;SALDO ANTERIOR;BANCOS/CONTAS/APLICAÇÕES;46515,31
04/2021;SALDO ANTERIOR;Caixa Econômica Federal - Poupança (4029-0);92,16
04/2021;SALDO ANTERIOR;Aplicação CEF;46423,15
04/2021;RECEITAS;DE CONDOMÍNIO;12163,55
04/2021;RECEITAS;Taxa de Condomínio;8022,04
04/2021;RECEITAS;Garagem;1458,89
04/2021;RECEITAS;Fundo de Reserva;948,05
04/2021;RECEITAS;Gás;586,29
04/2021;RECEITAS;Água;1148,28
04/2021;RECEITAS;OUTRAS RECEITAS;0,11
04/2021;RECEITAS;Juros Poupança (4029-0);0,11
04/2021;DESPESAS;ENCARGOS SOCIAIS;950,73
04/2021;DESPESAS;INSS (S/folha pagto );341,00
04/2021;DESPESAS;INSS (S/notas fiscais);609,73
04/2021;DESPESAS;HONORÁRIOS;1484,26
04/2021;DESPESAS;Honorários Síndico;979,00
04/2021;DESPESAS;Honorário Gestão Administrativa;505,26
04/2021;DESPESAS;UTILIDADES/SERVIÇOS;1255,72
04/2021;DESPESAS;Fornecimento de Energia Elétrica;247,53
04/2021;DESPESAS;Fornecimento de Água;970,04
04/2021;DESPESAS;Material de Expediente;38,15
04/2021;DESPESAS;IMPOSTOS/TAXAS;309,45
04/2021;DESPESAS;PIS/COFINS/CSLL;16,10
04/2021;DESPESAS;ISS;293,35
04/2021;DESPESAS;/MANUTENÇÃO;1695,08
04/2021;DESPESAS;Manutenção do(s) Elevador(es);312,88
04/2021;DESPESAS;Manutenção do(s) Edifício(s);442,70
04/2021;DESPESAS;Manutenção do(s)Elevador(es)/Peças/Reparos;939,50
04/2021;DESPESAS;EMPRESAS PRESTADORAS DE SERVIÇOS;4676,11
04/2021;DESPESAS;Serviços de Limpeza e Jardinagem;4676,11
04/2021;DESPESAS;OUTRAS DESPESAS;1046,36
04/2021;DESPESAS;com Gás;660,00
04/2021;DESPESAS;com Custas Judiciais;262,94
04/2021;DESPESAS;Tarifa de Cobrança;115,22
04/2021;DESPESAS;com Correio;8,20
04/2021;DESPESAS;FINANCEIRAS;89,90
04/2021;DESPESAS;Tarifa Bancária;89,90
04/2021;SALDO ATUAL;CAIXA;1162,50
04/2021;SALDO ATUAL;Caixa de Condomínio;1162,50
04/2021;SALDO ATUAL;BANCOS;56807,08
04/2021;SALDO ATUAL;BANCOS/CONTAS/MOVIMENTO;10291,66
04/2021;SALDO ATUAL;Caixa Econômica Federal (C/C);10291,66
04/2021;SALDO ATUAL;BANCOS/CONTAS/APLICAÇÕES;46515,42
04/2021;SALDO ATUAL;Caixa Econômica Federal - Poupança (4029-0);92,27
04/2021;SALDO ATUAL;Aplicação CEF;46423,15
05/2021;SALDO ANTERIOR;CAIXA;1162,50
05/2021;SALDO ANTERIOR;Caixa de Condomínio;1162,50
05/2021;SALDO ANTERIOR;BANCOS;56807,08
05/2021;SALDO ANTERIOR;BANCOS/CONTAS/MOVIMENTO;10291,66
05/2021;SALDO ANTERIOR;Caixa Econômica Federal (C/C);10291,66
05/2021;SALDO ANTERIOR;BANCOS/CONTAS/APLICAÇÕES;46515,42
05/2021;SALDO ANTERIOR;Caixa Econômica Federal - Poupança (4029-0);92,27
05/2021;SALDO ANTERIOR;Aplicação CEF;46423,15
05/2021;RECEITAS;DE CONDOMÍNIO;12603,74
05/2021;RECEITAS;Taxa de Condomínio;8093,64
05/2021;RECEITAS;Garagem;1456,90
05/2021;RECEITAS;Fundo de Reserva;955,01
05/2021;RECEITAS;Gás;646,51
05/2021;RECEITAS;Multas;13,11
05/2021;RECEITAS;Água;1438,57
05/2021;RECEITAS;OUTRAS RECEITAS;0,15
05/2021;RECEITAS;Juros Poupança (4029-0);0,15
05/2021;DESPESAS;ENCARGOS SOCIAIS;950,73
05/2021;DESPESAS;INSS (S/folha pagto );341,00
05/2021;DESPESAS;INSS (S/notas fiscais);609,73
05/2021;DESPESAS;HONORÁRIOS;1484,26
05/2021;DESPESAS;Honorários Síndico;979,00
05/2021;DESPESAS;Honorário Gestão Administrativa;505,26
05/2021;DESPESAS;UTILIDADES/SERVIÇOS;1354,42
05/2021;DESPESAS;Fornecimento de Energia Elétrica;378,51
05/2021;DESPESAS;Fornecimento de Água;934,76
05/2021;DESPESAS;Material de Expediente;41,15
05/2021;DESPESAS;IMPOSTOS/TAXAS;290,61
05/2021;DESPESAS;PIS/COFINS/CSLL;16,10
05/2021;DESPESAS;ISS;274,51
05/2021;DESPESAS;/MANUTENÇÃO;1878,67
05/2021;DESPESAS;Manutenção do(s) Elevador(es);312,88
05/2021;DESPESAS;Manutenção do(s) Edifício(s);289,00
05/2021;DESPESAS;Manutenção do(s)Elevador(es)/Peças/Reparos;336,78
05/2021;DESPESAS;Manutenção Estação Tratamento de Efluentes (ETE);940,01
05/2021;DESPESAS;COM MELHORIAS;8194,00
05/2021;DESPESAS;Reforma e Melhoria;8194,00
05/2021;DESPESAS;COM AQUISIÇÕES;227,50
05/2021;DESPESAS;Aquisição de Lixeira;227,50
05/2021;DESPESAS;SERVIÇOS PRESTADOS POR TERCEIROS;395,00
05/2021;DESPESAS;Serviços Prestados;395,00
05/2021;DESPESAS;EMPRESAS PRESTADORAS DE SERVIÇOS;4675,56
05/2021;DESPESAS;Serviços de Limpeza e Jardinagem;4675,56
05/2021;DESPESAS;OUTRAS DESPESAS;8,20
05/2021;DESPESAS;com Correio;8,20
05/2021;DESPESAS;FINANCEIRAS;194,67
05/2021;DESPESAS;Tarifa Bancária;79,45
05/2021;DESPESAS;Tarifa Cobrança;115,22
05/2021;SALDO ATUAL;CAIXA;1163,50
05/2021;SALDO ATUAL;Caixa de Condomínio;1163,50
05/2021;SALDO ATUAL;BANCOS;49756,35
05/2021;SALDO ATUAL;BANCOS/CONTAS/APLICAÇÕES;49756,35
05/2021;SALDO ATUAL;Caixa Econômica Federal - Poupança (4029-0);92,42
05/2021;SALDO ATUAL;Aplicação CEF;49663,93
06/2021;SALDO ANTERIOR;CAIXA;1163,50
06/2021;SALDO ANTERIOR;Caixa de Condomínio;1163,50
06/2021;SALDO ANTERIOR;BANCOS;49756,35
06/2021;SALDO ANTERIOR;BANCOS/CONTAS/APLICAÇÕES;49756,35
06/2021;SALDO ANTERIOR;Caixa Econômica Federal - Poupança (4029-0);92,42
06/2021;SALDO ANTERIOR;Aplicação CEF;49663,93
06/2021;RECEITAS;DE CONDOMÍNIO;12841,14
06/2021;RECEITAS;Taxa de Condomínio;8590,92
06/2021;RECEITAS;Garagem;1571,26
06/2021;RECEITAS;Fundo de Reserva;1016,17
06/2021;RECEITAS;Gás;610,48
06/2021;RECEITAS;Água;1052,31
06/2021;RECEITAS;OUTRAS RECEITAS;292,94
06/2021;RECEITAS;Juros Poupança (4029-0);0,15
06/2021;RECEITAS;Juros Aplicação;292,79
06/2021;DESPESAS;HONORÁRIOS;1484,26
06/2021;DESPESAS;Honorários Síndico;979,00
06/2021;DESPESAS;Honorário Gestão Administrativa;505,26
06/2021;DESPESAS;UTILIDADES/SERVIÇOS;1331,16
06/2021;DESPESAS;Fornecimento de Energia Elétrica;370,01
06/2021;DESPESAS;Fornecimento de Água;923,00
06/2021;DESPESAS;Material de Expediente;38,15
06/2021;DESPESAS;IMPOSTOS/TAXAS;331,15
06/2021;DESPESAS;PIS/COFINS/CSLL;16,10
06/2021;DESPESAS;ISS;315,05
06/2021;DESPESAS;/MANUTENÇÃO;687,83
06/2021;DESPESAS;Manutenção do(s) Elevador(es);312,88
06/2021;DESPESAS;Manutenção do(s) Edifício(s);374,95
06/2021;DESPESAS;EMPRESAS PRESTADORAS DE SERVIÇOS;4674,45
06/2021;DESPESAS;Serviços de Limpeza e Jardinagem;4674,45
06/2021;DESPESAS;OUTRAS DESPESAS;2065,26
06/2021;DESPESAS;com Gás;2057,06
06/2021;DESPESAS;com Correio;8,20
06/2021;DESPESAS;FINANCEIRAS;305,35
06/2021;DESPESAS;Tarifa Bancária;79,45
06/2021;DESPESAS;Imposto de Renda (S/Aplicação);40,79
06/2021;DESPESAS;Tarifa Cobrança;180,40
06/2021;DESPESAS;Juros e Multas;4,71
06/2021;SALDO ATUAL;CAIXA;1164,50
06/2021;SALDO ATUAL;Caixa de Condomínio;1164,50
06/2021;SALDO ATUAL;BANCOS;52009,97
06/2021;SALDO ATUAL;BANCOS/CONTAS/MOVIMENTO;2001,47
06/2021;SALDO ATUAL;Caixa Econômica Federal (C/C);2001,47
06/2021;SALDO ATUAL;BANCOS/CONTAS/APLICAÇÕES;50008,50
06/2021;SALDO ATUAL;Caixa Econômica Federal - Poupança (4029-0);92,57
06/2021;SALDO ATUAL;Aplicação CEF;49915,93
07/2021;SALDO ANTERIOR;CAIXA;1164,50
07/2021;SALDO ANTERIOR;Caixa de Condomínio;1164,50
07/2021;SALDO ANTERIOR;BANCOS;52009,97
07/2021;SALDO ANTERIOR;BANCOS/CONTAS/MOVIMENTO;2001,47
07/2021;SALDO ANTERIOR;Caixa Econômica Federal (C/C);2001,47
07/2021;SALDO ANTERIOR;BANCOS/CONTAS/APLICAÇÕES;50008,50
07/2021;SALDO ANTERIOR;Caixa Econômica Federal - Poupança (4029-0);92,57
07/2021;SALDO ANTERIOR;Aplicação CEF;49915,93
07/2021;RECEITAS;DE CONDOMÍNIO;14750,05
07/2021;RECEITAS;Taxa de Condomínio;9470,36
07/2021;RECEITAS;Garagem;1583,63
07/2021;RECEITAS;Fundo de Reserva;1079,05
07/2021;RECEITAS;Gás;828,96
07/2021;RECEITAS;Multas;347,80
07/2021;RECEITAS;Água;1440,25
07/2021;RECEITAS;OUTRAS RECEITAS;0,19
07/2021;RECEITAS;Juros Poupança (4029-0);0,19
07/2021;DESPESAS;ENCARGOS SOCIAIS;1814,95
07/2021;DESPESAS;INSS (S/folha pagto );341,00
07/2021;DESPESAS;INSS (S/notas fiscais);1473,95
07/2021;DESPESAS;HONORÁRIOS;1484,26
07/2021;DESPESAS;Honorários Síndico;979,00
07/2021;DESPESAS;Honorário Gestão Administrativa;505,26
07/2021;DESPESAS;UTILIDADES/SERVIÇOS;1129,42
07/2021;DESPESAS;Fornecimento de Energia Elétrica;197,67
07/2021;DESPESAS;Fornecimento de Água;893,60
07/2021;DESPESAS;Material de Expediente;38,15
07/2021;DESPESAS;IMPOSTOS/TAXAS;292,27
07/2021;DESPESAS;PIS/COFINS/CSLL;16,10
07/2021;DESPESAS;ISS;276,17
07/2021;DESPESAS;/MANUTENÇÃO;1360,92
07/2021;DESPESAS;Manutenção do(s) Edifício(s);475,15
07/2021;DESPESAS;Manutenção Estação Tratamento de Efluentes (ETE);885,77
07/2021;DESPESAS;EMPRESAS PRESTADORAS DE SERVIÇOS;4691,90
07/2021;DESPESAS;Serviços de Limpeza e Jardinagem;4691,90
07/2021;DESPESAS;OUTRAS DESPESAS;281,40
07/2021;DESPESAS;Desconto/Devolução;129,72
07/2021;DESPESAS;com Correio;8,20
07/2021;DESPESAS;com Cartório;143,48
07/2021;DESPESAS;FINANCEIRAS;188,77
07/2021;DESPESAS;Tarifa Bancária;79,45
07/2021;DESPESAS;Tarifa Cobrança;109,32
07/2021;SALDO ATUAL;CAIXA;1172,02
07/2021;SALDO ATUAL;Caixa de Condomínio;1172,02
07/2021;SALDO ATUAL;BANCOS;55508,80
07/2021;SALDO ATUAL;BANCOS/CONTAS/MOVIMENTO;5500,11
07/2021;SALDO ATUAL;Caixa Econômica Federal (C/C);5500,11
07/2021;SALDO ATUAL;BANCOS/CONTAS/APLICAÇÕES;50008,69
07/2021;SALDO ATUAL;Caixa Econômica Federal - Poupança (4029-0);92,76
07/2021;SALDO ATUAL;Aplicação CEF;49915,93
08/2021;SALDO ANTERIOR;CAIXA;1172,02
08/2021;SALDO ANTERIOR;Caixa de Condomínio;1172,02
08/2021;SALDO ANTERIOR;BANCOS;55508,80
08/2021;SALDO ANTERIOR;BANCOS/CONTAS/MOVIMENTO;5500,11
08/2021;SALDO ANTERIOR;Caixa Econômica Federal (C/C);5500,11
08/2021;SALDO ANTERIOR;BANCOS/CONTAS/APLICAÇÕES;50008,69
08/2021;SALDO ANTERIOR;Caixa Econômica Federal - Poupança (4029-0);92,76
08/2021;SALDO ANTERIOR;Aplicação CEF;49915,93
08/2021;RECEITAS;DE CONDOMÍNIO;15128,29
08/2021;RECEITAS;Taxa de Condomínio;9987,75
08/2021;RECEITAS;Garagem;1823,77
08/2021;RECEITAS;Fundo de Reserva;1181,19
08/2021;RECEITAS;Gás;947,04
08/2021;RECEITAS;Água;1188,54
08/2021;RECEITAS;OUTRAS RECEITAS;302,28
08/2021;RECEITAS;Juros Poupança (4029-0);0,23
08/2021;RECEITAS;Juros Aplicação;302,05
08/2021;DESPESAS;ENCARGOS SOCIAIS;1004,63
08/2021;DESPESAS;INSS (S/folha pagto );341,00
08/2021;DESPESAS;INSS (S/notas fiscais);663,63
08/2021;DESPESAS;HONORÁRIOS;1484,26
08/2021;DESPESAS;Honorários Síndico;979,00
08/2021;DESPESAS;Honorário Gestão Administrativa;505,26
08/2021;DESPESAS;UTILIDADES/SERVIÇOS;1592,22
08/2021;DESPESAS;Fornecimento de Energia Elétrica;540,48
08/2021;DESPESAS;Fornecimento de Água;904,29
08/2021;DESPESAS;Material de Expediente;147,45
08/2021;DESPESAS;IMPOSTOS/TAXAS;339,18
08/2021;DESPESAS;PIS/COFINS/CSLL;19,01
08/2021;DESPESAS;ISS;320,17
08/2021;DESPESAS;/MANUTENÇÃO;1883,11
08/2021;DESPESAS;Manutenção do(s) Elevador(es);682,04
08/2021;DESPESAS;Manutenção do(s)Elevador(es)/Peças/Reparos;785,45
08/2021;DESPESAS;Manutenção Estação Tratamento de Efluentes (ETE);415,62
08/2021;DESPESAS;COM MELHORIAS;3190,00
08/2021;DESPESAS;Instalação Sistema de Monitoramento;3190,00
08/2021;DESPESAS;COM AQUISIÇÕES;2063,22
08/2021;DESPESAS;Aquisição Janela;2063,22
08/2021;DESPESAS;SERVIÇOS PRESTADOS POR TERCEIROS;1844,60
08/2021;DESPESAS;Serviços Elétricos;844,60
08/2021;DESPESAS;Serviços de Limpeza de Fossa;1000,00
08/2021;DESPESAS;EMPRESAS PRESTADORAS DE SERVIÇOS;4672,79
08/2021;DESPESAS;Serviços de Limpeza e Jardinagem;4672,79
08/2021;DESPESAS;OUTRAS DESPESAS;1898,78
08/2021;DESPESAS;com Gás;1898,78
08/2021;DESPESAS;FINANCEIRAS;257,38
08/2021;DESPESAS;Tarifa Bancária;115,95
08/2021;DESPESAS;Imposto de Renda (S/Aplicação);1,04
08/2021;DESPESAS;Tarifa Cobrança;129,80
08/2021;DESPESAS;Juros e Multas;10,59
08/2021;SALDO ATUAL;CAIXA;1173,02
08/2021;SALDO ATUAL;Caixa de Condomínio;1173,02
08/2021;SALDO ATUAL;BANCOS;50708,20
08/2021;SALDO ATUAL;BANCOS/CONTAS/MOVIMENTO;1210,79
08/2021;SALDO ATUAL;Caixa Econômica Federal (C/C);1210,79
08/2021;SALDO ATUAL;BANCOS/CONTAS/APLICAÇÕES;49497,41
08/2021;SALDO ATUAL;Caixa Econômica Federal - Poupança (4029-0);92,99
08/2021;SALDO ATUAL;Aplicação CEF;49404,42
09/2021;SALDO ANTERIOR;CAIXA;1173,02
09/2021;SALDO ANTERIOR;Caixa de Condomínio;1173,02
09/2021;SALDO ANTERIOR;BANCOS;50708,20
09/2021;SALDO ANTERIOR;BANCOS/CONTAS/MOVIMENTO;1210,79
09/2021;SALDO ANTERIOR;Caixa Econômica Federal (C/C);1210,79
09/2021;SALDO ANTERIOR;BANCOS/CONTAS/APLICAÇÕES;49497,41
09/2021;SALDO ANTERIOR;Caixa Econômica Federal - Poupança (4029-0);92,99
09/2021;SALDO ANTERIOR;Aplicação CEF;49404,42
09/2021;RECEITAS;DE CONDOMÍNIO;14580,39
09/2021;RECEITAS;Taxa de Condomínio;9717,54
09/2021;RECEITAS;Garagem;1766,61
09/2021;RECEITAS;Fundo de Reserva;1148,45
09/2021;RECEITAS;Gás;875,18
09/2021;RECEITAS;Água;1072,61
09/2021;RECEITAS;OUTRAS RECEITAS;167,77
09/2021;RECEITAS;Juros Poupança (4029-0);0,28
09/2021;RECEITAS;Juros Aplicação;167,49
09/2021;DESPESAS;ENCARGOS SOCIAIS;1614,36
09/2021;DESPESAS;INSS (S/folha pagto );341,00
09/2021;DESPESAS;INSS (S/notas fiscais);1273,36
09/2021;DESPESAS;HONORÁRIOS;1484,26
09/2021;DESPESAS;Honorários Síndico;979,00
09/2021;DESPESAS;Honorário Gestão Administrativa;505,26
09/2021;DESPESAS;UTILIDADES/SERVIÇOS;1618,54
09/2021;DESPESAS;Fornecimento de Energia Elétrica;652,43
09/2021;DESPESAS;Fornecimento de Água;918,36
09/2021;DESPESAS;Material de Expediente;47,75
09/2021;DESPESAS;IMPOSTOS/TAXAS;353,04
09/2021;DESPESAS;PIS/COFINS/CSLL;19,01
09/2021;DESPESAS;ISS;334,03
09/2021;DESPESAS;/MANUTENÇÃO;1624,15
09/2021;DESPESAS;Manutenção do(s) Elevador(es);369,18
09/2021;DESPESAS;Manutenção do(s)Elevador(es)/Peças/Reparos;785,45
09/2021;DESPESAS;Manutenção Estação Tratamento de Efluentes (ETE);469,52
09/2021;DESPESAS;COM MELHORIAS;3190,00
09/2021;DESPESAS;Instalação Sistema de Monitoramento;3190,00
09/2021;DESPESAS;SERVIÇOS PRESTADOS POR TERCEIROS;1300,00
09/2021;DESPESAS;Serviços Prestados;1300,00
09/2021;DESPESAS;EMPRESAS PRESTADORAS DE SERVIÇOS;4672,23
09/2021;DESPESAS;Serviços de Limpeza e Jardinagem;4672,23
09/2021;DESPESAS;OUTRAS DESPESAS;8,20
09/2021;DESPESAS;com Correio;8,20
09/2021;DESPESAS;FINANCEIRAS;353,40
09/2021;DESPESAS;Tarifa Bancária;85,45
09/2021;DESPESAS;Imposto de Renda (S/Aplicação);5,30
09/2021;DESPESAS;Tarifa Cobrança;129,80
09/2021;DESPESAS;Juros e Multas;132,85
09/2021;SALDO ATUAL;CAIXA;1164,02
09/2021;SALDO ATUAL;Caixa de Condomínio;1164,02
09/2021;SALDO ATUAL;BANCOS;49247,18
09/2021;SALDO ATUAL;BANCOS/CONTAS/MOVIMENTO;2475,45
09/2021;SALDO ATUAL;Caixa Econômica Federal (C/C);2475,45
09/2021;SALDO ATUAL;BANCOS/CONTAS/APLICAÇÕES;46771,73
09/2021;SALDO ATUAL;Caixa Econômica Federal - Poupança (4029-0);90,27
09/2021;SALDO ATUAL;Aplicação CEF;46681,46
10/2021;SALDO ANTERIOR;CAIXA;1164,02
10/2021;SALDO ANTERIOR;Caixa de Condomínio;1164,02
10/2021;SALDO ANTERIOR;BANCOS;49247,18
10/2021;SALDO ANTERIOR;BANCOS/CONTAS/MOVIMENTO;2475,45
10/2021;SALDO ANTERIOR;Caixa Econômica Federal (C/C);2475,45
10/2021;SALDO ANTERIOR;BANCOS/CONTAS/APLICAÇÕES;46771,73
10/2021;SALDO ANTERIOR;Caixa Econômica Federal - Poupança (4029-0);90,27
10/2021;SALDO ANTERIOR;Aplicação CEF;46681,46
10/2021;RECEITAS;DE CONDOMÍNIO;12221,53
10/2021;RECEITAS;Taxa de Condomínio;7900,82
10/2021;RECEITAS;Garagem;1402,89
10/2021;RECEITAS;Fundo de Reserva;930,41
10/2021;RECEITAS;Gás;813,74
10/2021;RECEITAS;Multas;14,00
10/2021;RECEITAS;Água;1159,67
10/2021;RECEITAS;OUTRAS RECEITAS;238,59
10/2021;RECEITAS;Juros Aplicação;188,59
10/2021;RECEITAS;Salão de Festa - Uso;50,00
10/2021;DESPESAS;ENCARGOS SOCIAIS;969,74
10/2021;DESPESAS;INSS (S/folha pagto );341,00
10/2021;DESPESAS;INSS (S/notas fiscais);609,73
10/2021;DESPESAS;PIS;19,01
10/2021;DESPESAS;HONORÁRIOS;1510,85
10/2021;DESPESAS;Honorários Síndico;979,00
10/2021;DESPESAS;Honorário Gestão Administrativa;531,85
10/2021;DESPESAS;UTILIDADES/SERVIÇOS;1952,36
10/2021;DESPESAS;Fornecimento de Energia Elétrica;716,82
10/2021;DESPESAS;Fornecimento de Água;978,66
10/2021;DESPESAS;Material de Expediente;115,95
10/2021;DESPESAS;Material de Limpeza;140,93
10/2021;DESPESAS;IMPOSTOS/TAXAS;301,99
10/2021;DESPESAS;ISS;301,99
10/2021;DESPESAS;/MANUTENÇÃO;838,65
10/2021;DESPESAS;Manutenção do(s) Elevador(es);369,18
10/2021;DESPESAS;Manutenção Estação Tratamento de Efluentes (ETE);469,47
10/2021;DESPESAS;COM MELHORIAS;1680,00
10/2021;DESPESAS;Instalação Sistema de Monitoramento;1680,00
10/2021;DESPESAS;SERVIÇOS PRESTADOS POR TERCEIROS;1737,51
10/2021;DESPESAS;Serviços de Pintura;1000,00
10/2021;DESPESAS;Serviços de Limpeza Caixa de Gordura/Fossa;737,51
10/2021;DESPESAS;EMPRESAS PRESTADORAS DE SERVIÇOS;4718,46
10/2021;DESPESAS;Serviços de Limpeza e Jardinagem;4718,46
10/2021;DESPESAS;OUTRAS DESPESAS;1870,20
10/2021;DESPESAS;com Gás;1862,00
10/2021;DESPESAS;com Correio;8,20
10/2021;DESPESAS;FINANCEIRAS;232,06
10/2021;DESPESAS;Tarifa Bancária;79,45
10/2021;DESPESAS;Imposto de Renda (S/Aplicação);5,49
10/2021;DESPESAS;Tarifa Cobrança;106,20
10/2021;DESPESAS;Juros e Multas;40,92
10/2021;SALDO ATUAL;CAIXA;1165,02
10/2021;SALDO ATUAL;Caixa de Condomínio;1165,02
10/2021;SALDO ATUAL;BANCOS;45894,48
10/2021;SALDO ATUAL;BANCOS/CONTAS/MOVIMENTO;1079,75
10/2021;SALDO ATUAL;Caixa Econômica Federal (C/C);1079,75
10/2021;SALDO ATUAL;BANCOS/CONTAS/APLICAÇÕES;44814,73
10/2021;SALDO ATUAL;Caixa Econômica Federal - Poupança (4029-0);90,27
10/2021;SALDO ATUAL;Aplicação CEF;44724,46
11/2021;SALDO ANTERIOR;CAIXA;1165,02
11/2021;SALDO ANTERIOR;Caixa de Condomínio;1165,02
11/2021;SALDO ANTERIOR;BANCOS;45894,48
11/2021;SALDO ANTERIOR;BANCOS/CONTAS/MOVIMENTO;1079,75
11/2021;SALDO ANTERIOR;Caixa Econômica Federal (C/C);1079,75
11/2021;SALDO ANTERIOR;BANCOS/CONTAS/APLICAÇÕES;44814,73
11/2021;SALDO ANTERIOR;Caixa Econômica Federal - Poupança (4029-0);90,27
11/2021;SALDO ANTERIOR;Aplicação CEF;44724,46
11/2021;RECEITAS;DE CONDOMÍNIO;13759,12
11/2021;RECEITAS;Taxa de Condomínio;9014,96
11/2021;RECEITAS;Garagem;1641,91
11/2021;RECEITAS;Fundo de Reserva;1065,73
11/2021;RECEITAS;Gás;817,42
11/2021;RECEITAS;Multas;21,52
11/2021;RECEITAS;Água;1197,58
11/2021;RECEITAS;OUTRAS RECEITAS;218,01
11/2021;RECEITAS;Juros Poupança (4029-0);0,59
11/2021;RECEITAS;Juros Aplicação;217,42
11/2021;DESPESAS;ENCARGOS SOCIAIS;950,73
11/2021;DESPESAS;INSS (S/folha pagto e notas fiscais);950,73
11/2021;DESPESAS;HONORÁRIOS;1510,85
11/2021;DESPESAS;Honorários Síndico;979,00
11/2021;DESPESAS;Honorário Gestão Administrativa;531,85
11/2021;DESPESAS;UTILIDADES/SERVIÇOS;2269,61
11/2021;DESPESAS;Fornecimento de Energia Elétrica;688,18
11/2021;DESPESAS;Fornecimento de Água;908,31
11/2021;DESPESAS;Material de Expediente;68,60
11/2021;DESPESAS;Material de Limpeza;217,68
11/2021;DESPESAS;Internet;386,84
11/2021;DESPESAS;IMPOSTOS/TAXAS;388,81
11/2021;DESPESAS;PIS/COFINS/CSLL;19,01
11/2021;DESPESAS;ISS;369,80
11/2021;DESPESAS;/MANUTENÇÃO;2177,31
11/2021;DESPESAS;Manutenção do(s) Elevador(es);369,18
11/2021;DESPESAS;Manutenção do(s) Edifício(s);326,05
11/2021;DESPESAS;Manutenção do Interfone;1130,84
11/2021;DESPESAS;Manutenção do(s)Elevador(es)/Peças/Reparos;351,24
11/2021;DESPESAS;SERVIÇOS PRESTADOS POR TERCEIROS;1137,50
11/2021;DESPESAS;Serviços de Pintura;400,00
11/2021;DESPESAS;Serviços de Limpeza Caixa de Gordura/Fossa;737,50
11/2021;DESPESAS;OUTRAS DESPESAS;8,20
11/2021;DESPESAS;com Correio;8,20
11/2021;DESPESAS;FINANCEIRAS;348,16
11/2021;DESPESAS;Tarifa Bancária;79,45
11/2021;DESPESAS;Imposto de Renda (S/Aplicação);139,12
11/2021;DESPESAS;Tarifa Cobrança;118,00
11/2021;DESPESAS;Juros e Multas;11,59
11/2021;SALDO ATUAL;CAIXA;1166,02
11/2021;SALDO ATUAL;Caixa de Condomínio;1166,02
11/2021;SALDO ATUAL;BANCOS;51079,44
11/2021;SALDO ATUAL;BANCOS/CONTAS/MOVIMENTO;6185,82
11/2021;SALDO ATUAL;Caixa Econômica Federal (C/C);6185,82
11/2021;SALDO ATUAL;BANCOS/CONTAS/APLICAÇÕES;44893,62
11/2021;SALDO ATUAL;Caixa Econômica Federal - Poupança (4029-0);90,86
11/2021;SALDO ATUAL;Aplicação CEF;44802,76
12/2021;SALDO ANTERIOR;CAIXA;1166,02
12/2021;SALDO ANTERIOR;Caixa de Condomínio;1166,02
12/2021;SALDO ANTERIOR;BANCOS;51079,44
12/2021;SALDO ANTERIOR;BANCOS/CONTAS/MOVIMENTO;6185,82
12/2021;SALDO ANTERIOR;Caixa Econômica Federal (C/C);6185,82
12/2021;SALDO ANTERIOR;BANCOS/CONTAS/APLICAÇÕES;44893,62
12/2021;SALDO ANTERIOR;Caixa Econômica Federal - Poupança (4029-0);90,86
12/2021;SALDO ANTERIOR;Aplicação CEF;44802,76
12/2021;RECEITAS;DE CONDOMÍNIO;12999,18
12/2021;RECEITAS;Taxa de Condomínio;8603,40
12/2021;RECEITAS;Garagem;1527,59
12/2021;RECEITAS;Fundo de Reserva;1013,13
12/2021;RECEITAS;Gás;737,60
12/2021;RECEITAS;Multas;11,16
12/2021;RECEITAS;Água;1090,22
12/2021;RECEITAS;Juros;16,08
12/2021;RECEITAS;OUTRAS RECEITAS;413,67
12/2021;RECEITAS;Juros Poupança (4029-0);0,40
12/2021;RECEITAS;Juros Aplicação;313,27
12/2021;RECEITAS;Salão de Festa - Uso;100,00
12/2021;DESPESAS;ENCARGOS SOCIAIS;950,73
12/2021;DESPESAS;INSS (S/folha pagto e notas fiscais);950,73
12/2021;DESPESAS;HONORÁRIOS;2042,70
12/2021;DESPESAS;Honorários Síndico;979,00
12/2021;DESPESAS;Honorário Gestão Administrativa;531,85
12/2021;DESPESAS;Honorário Gestão Administrativa Extra;531,85
12/2021;DESPESAS;UTILIDADES/SERVIÇOS;1704,28
12/2021;DESPESAS;Fornecimento de Energia Elétrica;674,18
12/2021;DESPESAS;Fornecimento de Água;966,60
12/2021;DESPESAS;Material de Expediente;63,50
12/2021;DESPESAS;IMPOSTOS/TAXAS;339,10
12/2021;DESPESAS;PIS/COFINS/CSLL;19,01
12/2021;DESPESAS;ISS;320,09
12/2021;DESPESAS;/MANUTENÇÃO;1981,00
12/2021;DESPESAS;Manutenção do(s) Edifício(s);722,85
12/2021;DESPESAS;Manutenção do Portão;320,00
12/2021;DESPESAS;Manutenção Estação Tratamento de Efluentes (ETE);938,15
12/2021;DESPESAS;SERVIÇOS PRESTADOS POR TERCEIROS;1071,75
12/2021;DESPESAS;Serviços Prestados;300,00
12/2021;DESPESAS;Serviços de Limpeza Caixa de Gordura/Fossa;771,75
12/2021;DESPESAS;EMPRESAS PRESTADORAS DE SERVIÇOS;4961,15
12/2021;DESPESAS;Serviços de Limpeza e Jardinagem;4961,15
12/2021;DESPESAS;OUTRAS DESPESAS;1766,21
12/2021;DESPESAS;com Gás;1766,21
12/2021;DESPESAS;FINANCEIRAS;212,47
12/2021;DESPESAS;Tarifa Bancária;79,45
12/2021;DESPESAS;Imposto de Renda (S/Aplicação);11,90
12/2021;DESPESAS;Tarifa Cobrança;121,12
12/2021;SALDO ATUAL;CAIXA;-2,53
12/2021;SALDO ATUAL;Caixa de Condomínio;-2,53
12/2021;SALDO ATUAL;BANCOS;50631,45
12/2021;SALDO ATUAL;BANCOS/CONTAS/MOVIMENTO;1994,32
12/2021;SALDO ATUAL;Caixa Econômica Federal (C/C);1994,32
12/2021;SALDO ATUAL;BANCOS/CONTAS/APLICAÇÕES;48637,13
12/2021;SALDO ATUAL;Caixa Econômica Federal - Poupança (4029-0);91,26
12/2021;SALDO ATUAL;Aplicação CEF;48545,87
01/2022;SALDO ANTERIOR;CAIXA;-2,53
01/2022;SALDO ANTERIOR;Caixa de Condomínio;-2,53
01/2022;SALDO ANTERIOR;BANCOS;50631,45
01/2022;SALDO ANTERIOR;BANCOS/CONTAS/MOVIMENTO;1994,32
01/2022;SALDO ANTERIOR;Caixa Econômica Federal (C/C);1994,32
01/2022;SALDO ANTERIOR;BANCOS/CONTAS/APLICAÇÕES;48637,13
01/2022;SALDO ANTERIOR;Caixa Econômica Federal - Poupança (4029-0);91,26
01/2022;SALDO ANTERIOR;Aplicação CEF;48545,87
01/2022;RECEITAS;DE CONDOMÍNIO;14261,14
01/2022;RECEITAS;Taxa de Condomínio;9293,50
01/2022;RECEITAS;Garagem;1709,45
01/2022;RECEITAS;Fundo de Reserva;1100,33
01/2022;RECEITAS;Gás;875,65
01/2022;RECEITAS;Água;1282,21
01/2022;RECEITAS;OUTRAS RECEITAS;419,07
01/2022;RECEITAS;Juros Poupança (4029-0);0,44
01/2022;RECEITAS;Juros Aplicação;318,63
01/2022;RECEITAS;Salão de Festa - Uso;100,00
01/2022;DESPESAS;ENCARGOS SOCIAIS;1049,73
01/2022;DESPESAS;INSS (S/folha pagto e notas fiscais);1049,73
01/2022;DESPESAS;HONORÁRIOS;1501,85
01/2022;DESPESAS;Honorários Síndico;970,00
01/2022;DESPESAS;Honorário Gestão Administrativa;531,85
01/2022;DESPESAS;UTILIDADES/SERVIÇOS;2127,90
01/2022;DESPESAS;Fornecimento de Energia Elétrica;775,61
01/2022;DESPESAS;Fornecimento de Água;942,48
01/2022;DESPESAS;Material de Expediente;61,40
01/2022;DESPESAS;Material de Limpeza;348,41
01/2022;DESPESAS;IMPOSTOS/TAXAS;382,70
01/2022;DESPESAS;PIS/COFINS/CSLL;19,01
01/2022;DESPESAS;ISS;363,69
01/2022;DESPESAS;/MANUTENÇÃO;738,36
01/2022;DESPESAS;Manutenção do(s) Elevador(es);738,36
01/2022;DESPESAS;SERVIÇOS PRESTADOS POR TERCEIROS;1850,00
01/2022;DESPESAS;Serviços Prestados;1850,00
01/2022;DESPESAS;EMPRESAS PRESTADORAS DE SERVIÇOS;4661,15
01/2022;DESPESAS;Serviços de Limpeza e Jardinagem;4661,15
01/2022;DESPESAS;OUTRAS DESPESAS;8,20
01/2022;DESPESAS;com Correio;8,20
01/2022;DESPESAS;FINANCEIRAS;219,78
01/2022;DESPESAS;Tarifa Bancária;69,00
01/2022;DESPESAS;Tarifa Cobrança;123,90
01/2022;DESPESAS;Juros e Multas;26,88
01/2022;SALDO ATUAL;CAIXA;-2,53
01/2022;SALDO ATUAL;Caixa de Condomínio;-2,53
01/2022;SALDO ATUAL;BANCOS;52771,99
01/2022;SALDO ATUAL;BANCOS/CONTAS/MOVIMENTO;3815,79
01/2022;SALDO ATUAL;Caixa Econômica Federal (C/C);3815,79
01/2022;SALDO ATUAL;BANCOS/CONTAS/APLICAÇÕES;48956,20
01/2022;SALDO ATUAL;Caixa Econômica Federal - Poupança (4029-0);91,70
01/2022;SALDO ATUAL;Aplicação CEF;48864,50
02/2022;SALDO ANTERIOR;CAIXA;-2,53
02/2022;SALDO ANTERIOR;Caixa de Condomínio;-2,53
02/2022;SALDO ANTERIOR;BANCOS;52771,99
02/2022;SALDO ANTERIOR;BANCOS/CONTAS/MOVIMENTO;3815,79
02/2022;SALDO ANTERIOR;Caixa Econômica Federal (C/C);3815,79
02/2022;SALDO ANTERIOR;BANCOS/CONTAS/APLICAÇÕES;48956,20
02/2022;SALDO ANTERIOR;Caixa Econômica Federal - Poupança (4029-0);91,70
02/2022;SALDO ANTERIOR;Aplicação CEF;48864,50
02/2022;RECEITAS;DE CONDOMÍNIO;11963,20
02/2022;RECEITAS;Taxa de Condomínio;7703,36
02/2022;RECEITAS;Garagem;1345,74
02/2022;RECEITAS;Fundo de Reserva;904,95
02/2022;RECEITAS;Gás;679,02
02/2022;RECEITAS;Multas;12,14
02/2022;RECEITAS;Água;1317,99
02/2022;RECEITAS;OUTRAS RECEITAS;343,74
02/2022;RECEITAS;Juros Poupança (4029-0);0,56
02/2022;RECEITAS;Juros Aplicação;343,18
02/2022;DESPESAS;HONORÁRIOS;1609,85
02/2022;DESPESAS;Honorários Síndico;1078,00
02/2022;DESPESAS;Honorário Gestão Administrativa;531,85
02/2022;DESPESAS;UTILIDADES/SERVIÇOS;1428,40
02/2022;DESPESAS;Fornecimento de Água;1053,50
02/2022;DESPESAS;Material de Expediente;75,10
02/2022;DESPESAS;Internet;299,80
02/2022;DESPESAS;/MANUTENÇÃO;4323,52
02/2022;DESPESAS;Manutenção do(s) Elevador(es);369,18
02/2022;DESPESAS;Manutenção do(s) Edifício(s);382,70
02/2022;DESPESAS;Manutenção de Extintores;779,00
02/2022;DESPESAS;Manutenção do(s)Elevador(es)/Peças/Reparos;680,32
02/2022;DESPESAS;Manutenção Estação Tratamento de Efluentes (ETE);937,32
02/2022;DESPESAS;Manutenção Interfone;1175,00
02/2022;DESPESAS;EMPRESAS PRESTADORAS DE SERVIÇOS;4657,82
02/2022;DESPESAS;Serviços de Limpeza e Jardinagem;4657,82
02/2022;DESPESAS;OUTRAS DESPESAS;1634,20
02/2022;DESPESAS;com Gás;1626,00
02/2022;DESPESAS;com Correio;8,20
02/2022;DESPESAS;FINANCEIRAS;195,76
02/2022;DESPESAS;Tarifa Bancária;79,45
02/2022;DESPESAS;Tarifa Cobrança;106,20
02/2022;DESPESAS;Juros e Multas;10,11
02/2022;SALDO ATUAL;CAIXA;-2,53
02/2022;SALDO ATUAL;Caixa de Condomínio;-2,53
02/2022;SALDO ATUAL;BANCOS;51229,38
02/2022;SALDO ATUAL;BANCOS/CONTAS/MOVIMENTO;1929,44
02/2022;SALDO ATUAL;Caixa Econômica Federal (C/C);1929,44
02/2022;SALDO ATUAL;BANCOS/CONTAS/APLICAÇÕES;49299,94
02/2022;SALDO ATUAL;Caixa Econômica Federal - Poupança (4029-0);92,26
02/2022;SALDO ATUAL;Aplicação CEF;49207,68
03/2022;SALDO ANTERIOR;CAIXA;-2,53
03/2022;SALDO ANTERIOR;Caixa de Condomínio;-2,53
03/2022;SALDO ANTERIOR;BANCOS;51229,38
03/2022;SALDO ANTERIOR;BANCOS/CONTAS/MOVIMENTO;1929,44
03/2022;SALDO ANTERIOR;Caixa Econômica Federal (C/C);1929,44
03/2022;SALDO ANTERIOR;BANCOS/CONTAS/APLICAÇÕES;49299,94
03/2022;SALDO ANTERIOR;Caixa Econômica Federal - Poupança (4029-0);92,26
03/2022;SALDO ANTERIOR;Aplicação CEF;49207,68
03/2022;RECEITAS;DE CONDOMÍNIO;12156,02
03/2022;RECEITAS;Taxa de Condomínio;8187,68
03/2022;RECEITAS;Garagem;1465,24
03/2022;RECEITAS;Fundo de Reserva;965,33
03/2022;RECEITAS;Gás;504,20
03/2022;RECEITAS;Multas;15,00
03/2022;RECEITAS;Água;1018,57
03/2022;RECEITAS;OUTRAS RECEITAS;374,06
03/2022;RECEITAS;Juros Poupança (4029-0);0,46
03/2022;RECEITAS;Juros Aplicação;373,60
03/2022;DESPESAS;ENCARGOS SOCIAIS;2544,40
03/2022;DESPESAS;INSS (S/folha pagto e notas fiscais);2544,40
03/2022;DESPESAS;HONORÁRIOS;1609,85
03/2022;DESPESAS;Honorários Síndico;1078,00
03/2022;DESPESAS;Honorário Gestão Administrativa;531,85
03/2022;DESPESAS;UTILIDADES/SERVIÇOS;2808,72
03/2022;DESPESAS;Fornecimento de Energia Elétrica;1267,03
03/2022;DESPESAS;Fornecimento de Água;984,69
03/2022;DESPESAS;Material de Expediente;64,40
03/2022;DESPESAS;Material de Limpeza;192,80
03/2022;DESPESAS;Internet;299,80
03/2022;DESPESAS;IMPOSTOS/TAXAS;38,02
03/2022;DESPESAS;PIS/COFINS/CSLL;38,02
03/2022;DESPESAS;/MANUTENÇÃO;3012,44
03/2022;DESPESAS;Manutenção do(s) Elevador(es);369,18
03/2022;DESPESAS;Manutenção do(s)Elevador(es)/Peças/Reparos;865,92
03/2022;DESPESAS;Manutenção Estação Tratamento de Efluentes (ETE);602,34
03/2022;DESPESAS;Manutenção Interfone;1175,00
03/2022;DESPESAS;SERVIÇOS PRESTADOS POR TERCEIROS;2331,75
03/2022;DESPESAS;Serviços Prestados;1060,00
03/2022;DESPESAS;Serviços de Limpeza Caixa de Gordura/Fossa;771,75
03/2022;DESPESAS;Serviços de Engenharia;500,00
03/2022;DESPESAS;EMPRESAS PRESTADORAS DE SERVIÇOS;5037,90
03/2022;DESPESAS;Serviços de Limpeza e Jardinagem;5037,90
03/2022;DESPESAS;OUTRAS DESPESAS;2162,72
03/2022;DESPESAS;com Gás;904,32
03/2022;DESPESAS;com Ressarcimento;1250,00
03/2022;DESPESAS;com Correio;8,40
03/2022;DESPESAS;FINANCEIRAS;400,85
03/2022;DESPESAS;Tarifa Bancária;100,35
03/2022;DESPESAS;Imposto de Renda (S/Aplicação);28,01
03/2022;DESPESAS;Tarifa Cobrança;115,22
03/2022;DESPESAS;Juros e Multas;157,27
03/2022;SALDO ATUAL;CAIXA;-2,53
03/2022;SALDO ATUAL;Caixa de Condomínio;-2,53
03/2022;SALDO ATUAL;BANCOS;43812,81
03/2022;SALDO ATUAL;BANCOS/CONTAS/APLICAÇÕES;43812,81
03/2022;SALDO ATUAL;Caixa Econômica Federal - Poupança (4029-0);92,72
03/2022;SALDO ATUAL;Aplicação CEF;43720,09
04/2022;SALDO ANTERIOR;CAIXA;-2,53
04/2022;SALDO ANTERIOR;Caixa de Condomínio;-2,53
04/2022;SALDO ANTERIOR;BANCOS;43812,81
04/2022;SALDO ANTERIOR;BANCOS/CONTAS/APLICAÇÕES;43812,81
04/2022;SALDO ANTERIOR;Caixa Econômica Federal - Poupança (4029-0);92,72
04/2022;SALDO ANTERIOR;Aplicação CEF;43720,09
04/2022;RECEITAS;DE CONDOMÍNIO;15018,35
04/2022;RECEITAS;Taxa de Condomínio;9915,00
04/2022;RECEITAS;Garagem;1761,41
04/2022;RECEITAS;Fundo de Reserva;1167,68
04/2022;RECEITAS;Gás;701,96
04/2022;RECEITAS;Multas;47,40
04/2022;RECEITAS;Água;1424,90
04/2022;RECEITAS;OUTRAS RECEITAS;286,75
04/2022;RECEITAS;Juros Poupança (4029-0);0,53
04/2022;RECEITAS;Juros Aplicação;286,22
04/2022;DESPESAS;ENCARGOS SOCIAIS;1134,21
04/2022;DESPESAS;INSS (S/folha pagto e notas fiscais);1134,21
04/2022;DESPESAS;HONORÁRIOS;1611,85
04/2022;DESPESAS;Honorários Síndico;1080,00
04/2022;DESPESAS;Honorário Gestão Administrativa;531,85
04/2022;DESPESAS;UTILIDADES/SERVIÇOS;1716,80
04/2022;DESPESAS;Fornecimento de Energia Elétrica;671,85
04/2022;DESPESAS;Fornecimento de Água;1006,80
04/2022;DESPESAS;Material de Expediente;38,15
04/2022;DESPESAS;IMPOSTOS/TAXAS;394,32
04/2022;DESPESAS;PIS/COFINS/CSLL;19,01
04/2022;DESPESAS;ISS;375,31
04/2022;DESPESAS;EMPRESAS PRESTADORAS DE SERVIÇOS;5036,10
04/2022;DESPESAS;Serviços de Limpeza e Jardinagem;5036,10
04/2022;DESPESAS;OUTRAS DESPESAS;8,40
04/2022;DESPESAS;com Correio;8,40
04/2022;DESPESAS;FINANCEIRAS;217,70
04/2022;DESPESAS;Tarifa Bancária;69,00
04/2022;DESPESAS;Tarifa Cobrança;123,90
04/2022;DESPESAS;Juros e Multas;24,80
04/2022;SALDO ATUAL;CAIXA;-2,53
04/2022;SALDO ATUAL;Caixa de Condomínio;-2,53
04/2022;SALDO ATUAL;BANCOS;48998,53
04/2022;SALDO ATUAL;BANCOS/CONTAS/MOVIMENTO;4898,97
04/2022;SALDO ATUAL;Caixa Econômica Federal (C/C);4898,97
04/2022;SALDO ATUAL;BANCOS/CONTAS/APLICAÇÕES;44099,56
04/2022;SALDO ATUAL;Caixa Econômica Federal - Poupança (4029-0);93,25
04/2022;SALDO ATUAL;Aplicação CEF;44006,31
05/2022;SALDO ANTERIOR;CAIXA;-2,53
05/2022;SALDO ANTERIOR;Caixa de Condomínio;-2,53
05/2022;SALDO ANTERIOR;BANCOS;48998,53
05/2022;SALDO ANTERIOR;BANCOS/CONTAS/MOVIMENTO;4898,97
05/2022;SALDO ANTERIOR;Caixa Econômica Federal (C/C);4898,97
05/2022;SALDO ANTERIOR;BANCOS/CONTAS/APLICAÇÕES;44099,56
05/2022;SALDO ANTERIOR;Caixa Econômica Federal - Poupança (4029-0);93,25
05/2022;SALDO ANTERIOR;Aplicação CEF;44006,31
05/2022;RECEITAS;DE CONDOMÍNIO;13422,14
05/2022;RECEITAS;Taxa de Condomínio;8946,36
05/2022;RECEITAS;Garagem;1641,91
05/2022;RECEITAS;Fundo de Reserva;1058,86
05/2022;RECEITAS;Gás;741,81
05/2022;RECEITAS;Água;1033,20
05/2022;RECEITAS;OUTRAS RECEITAS;504,72
05/2022;RECEITAS;Juros Poupança (4029-0);0,54
05/2022;RECEITAS;Ressarcimentos;4,08
05/2022;RECEITAS;Juros Aplicação;400,10
05/2022;RECEITAS;Salão de Festa - Uso;100,00
05/2022;DESPESAS;ENCARGOS SOCIAIS;1035,21
05/2022;DESPESAS;INSS (S/folha pagto e notas fiscais);1035,21
05/2022;DESPESAS;HONORÁRIOS;1606,85
05/2022;DESPESAS;Honorários Síndico;1075,00
05/2022;DESPESAS;Honorário Gestão Administrativa;531,85
05/2022;DESPESAS;UTILIDADES/SERVIÇOS;1600,50
05/2022;DESPESAS;Fornecimento de Energia Elétrica;613,41
05/2022;DESPESAS;Fornecimento de Água;894,24
05/2022;DESPESAS;Material de Expediente;92,85
05/2022;DESPESAS;IMPOSTOS/TAXAS;970,40
05/2022;DESPESAS;PIS/COFINS/CSLL;19,01
05/2022;DESPESAS;ISS;951,39
05/2022;DESPESAS;/MANUTENÇÃO;2773,62
05/2022;DESPESAS;Manutenção do(s) Elevador(es);369,18
05/2022;DESPESAS;Manutenção do(s) Edifício(s);718,00
05/2022;DESPESAS;Manutenção do Portão;482,00
05/2022;DESPESAS;Manutenção Estação Tratamento de Efluentes (ETE);1204,44
05/2022;DESPESAS;SERVIÇOS PRESTADOS POR TERCEIROS;4180,00
05/2022;DESPESAS;Serviços Prestados;400,00
05/2022;DESPESAS;Serviços de Engenharia;3780,00
05/2022;DESPESAS;EMPRESAS PRESTADORAS DE SERVIÇOS;5036,10
05/2022;DESPESAS;Serviços de Limpeza e Jardinagem;5036,10
05/2022;DESPESAS;OUTRAS DESPESAS;2027,05
05/2022;DESPESAS;com Gás;2018,65
05/2022;DESPESAS;com Correio;8,40
05/2022;DESPESAS;FINANCEIRAS;550,17
05/2022;DESPESAS;Tarifa Bancária;106,25
05/2022;DESPESAS;Imposto de Renda (S/Aplicação);284,49
05/2022;DESPESAS;Tarifa Cobrança;112,10
05/2022;DESPESAS;Juros e Multas;47,33
05/2022;SALDO ATUAL;CAIXA;-2,53
05/2022;SALDO ATUAL;Caixa de Condomínio;-2,53
05/2022;SALDO ATUAL;BANCOS;43145,49
05/2022;SALDO ATUAL;BANCOS/CONTAS/MOVIMENTO;1195,07
05/2022;SALDO ATUAL;Caixa Econômica Federal (C/C);1195,07
05/2022;SALDO ATUAL;BANCOS/CONTAS/APLICAÇÕES;41950,42
05/2022;SALDO ATUAL;Caixa Econômica Federal - Poupança (4029-0);93,79
05/2022;SALDO ATUAL;Aplicação CEF;41856,63
06/2022;SALDO ANTERIOR;CAIXA;-2,53
06/2022;SALDO ANTERIOR;Caixa de Condomínio;-2,53
06/2022;SALDO ANTERIOR;BANCOS;43145,49
06/2022;SALDO ANTERIOR;BANCOS/CONTAS/MOVIMENTO;1195,07
06/2022;SALDO ANTERIOR;Caixa Econômica Federal (C/C);1195,07
06/2022;SALDO ANTERIOR;BANCOS/CONTAS/APLICAÇÕES;41950,42
06/2022;SALDO ANTERIOR;Caixa Econômica Federal - Poupança (4029-0);93,79
06/2022;SALDO ANTERIOR;Aplicação CEF;41856,63
06/2022;RECEITAS;DE CONDOMÍNIO;11980,02
06/2022;RECEITAS;Taxa de Condomínio;7703,36
06/2022;RECEITAS;Garagem;1340,54
06/2022;RECEITAS;Fundo de Reserva;904,43
06/2022;RECEITAS;Gás;903,77
06/2022;RECEITAS;Água;1127,92
06/2022;RECEITAS;OUTRAS RECEITAS;615,10
06/2022;RECEITAS;Juros Poupança (4029-0);0,62
06/2022;RECEITAS;Juros Aplicação;367,32
06/2022;RECEITAS;Salão de Festa - Uso;100,00
06/2022;RECEITAS;Multa Regimento Interno/Convenção;147,16
06/2022;DESPESAS;ENCARGOS SOCIAIS;1045,21
06/2022;DESPESAS;IRRF (S/notas fiscais);10,00
06/2022;DESPESAS;INSS (S/folha pagto e notas fiscais);1035,21
06/2022;DESPESAS;HONORÁRIOS;1610,53
06/2022;DESPESAS;Honorários Síndico;1078,68
06/2022;DESPESAS;Honorário Gestão Administrativa;531,85
06/2022;DESPESAS;UTILIDADES/SERVIÇOS;1550,71
06/2022;DESPESAS;Fornecimento de Energia Elétrica;567,69
06/2022;DESPESAS;Fornecimento de Água;940,47
06/2022;DESPESAS;Material de Expediente;42,55
06/2022;DESPESAS;IMPOSTOS/TAXAS;455,10
06/2022;DESPESAS;PIS/COFINS/CSLL;42,26
06/2022;DESPESAS;ISS;412,84
06/2022;DESPESAS;/MANUTENÇÃO;2524,55
06/2022;DESPESAS;Manutenção do(s) Elevador(es);738,36
06/2022;DESPESAS;Manutenção do(s) Edifício(s);862,20
06/2022;DESPESAS;Manutenção do(s)Elevador(es)/Peças/Reparos;321,65
06/2022;DESPESAS;Manutenção Estação Tratamento de Efluentes (ETE);602,34
06/2022;DESPESAS;SERVIÇOS PRESTADOS POR TERCEIROS;2700,00
06/2022;DESPESAS;Serviços Prestados;2700,00
06/2022;DESPESAS;EMPRESAS PRESTADORAS DE SERVIÇOS;5036,10
06/2022;DESPESAS;Serviços de Limpeza e Jardinagem;5036,10
06/2022;DESPESAS;OUTRAS DESPESAS;1082,15
06/2022;DESPESAS;com Gás;1073,75
06/2022;DESPESAS;com Correio;8,40
06/2022;DESPESAS;FINANCEIRAS;215,33
06/2022;DESPESAS;Tarifa Bancária;106,20
06/2022;DESPESAS;Imposto de Renda (S/Aplicação);8,75
06/2022;DESPESAS;Tarifa Cobrança;79,45
06/2022;DESPESAS;Juros e Multas;20,93
06/2022;SALDO ATUAL;CAIXA;334,24
06/2022;SALDO ATUAL;Caixa de Condomínio;334,24
06/2022;SALDO ATUAL;BANCOS;39184,16
06/2022;SALDO ATUAL;BANCOS/CONTAS/MOVIMENTO;282,26
06/2022;SALDO ATUAL;Caixa Econômica Federal (C/C);282,26
06/2022;SALDO ATUAL;BANCOS/CONTAS/APLICAÇÕES;38901,90
06/2022;SALDO ATUAL;Caixa Econômica Federal - Poupança (4029-0);94,41
06/2022;SALDO ATUAL;Aplicação CEF;38807,49
07/2022;SALDO ANTERIOR;CAIXA;334,24
07/2022;SALDO ANTERIOR;Caixa de Condomínio;334,24
07/2022;SALDO ANTERIOR;BANCOS;39184,16
07/2022;SALDO ANTERIOR;BANCOS/CONTAS/MOVIMENTO;282,26
07/2022;SALDO ANTERIOR;Caixa Econômica Federal (C/C);282,26
07/2022;SALDO ANTERIOR;BANCOS/CONTAS/APLICAÇÕES;38901,90
07/2022;SALDO ANTERIOR;Caixa Econômica Federal - Poupança (4029-0);94,41
07/2022;SALDO ANTERIOR;Aplicação CEF;38807,49
07/2022;RECEITAS;DE CONDOMÍNIO;16083,43
07/2022;RECEITAS;Taxa de Condomínio;10032,87
07/2022;RECEITAS;Garagem;1852,86
07/2022;RECEITAS;Fundo de Reserva;1188,60
07/2022;RECEITAS;Gás;1802,58
07/2022;RECEITAS;Multas;39,12
07/2022;RECEITAS;Água;1167,40
07/2022;RECEITAS;OUTRAS RECEITAS;374,17
07/2022;RECEITAS;Rateio cfe AGO (09/07/22);374,17
07/2022;DESPESAS;ENCARGOS SOCIAIS;1035,21
07/2022;DESPESAS;INSS (S/folha pagto e notas fiscais);1035,21
07/2022;DESPESAS;HONORÁRIOS;1610,53
07/2022;DESPESAS;Honorários Síndico;1078,68
07/2022;DESPESAS;Honorário Gestão Administrativa;531,85
07/2022;DESPESAS;UTILIDADES/SERVIÇOS;1541,22
07/2022;DESPESAS;Fornecimento de Energia Elétrica;548,81
07/2022;DESPESAS;Fornecimento de Água;898,26
07/2022;DESPESAS;Material de Expediente;94,15
07/2022;DESPESAS;IMPOSTOS/TAXAS;366,87
07/2022;DESPESAS;PIS/COFINS/CSLL;19,01
07/2022;DESPESAS;ISS;347,86
07/2022;DESPESAS;/MANUTENÇÃO;1038,57
07/2022;DESPESAS;Manutenção do(s) Elevador(es);369,18
07/2022;DESPESAS;Manutenção do(s) Edifício(s);67,30
07/2022;DESPESAS;Manutenção Estação Tratamento de Efluentes (ETE);602,09
07/2022;DESPESAS;SERVIÇOS PRESTADOS POR TERCEIROS;3780,00
07/2022;DESPESAS;Serviços de Engenharia;3780,00
07/2022;DESPESAS;EMPRESAS PRESTADORAS DE SERVIÇOS;5036,10
07/2022;DESPESAS;Serviços de Limpeza e Jardinagem;5036,10
07/2022;DESPESAS;OUTRAS DESPESAS;241,96
07/2022;DESPESAS;com Correio;241,96
07/2022;DESPESAS;FINANCEIRAS;216,92
07/2022;DESPESAS;Tarifa Bancária;127,02
07/2022;DESPESAS;Tarifa Cobrança;89,90
07/2022;SALDO ATUAL;CAIXA;335,56
07/2022;SALDO ATUAL;Caixa de Condomínio;335,56
07/2022;SALDO ATUAL;BANCOS;40773,06
07/2022;SALDO ATUAL;BANCOS/CONTAS/APLICAÇÕES;40773,06
07/2022;SALDO ATUAL;Caixa Econômica Federal - Poupança (4029-0);94,41
07/2022;SALDO ATUAL;Aplicação CEF;40678,65
08/2022;SALDO ANTERIOR;CAIXA;335,56
08/2022;SALDO ANTERIOR;Caixa de Condomínio;335,56
08/2022;SALDO ANTERIOR;BANCOS;40773,06
08/2022;SALDO ANTERIOR;BANCOS/CONTAS/APLICAÇÕES;40773,06
08/2022;SALDO ANTERIOR;Caixa Econômica Federal - Poupança (4029-0);94,41
08/2022;SALDO ANTERIOR;Aplicação CEF;40678,65
08/2022;RECEITAS;DE CONDOMÍNIO;16674,49
08/2022;RECEITAS;Taxa de Condomínio;10906,49
08/2022;RECEITAS;Garagem;1994,75
08/2022;RECEITAS;Fundo de Reserva;1290,14
08/2022;RECEITAS;Gás;1147,44
08/2022;RECEITAS;Água;1335,67
08/2022;RECEITAS;OUTRAS RECEITAS;4016,61
08/2022;RECEITAS;Juros Poupança (4029-0);1,28
08/2022;RECEITAS;Ressarcimentos;3,43
08/2022;RECEITAS;Juros Aplicação;766,24
08/2022;RECEITAS;Salão de Festa - Uso;150,00
08/2022;RECEITAS;Rateio cfe AGO (09/07/22);3095,66
08/2022;DESPESAS;ENCARGOS SOCIAIS;2035,26
08/2022;DESPESAS;INSS (S/folha pagto e notas fiscais);2035,26
08/2022;DESPESAS;HONORÁRIOS;1610,53
08/2022;DESPESAS;Honorários Síndico;1078,68
08/2022;DESPESAS;Honorário Gestão Administrativa;531,85
08/2022;DESPESAS;UTILIDADES/SERVIÇOS;2337,71
08/2022;DESPESAS;Fornecimento de Energia Elétrica;541,53
08/2022;DESPESAS;Fornecimento de Água;1009,16
08/2022;DESPESAS;Seguro;744,02
08/2022;DESPESAS;Material de Expediente;43,00
08/2022;DESPESAS;IMPOSTOS/TAXAS;380,32
08/2022;DESPESAS;PIS/COFINS/CSLL;21,11
08/2022;DESPESAS;ISS;359,21
08/2022;DESPESAS;/MANUTENÇÃO;1012,09
08/2022;DESPESAS;Manutenção do(s) Elevador(es);410,19
08/2022;DESPESAS;Manutenção Estação Tratamento de Efluentes (ETE);601,90
08/2022;DESPESAS;SERVIÇOS PRESTADOS POR TERCEIROS;4081,99
08/2022;DESPESAS;Serviços Prestados;2425,00
08/2022;DESPESAS;Serviços de Limpeza Caixa de Gordura/Fossa;1656,99
08/2022;DESPESAS;EMPRESAS PRESTADORAS DE SERVIÇOS;5036,10
08/2022;DESPESAS;Serviços de Limpeza e Jardinagem;5036,10
08/2022;DESPESAS;OUTRAS DESPESAS;1600,60
08/2022;DESPESAS;com Gás;1592,20
08/2022;DESPESAS;com Correio;8,40
08/2022;DESPESAS;FINANCEIRAS;585,83
08/2022;DESPESAS;Tarifa Bancária;129,80
08/2022;DESPESAS;Imposto de Renda (S/Aplicação);19,13
08/2022;DESPESAS;Tarifa Cobrança;115,95
08/2022;DESPESAS;Juros e Multas;320,95
08/2022;SALDO ATUAL;CAIXA;506,88
08/2022;SALDO ATUAL;Caixa de Condomínio;506,88
08/2022;SALDO ATUAL;BANCOS;42612,41
08/2022;SALDO ATUAL;BANCOS/CONTAS/MOVIMENTO;3935,83
08/2022;SALDO ATUAL;Caixa Econômica Federal (C/C);3935,83
08/2022;SALDO ATUAL;BANCOS/CONTAS/APLICAÇÕES;38676,58
08/2022;SALDO ATUAL;Caixa Econômica Federal - Poupança (4029-0);95,69
08/2022;SALDO ATUAL;Aplicação CEF;38580,89
09/2022;SALDO ANTERIOR;CAIXA;506,88
09/2022;SALDO ANTERIOR;Caixa de Condomínio;506,88
09/2022;SALDO ANTERIOR;BANCOS;42535,02
09/2022;SALDO ANTERIOR;BANCOS/CONTAS/MOVIMENTO;3858,44
09/2022;SALDO ANTERIOR;Caixa Econômica Federal (C/C);3858,44
09/2022;SALDO ANTERIOR;BANCOS/CONTAS/APLICAÇÕES;38676,58
09/2022;SALDO ANTERIOR;Caixa Econômica Federal - Poupança (4029-0);95,69
09/2022;SALDO ANTERIOR;Aplicação CEF;38580,89
09/2022;RECEITAS;DE CONDOMÍNIO;12752,73
09/2022;RECEITAS;Taxa de Condomínio;8322,76
09/2022;RECEITAS;Garagem;1428,92
09/2022;RECEITAS;Fundo de Reserva;975,18
09/2022;RECEITAS;Gás;863,50
09/2022;RECEITAS;Multas;18,62
09/2022;RECEITAS;Água;1143,75
09/2022;RECEITAS;OUTRAS RECEITAS;2557,59
09/2022;RECEITAS;Juros Poupança (4029-0);0,65
09/2022;RECEITAS;Juros Aplicação;217,04
09/2022;RECEITAS;Rateio cfe AGO (09/07/22);2339,90
09/2022;DESPESAS;ENCARGOS SOCIAIS;1035,21
09/2022;DESPESAS;INSS (S/folha pagto e notas fiscais);1035,21
09/2022;DESPESAS;HONORÁRIOS;1610,53
09/2022;DESPESAS;Honorários Síndico;1078,68
09/2022;DESPESAS;Honorário Gestão Administrativa;531,85
09/2022;DESPESAS;UTILIDADES/SERVIÇOS;2382,70
09/2022;DESPESAS;Fornecimento de Energia Elétrica;557,85
09/2022;DESPESAS;Fornecimento de Água;1041,78
09/2022;DESPESAS;Seguro;744,02
09/2022;DESPESAS;Material de Expediente;39,05
09/2022;DESPESAS;IMPOSTOS/TAXAS;950,02
09/2022;DESPESAS;PIS/COFINS/CSLL;372,65
09/2022;DESPESAS;ISS;577,37
09/2022;DESPESAS;/MANUTENÇÃO;552,94
09/2022;DESPESAS;Manutenção do(s) Elevador(es);410,19
09/2022;DESPESAS;Manutenção do(s) Edifício(s);142,75
09/2022;DESPESAS;COM MELHORIAS;43400,00
09/2022;DESPESAS;Reforma e Melhoria;43400,00
09/2022;DESPESAS;SERVIÇOS PRESTADOS POR TERCEIROS;852,44
09/2022;DESPESAS;Serviços de Limpeza Caixa de Gordura/Fossa;852,44
09/2022;DESPESAS;EMPRESAS PRESTADORAS DE SERVIÇOS;5036,10
09/2022;DESPESAS;Serviços de Limpeza e Jardinagem;5036,10
09/2022;DESPESAS;OUTRAS DESPESAS;166,82
09/2022;DESPESAS;com Correio;8,40
09/2022;DESPESAS;com Cartório;158,42
09/2022;DESPESAS;FINANCEIRAS;614,08
09/2022;DESPESAS;Tarifa Bancária;177,90
09/2022;DESPESAS;Imposto de Renda (S/Aplicação);296,21
09/2022;DESPESAS;IOF;25,34
09/2022;DESPESAS;Tarifa Cobrança;106,20
09/2022;DESPESAS;Juros e Multas;8,43
09/2022;SALDO ATUAL;CAIXA;328,18
09/2022;SALDO ATUAL;Caixa de Condomínio;328,18
09/2022;SALDO ATUAL;BANCOS;1423,20
09/2022;SALDO ATUAL;BANCOS/CONTAS/APLICAÇÕES;1423,20
09/2022;SALDO ATUAL;Caixa Econômica Federal - Poupança (4029-0);96,34
09/2022;SALDO ATUAL;Aplicação CEF;1326,86
10/2022;SALDO ANTERIOR;CAIXA;328,18
10/2022;SALDO ANTERIOR;Caixa de Condomínio;328,18
10/2022;SALDO ANTERIOR;BANCOS;1423,20
10/2022;SALDO ANTERIOR;BANCOS/CONTAS/APLICAÇÕES;1423,20
10/2022;SALDO ANTERIOR;Caixa Econômica Federal - Poupança (4029-0);96,34
10/2022;SALDO ANTERIOR;Aplicação CEF;1326,86
10/2022;RECEITAS;DE CONDOMÍNIO;17296,82
10/2022;RECEITAS;Taxa de Condomínio;11228,88
10/2022;RECEITAS;Garagem;2011,91
10/2022;RECEITAS;Fundo de Reserva;1324,10
10/2022;RECEITAS;Gás;1355,14
10/2022;RECEITAS;Água;1376,79
10/2022;RECEITAS;OUTRAS RECEITAS;3583,80
10/2022;RECEITAS;Juros Poupança (4029-0);0,65
10/2022;RECEITAS;Rateio Melhorias;397,96
10/2022;RECEITAS;Juros Aplicação;8,07
10/2022;RECEITAS;Rateio cfe AGO (09/07/22);3177,12
10/2022;DESPESAS;ENCARGOS SOCIAIS;1035,21
10/2022;DESPESAS;INSS (S/folha pagto e notas fiscais);1035,21
10/2022;DESPESAS;HONORÁRIOS;1664,68
10/2022;DESPESAS;Honorários Síndico;1078,68
10/2022;DESPESAS;Honorário Gestão Administrativa;586,00
10/2022;DESPESAS;UTILIDADES/SERVIÇOS;2103,25
10/2022;DESPESAS;Fornecimento de Energia Elétrica;559,29
10/2022;DESPESAS;Fornecimento de Água;1079,06
10/2022;DESPESAS;Material de Expediente;160,49
10/2022;DESPESAS;Material de Limpeza;304,41
10/2022;DESPESAS;IMPOSTOS/TAXAS;21,11
10/2022;DESPESAS;PIS/COFINS/CSLL;21,11
10/2022;DESPESAS;/MANUTENÇÃO;1711,34
10/2022;DESPESAS;Manutenção do(s) Elevador(es);410,19
10/2022;DESPESAS;Manutenção do(s) Edifício(s);156,50
10/2022;DESPESAS;Manutenção do Interfone;543,00
10/2022;DESPESAS;Manutenção Estação Tratamento de Efluentes (ETE);601,65
10/2022;DESPESAS;COM MELHORIAS;3500,00
10/2022;DESPESAS;Reforma e Melhoria;3500,00
10/2022;DESPESAS;SERVIÇOS PRESTADOS POR TERCEIROS;360,00
10/2022;DESPESAS;Serviços Elétricos;360,00
10/2022;DESPESAS;EMPRESAS PRESTADORAS DE SERVIÇOS;5036,10
10/2022;DESPESAS;Serviços de Limpeza e Jardinagem;5036,10
10/2022;DESPESAS;OUTRAS DESPESAS;1923,39
10/2022;DESPESAS;com Gás;1914,99
10/2022;DESPESAS;com Correio;8,40
10/2022;DESPESAS;FINANCEIRAS;328,04
10/2022;DESPESAS;Tarifa Bancária;200,88
10/2022;DESPESAS;Imposto de Renda (S/Aplicação);3,16
10/2022;DESPESAS;Tarifa Cobrança;124,00
10/2022;SALDO ATUAL;CAIXA;329,50
10/2022;SALDO ATUAL;Caixa de Condomínio;329,50
10/2022;SALDO ATUAL;BANCOS;4619,38
10/2022;SALDO ATUAL;BANCOS/CONTAS/MOVIMENTO;4329,28
10/2022;SALDO ATUAL;Caixa Econômica Federal (C/C);4329,28
10/2022;SALDO ATUAL;BANCOS/CONTAS/APLICAÇÕES;290,10
10/2022;SALDO ATUAL;Caixa Econômica Federal - Poupança (4029-0);96,99
10/2022;SALDO ATUAL;Aplicação CEF;193,11
11/2022;SALDO ANTERIOR;CAIXA;329,50
11/2022;SALDO ANTERIOR;Caixa de Condomínio;329,50
11/2022;SALDO ANTERIOR;BANCOS;4619,38
11/2022;SALDO ANTERIOR;BANCOS/CONTAS/MOVIMENTO;4329,28
11/2022;SALDO ANTERIOR;Caixa Econômica Federal (C/C);4329,28
11/2022;SALDO ANTERIOR;BANCOS/CONTAS/APLICAÇÕES;290,10
11/2022;SALDO ANTERIOR;Caixa Econômica Federal - Poupança (4029-0);96,99
11/2022;SALDO ANTERIOR;Aplicação CEF;193,11
11/2022;RECEITAS;DE CONDOMÍNIO;11602,47
11/2022;RECEITAS;Taxa de Condomínio;7232,12
11/2022;RECEITAS;Garagem;1337,45
11/2022;RECEITAS;Fundo de Reserva;856,97
11/2022;RECEITAS;Gás;1114,44
11/2022;RECEITAS;Multas;39,91
11/2022;RECEITAS;Água;1021,58
11/2022;RECEITAS;OUTRAS RECEITAS;10747,08
11/2022;RECEITAS;Juros Poupança (4029-0);0,66
11/2022;RECEITAS;Rateio Melhorias;8640,15
11/2022;RECEITAS;Salão de Festa - Uso;50,00
11/2022;RECEITAS;Rateio cfe AGO (09/07/22);2056,27
11/2022;DESPESAS;ENCARGOS SOCIAIS;1035,21
11/2022;DESPESAS;INSS (S/folha pagto e notas fiscais);1035,21
11/2022;DESPESAS;HONORÁRIOS;1664,68
11/2022;DESPESAS;Honorários Síndico;1078,68
11/2022;DESPESAS;Honorário Gestão Administrativa;586,00
11/2022;DESPESAS;UTILIDADES/SERVIÇOS;1656,76
11/2022;DESPESAS;Fornecimento de Energia Elétrica;475,58
11/2022;DESPESAS;Fornecimento de Água;1093,04
11/2022;DESPESAS;Material de Expediente;88,14
11/2022;DESPESAS;IMPOSTOS/TAXAS;545,93
11/2022;DESPESAS;PIS/COFINS/CSLL;21,11
11/2022;DESPESAS;ISS;524,82
11/2022;DESPESAS;/MANUTENÇÃO;497,04
11/2022;DESPESAS;Manutenção do(s) Elevador(es);410,19
11/2022;DESPESAS;Manutenção do(s) Edifício(s);86,85
11/2022;DESPESAS;COM MELHORIAS;10500,00
11/2022;DESPESAS;Reforma e Melhoria;10500,00
11/2022;DESPESAS;SERVIÇOS PRESTADOS POR TERCEIROS;2279,27
11/2022;DESPESAS;Serviços Prestados;220,00
11/2022;DESPESAS;Serviços de Limpeza Caixa de Gordura/Fossa;2059,27
11/2022;DESPESAS;EMPRESAS PRESTADORAS DE SERVIÇOS;5036,10
11/2022;DESPESAS;Serviços de Limpeza e Jardinagem;5036,10
11/2022;DESPESAS;OUTRAS DESPESAS;1131,52
11/2022;DESPESAS;com Gás;1123,12
11/2022;DESPESAS;com Correio;8,40
11/2022;DESPESAS;FINANCEIRAS;288,02
11/2022;DESPESAS;Tarifa Bancária;186,02
11/2022;DESPESAS;Tarifa Cobrança;102,00
11/2022;SALDO ATUAL;CAIXA;330,82
11/2022;SALDO ATUAL;Caixa de Condomínio;330,82
11/2022;SALDO ATUAL;BANCOS;2333,08
11/2022;SALDO ATUAL;BANCOS/CONTAS/MOVIMENTO;1842,48
11/2022;SALDO ATUAL;Caixa Econômica Federal (C/C);1842,48
11/2022;SALDO ATUAL;BANCOS/CONTAS/APLICAÇÕES;490,60
11/2022;SALDO ATUAL;Caixa Econômica Federal - Poupança (4029-0);97,65
11/2022;SALDO ATUAL;Aplicação CEF;392,95
12/2022;SALDO ANTERIOR;CAIXA;330,82
12/2022;SALDO ANTERIOR;Caixa de Condomínio;330,82
12/2022;SALDO ANTERIOR;BANCOS;2333,08
12/2022;SALDO ANTERIOR;BANCOS/CONTAS/MOVIMENTO;1842,48
12/2022;SALDO ANTERIOR;Caixa Econômica Federal (C/C);1842,48
12/2022;SALDO ANTERIOR;BANCOS/CONTAS/APLICAÇÕES;490,60
12/2022;SALDO ANTERIOR;Caixa Econômica Federal - Poupança (4029-0);97,65
12/2022;SALDO ANTERIOR;Aplicação CEF;392,95
12/2022;RECEITAS;DE CONDOMÍNIO;16150,22
12/2022;RECEITAS;Taxa de Condomínio;10760,15
12/2022;RECEITAS;Garagem;1943,32
12/2022;RECEITAS;Fundo de Reserva;1270,36
12/2022;RECEITAS;Gás;906,48
12/2022;RECEITAS;Multas;39,31
12/2022;RECEITAS;Água;1230,60
12/2022;RECEITAS;OUTRAS RECEITAS;3121,97
12/2022;RECEITAS;Juros Poupança (4029-0);0,60
12/2022;RECEITAS;Ressarcimentos;3,25
12/2022;RECEITAS;Juros Aplicação;19,92
12/2022;RECEITAS;Salão de Festa - Uso;50,00
12/2022;RECEITAS;Rateio cfe AGO (09/07/22);3048,20
12/2022;DESPESAS;ENCARGOS SOCIAIS;1035,21
12/2022;DESPESAS;INSS (S/folha pagto e notas fiscais);1035,21
12/2022;DESPESAS;HONORÁRIOS;2250,68
12/2022;DESPESAS;Honorários Síndico;1078,68
12/2022;DESPESAS;Honorário Gestão Administrativa;586,00
12/2022;DESPESAS;Honorário Gestão Administrativa Extra;586,00
12/2022;DESPESAS;UTILIDADES/SERVIÇOS;1953,52
12/2022;DESPESAS;Fornecimento de Energia Elétrica;647,35
12/2022;DESPESAS;Fornecimento de Água;1069,74
12/2022;DESPESAS;Material de Expediente;91,45
12/2022;DESPESAS;Internet;144,98
12/2022;DESPESAS;IMPOSTOS/TAXAS;1754,10
12/2022;DESPESAS;Taxas Diversas;900,00
12/2022;DESPESAS;PIS/COFINS/CSLL;21,11
12/2022;DESPESAS;ISS;832,99
12/2022;DESPESAS;/MANUTENÇÃO;1717,73
12/2022;DESPESAS;Manutenção do(s) Elevador(es);410,19
12/2022;DESPESAS;Manutenção do(s) Edifício(s);104,05
12/2022;DESPESAS;Manutenção Estação Tratamento de Efluentes (ETE);1203,49
12/2022;DESPESAS;COM MELHORIAS;3400,00
12/2022;DESPESAS;Reforma e Melhoria;3400,00
12/2022;DESPESAS;SERVIÇOS PRESTADOS POR TERCEIROS;1017,36
12/2022;DESPESAS;Serviços de Limpeza Caixa de Gordura/Fossa;1017,36
12/2022;DESPESAS;EMPRESAS PRESTADORAS DE SERVIÇOS;5036,10
12/2022;DESPESAS;Serviços de Limpeza e Jardinagem;5036,10
12/2022;DESPESAS;OUTRAS DESPESAS;10,50
12/2022;DESPESAS;com Correio;10,50
12/2022;DESPESAS;FINANCEIRAS;323,14
12/2022;DESPESAS;Tarifa Bancária;108,00
12/2022;DESPESAS;Imposto de Renda (S/Aplicação);0,92
12/2022;DESPESAS;IOF;10,43
12/2022;DESPESAS;Tarifa Cobrança;139,50
12/2022;DESPESAS;Juros e Multas;64,29
12/2022;SALDO ATUAL;CAIXA;486,29
12/2022;SALDO ATUAL;Caixa de Condomínio;486,29
12/2022;SALDO ATUAL;BANCOS;2951,46
12/2022;SALDO ATUAL;BANCOS/CONTAS/MOVIMENTO;2301,43
12/2022;SALDO ATUAL;Caixa Econômica Federal (C/C);2301,43
12/2022;SALDO ATUAL;BANCOS/CONTAS/APLICAÇÕES;650,03
12/2022;SALDO ATUAL;Caixa Econômica Federal - Poupança (4029-0);95,25
12/2022;SALDO ATUAL;Aplicação CEF;554,78
01/2023;SALDO ANTERIOR;CAIXA;486,29
01/2023;SALDO ANTERIOR;Caixa de Condomínio;486,29
01/2023;SALDO ANTERIOR;BANCOS;2951,46
01/2023;SALDO ANTERIOR;BANCOS/CONTAS/MOVIMENTO;2301,43
01/2023;SALDO ANTERIOR;Caixa Econômica Federal (C/C);2301,43
01/2023;SALDO ANTERIOR;BANCOS/CONTAS/APLICAÇÕES;650,03
01/2023;SALDO ANTERIOR;Caixa Econômica Federal - Poupança (4029-0);95,25
01/2023;SALDO ANTERIOR;Aplicação CEF;554,78
01/2023;RECEITAS;DE CONDOMÍNIO;14513,15
01/2023;RECEITAS;Taxa de Condomínio;9690,08
01/2023;RECEITAS;Garagem;1743,27
01/2023;RECEITAS;Fundo de Reserva;1143,35
01/2023;RECEITAS;Gás;803,61
01/2023;RECEITAS;Multas;13,61
01/2023;RECEITAS;Água;1119,23
01/2023;RECEITAS;OUTRAS RECEITAS;2752,60
01/2023;RECEITAS;Juros Poupança (4029-0);0,71
01/2023;RECEITAS;Ressarcimentos;2,90
01/2023;RECEITAS;Juros Aplicação;5,56
01/2023;RECEITAS;Rateio cfe AGO (09/07/22);2743,43
01/2023;DESPESAS;ENCARGOS SOCIAIS;1167,21
01/2023;DESPESAS;INSS (S/folha pagto e notas fiscais);1167,21
01/2023;DESPESAS;HONORÁRIOS;1664,68
01/2023;DESPESAS;Honorários Síndico;1078,68
01/2023;DESPESAS;Honorário Gestão Administrativa;586,00
01/2023;DESPESAS;UTILIDADES/SERVIÇOS;1933,65
01/2023;DESPESAS;Fornecimento de Energia Elétrica;654,99
01/2023;DESPESAS;Fornecimento de Água;1060,42
01/2023;DESPESAS;Material de Expediente;68,25
01/2023;DESPESAS;Internet;149,99
01/2023;DESPESAS;IMPOSTOS/TAXAS;425,47
01/2023;DESPESAS;PIS/COFINS/CSLL;21,11
01/2023;DESPESAS;ISS;404,36
01/2023;DESPESAS;/MANUTENÇÃO;1012,03
01/2023;DESPESAS;Manutenção do(s) Elevador(es);410,19
01/2023;DESPESAS;Manutenção Estação Tratamento de Efluentes (ETE);601,84
01/2023;DESPESAS;SERVIÇOS PRESTADOS POR TERCEIROS;1253,75
01/2023;DESPESAS;Serviços Elétricos;760,60
01/2023;DESPESAS;Serviços Prestados;493,15
01/2023;DESPESAS;EMPRESAS PRESTADORAS DE SERVIÇOS;5036,10
01/2023;DESPESAS;Serviços de Limpeza e Jardinagem;5036,10
01/2023;DESPESAS;FINANCEIRAS;226,03
01/2023;DESPESAS;Tarifa Bancária;86,00
01/2023;DESPESAS;Tarifa Cobrança;121,12
01/2023;DESPESAS;Juros e Multas;18,91
01/2023;SALDO ATUAL;CAIXA;487,61
01/2023;SALDO ATUAL;Caixa de Condomínio;487,61
01/2023;SALDO ATUAL;BANCOS;7496,97
01/2023;SALDO ATUAL;BANCOS/CONTAS/MOVIMENTO;6840,67
01/2023;SALDO ATUAL;Caixa Econômica Federal (C/C);6840,67
01/2023;SALDO ATUAL;BANCOS/CONTAS/APLICAÇÕES;656,30
01/2023;SALDO ATUAL;Caixa Econômica Federal - Poupança (4029-0);95,96
01/2023;SALDO ATUAL;Aplicação CEF;560,34
02/2023;SALDO ANTERIOR;CAIXA;487,61
02/2023;SALDO ANTERIOR;Caixa de Condomínio;487,61
02/2023;SALDO ANTERIOR;BANCOS;7496,97
02/2023;SALDO ANTERIOR;BANCOS/CONTAS/MOVIMENTO;6840,67
02/2023;SALDO ANTERIOR;Caixa Econômica Federal (C/C);6840,67
02/2023;SALDO ANTERIOR;BANCOS/CONTAS/APLICAÇÕES;656,30
02/2023;SALDO ANTERIOR;Caixa Econômica Federal - Poupança (739942363-7);95,96
02/2023;SALDO ANTERIOR;Aplicação CEF;560,34
02/2023;RECEITAS;DE CONDOMÍNIO;14093,76
02/2023;RECEITAS;Taxa de Condomínio;9006,42
02/2023;RECEITAS;Garagem;1611,81
02/2023;RECEITAS;Fundo de Reserva;1061,84
02/2023;RECEITAS;Gás;878,66
02/2023;RECEITAS;Multas;45,25
02/2023;RECEITAS;Água;1489,78
02/2023;RECEITAS;OUTRAS RECEITAS;2753,18
02/2023;RECEITAS;Juros Poupança (4029-0);0,68
02/2023;RECEITAS;Juros Aplicação;4,66
02/2023;RECEITAS;Salão de Festa - Uso;200,00
02/2023;RECEITAS;Rateio cfe AGO (09/07/22);2547,84
02/2023;DESPESAS;ENCARGOS SOCIAIS;1063,11
02/2023;DESPESAS;INSS (S/folha pagto e notas fiscais);1063,11
02/2023;DESPESAS;HONORÁRIOS;1744,78
02/2023;DESPESAS;Honorários Síndico;1158,78
02/2023;DESPESAS;Honorário Gestão Administrativa;586,00
02/2023;DESPESAS;UTILIDADES/SERVIÇOS;1895,11
02/2023;DESPESAS;Fornecimento de Energia Elétrica;573,33
02/2023;DESPESAS;Fornecimento de Água;1189,28
02/2023;DESPESAS;Material de Expediente;132,50
02/2023;DESPESAS;IMPOSTOS/TAXAS;400,14
02/2023;DESPESAS;PIS/COFINS/CSLL;21,11
02/2023;DESPESAS;ISS;379,03
02/2023;DESPESAS;/MANUTENÇÃO;2500,25
02/2023;DESPESAS;Manutenção do(s) Elevador(es);410,19
02/2023;DESPESAS;Manutenção de Extintores;522,50
02/2023;DESPESAS;Manutenção do(s)Elevador(es)/Peças/Reparos;965,85
02/2023;DESPESAS;Manutenção Estação Tratamento de Efluentes (ETE);601,71
02/2023;DESPESAS;SERVIÇOS PRESTADOS POR TERCEIROS;858,71
02/2023;DESPESAS;Serviços de Limpeza Caixa de Gordura/Fossa;858,71
02/2023;DESPESAS;EMPRESAS PRESTADORAS DE SERVIÇOS;5536,18
02/2023;DESPESAS;Serviços de Limpeza e Jardinagem;5536,18
02/2023;DESPESAS;OUTRAS DESPESAS;1104,84
02/2023;DESPESAS;com Gás;1104,84
02/2023;DESPESAS;FINANCEIRAS;214,70
02/2023;DESPESAS;Tarifa Bancária;22,00
02/2023;DESPESAS;Tarifa Cobrança;115,22
02/2023;DESPESAS;Juros e Multas;77,33
02/2023;DESPESAS;Imposto de Renda (S/Poupança);0,15
02/2023;SALDO ATUAL;CAIXA;488,83
02/2023;SALDO ATUAL;Caixa de Condomínio;488,83
02/2023;SALDO ATUAL;BANCOS;9024,87
02/2023;SALDO ATUAL;BANCOS/CONTAS/MOVIMENTO;8363,38
02/2023;SALDO ATUAL;Caixa Econômica Federal (C/C);8363,38
02/2023;SALDO ATUAL;BANCOS/CONTAS/APLICAÇÕES;661,49
02/2023;SALDO ATUAL;Caixa Econômica Federal - Poupança (739942363-7);96,49
02/2023;SALDO ATUAL;Aplicação CEF;565,00
03/2023;SALDO ANTERIOR;CAIXA;488,83
03/2023;SALDO ANTERIOR;Caixa de Condomínio;488,83
03/2023;SALDO ANTERIOR;BANCOS;9024,87
03/2023;SALDO ANTERIOR;BANCOS/CONTAS/MOVIMENTO;8363,38
03/2023;SALDO ANTERIOR;Caixa Econômica Federal (C/C);8363,38
03/2023;SALDO ANTERIOR;BANCOS/CONTAS/APLICAÇÕES;661,49
03/2023;SALDO ANTERIOR;Caixa Econômica Federal - Poupança (739942363-7);96,49
03/2023;SALDO ANTERIOR;Aplicação CEF;565,00
03/2023;RECEITAS;DE CONDOMÍNIO;16655,56
03/2023;RECEITAS;Taxa de Condomínio;10906,49
03/2023;RECEITAS;Garagem;1943,32
03/2023;RECEITAS;Fundo de Reserva;1284,99
03/2023;RECEITAS;Gás;994,83
03/2023;RECEITAS;Multas;68,82
03/2023;RECEITAS;Água;1457,11
03/2023;RECEITAS;OUTRAS RECEITAS;3617,69
03/2023;RECEITAS;Juros Poupança (4029-0);0,56
03/2023;RECEITAS;Rateio Melhorias;527,95
03/2023;RECEITAS;Juros Aplicação;5,87
03/2023;RECEITAS;Rateio cfe AGO (09/07/22);3083,31
03/2023;DESPESAS;ENCARGOS SOCIAIS;1237,49
03/2023;DESPESAS;INSS (S/folha pagto e notas fiscais);1237,49
03/2023;DESPESAS;HONORÁRIOS;1744,78
03/2023;DESPESAS;Honorários Síndico;1158,78
03/2023;DESPESAS;Honorário Gestão Administrativa;586,00
03/2023;DESPESAS;UTILIDADES/SERVIÇOS;2665,76
03/2023;DESPESAS;Fornecimento de Energia Elétrica;789,94
03/2023;DESPESAS;Fornecimento de Água;1088,38
03/2023;DESPESAS;Material de Expediente;105,16
03/2023;DESPESAS;Material de Limpeza;373,89
03/2023;DESPESAS;Internet;308,39
03/2023;DESPESAS;IMPOSTOS/TAXAS;559,41
03/2023;DESPESAS;Taxas Diversas;88,78
03/2023;DESPESAS;PIS/COFINS/CSLL;21,11
03/2023;DESPESAS;ISS;449,52
03/2023;DESPESAS;/MANUTENÇÃO;3716,03
03/2023;DESPESAS;Manutenção do(s) Elevador(es);410,19
03/2023;DESPESAS;Manutenção do(s) Edifício(s);566,05
03/2023;DESPESAS;Manutenção de Extintores;522,50
03/2023;DESPESAS;Manutenção do(s)Elevador(es)/Peças/Reparos;965,85
03/2023;DESPESAS;Manutenção Estação Tratamento de Efluentes (ETE);1251,44
03/2023;DESPESAS;SERVIÇOS PRESTADOS POR TERCEIROS;2266,00
03/2023;DESPESAS;Serviços Elétricos;2266,00
03/2023;DESPESAS;EMPRESAS PRESTADORAS DE SERVIÇOS;5786,18
03/2023;DESPESAS;Serviços de Limpeza e Jardinagem;5786,18
03/2023;DESPESAS;OUTRAS DESPESAS;1584,68
03/2023;DESPESAS;com Gás;1584,68
03/2023;DESPESAS;FINANCEIRAS;181,03
03/2023;DESPESAS;Tarifa Bancária;11,00
03/2023;DESPESAS;Tarifa Cobrança;135,70
03/2023;DESPESAS;Juros e Multas;34,21
03/2023;DESPESAS;Imposto de Renda (S/Poupança);0,12
03/2023;SALDO ATUAL;CAIXA;490,05
03/2023;SALDO ATUAL;Caixa de Condomínio;490,05
03/2023;SALDO ATUAL;BANCOS;9555,54
03/2023;SALDO ATUAL;BANCOS/CONTAS/MOVIMENTO;8887,74
03/2023;SALDO ATUAL;Caixa Econômica Federal (C/C);8887,74
03/2023;SALDO ATUAL;BANCOS/CONTAS/APLICAÇÕES;667,80
03/2023;SALDO ATUAL;Caixa Econômica Federal - Poupança (739942363-7);96,93
03/2023;SALDO ATUAL;Aplicação CEF;570,87
04/2023;SALDO ANTERIOR;CAIXA;490,05
04/2023;SALDO ANTERIOR;Caixa de Condomínio;490,05
04/2023;SALDO ANTERIOR;BANCOS;9555,54
04/2023;SALDO ANTERIOR;BANCOS/CONTAS/MOVIMENTO;8887,74
04/2023;SALDO ANTERIOR;Caixa Econômica Federal (C/C);8887,74
04/2023;SALDO ANTERIOR;BANCOS/CONTAS/APLICAÇÕES;667,80
04/2023;SALDO ANTERIOR;Caixa Econômica Federal - Poupança (739942363-7);96,93
04/2023;SALDO ANTERIOR;Aplicação CEF;570,87
04/2023;RECEITAS;DE CONDOMÍNIO;13954,79
04/2023;RECEITAS;Taxa de Condomínio;8901,24
04/2023;RECEITAS;Garagem;1611,81
04/2023;RECEITAS;Fundo de Reserva;1051,33
04/2023;RECEITAS;Gás;816,26
04/2023;RECEITAS;Multas;17,61
04/2023;RECEITAS;Água;1556,54
04/2023;RECEITAS;OUTRAS RECEITAS;2527,15
04/2023;RECEITAS;Juros Aplicação;4,55
04/2023;RECEITAS;Rateio cfe AGO (09/07/22);2522,60
04/2023;DESPESAS;ENCARGOS SOCIAIS;1128,59
04/2023;DESPESAS;INSS (S/folha pagto e notas fiscais);1128,59
04/2023;DESPESAS;HONORÁRIOS;1744,78
04/2023;DESPESAS;Honorários Síndico;1158,78
04/2023;DESPESAS;Honorário Gestão Administrativa;586,00
04/2023;DESPESAS;UTILIDADES/SERVIÇOS;1763,54
04/2023;DESPESAS;Fornecimento de Energia Elétrica;596,45
04/2023;DESPESAS;Fornecimento de Água;1104,69
04/2023;DESPESAS;Material de Expediente;62,40
04/2023;DESPESAS;IMPOSTOS/TAXAS;440,26
04/2023;DESPESAS;PIS/COFINS/CSLL;21,11
04/2023;DESPESAS;ISS;419,15
04/2023;DESPESAS;/MANUTENÇÃO;2150,24
04/2023;DESPESAS;Manutenção do(s) Elevador(es);410,19
04/2023;DESPESAS;Manutenção do Interfone;1133,00
04/2023;DESPESAS;Manutenção do(s)Elevador(es)/Peças/Reparos;607,05
04/2023;DESPESAS;SERVIÇOS PRESTADOS POR TERCEIROS;280,00
04/2023;DESPESAS;Serviços Prestados;280,00
04/2023;DESPESAS;EMPRESAS PRESTADORAS DE SERVIÇOS;5977,98
04/2023;DESPESAS;Serviços de Limpeza e Jardinagem;5977,98
04/2023;DESPESAS;FINANCEIRAS;192,10
04/2023;DESPESAS;Tarifa Bancária;80,00
04/2023;DESPESAS;Tarifa Cobrança;112,10
04/2023;SALDO ATUAL;CAIXA;491,27
04/2023;SALDO ATUAL;Caixa de Condomínio;491,27
04/2023;SALDO ATUAL;BANCOS;12358,77
04/2023;SALDO ATUAL;BANCOS/CONTAS/MOVIMENTO;11686,42
04/2023;SALDO ATUAL;Caixa Econômica Federal (C/C);11686,42
04/2023;SALDO ATUAL;BANCOS/CONTAS/APLICAÇÕES;672,35
04/2023;SALDO ATUAL;Caixa Econômica Federal - Poupança (739942363-7);96,93
04/2023;SALDO ATUAL;Aplicação CEF;575,42
05/2023;SALDO ANTERIOR;CAIXA;491,27
05/2023;SALDO ANTERIOR;Caixa de Condomínio;491,27
05/2023;SALDO ANTERIOR;BANCOS;11061,86
05/2023;SALDO ANTERIOR;BANCOS/CONTAS/MOVIMENTO;10389,51
05/2023;SALDO ANTERIOR;Caixa Econômica Federal (C/C);10389,51
05/2023;SALDO ANTERIOR;BANCOS/CONTAS/APLICAÇÕES;672,35
05/2023;SALDO ANTERIOR;Caixa Econômica Federal - Poupança (739942363-7);96,93
05/2023;SALDO ANTERIOR;Aplicação CEF;575,42
05/2023;RECEITAS;DE CONDOMÍNIO;16926,64
05/2023;RECEITAS;Taxa de Condomínio;11162,58
05/2023;RECEITAS;Garagem;2000,47
05/2023;RECEITAS;Fundo de Reserva;1316,31
05/2023;RECEITAS;Gás;1026,41
05/2023;RECEITAS;Multas;48,42
05/2023;RECEITAS;Água;1372,45
05/2023;RECEITAS;OUTRAS RECEITAS;2452,98
05/2023;RECEITAS;Juros Poupança (4029-0);1,29
05/2023;RECEITAS;Juros Aplicação;5,89
05/2023;RECEITAS;Rateio cfe AGO (09/07/22);2445,80
05/2023;DESPESAS;ENCARGOS SOCIAIS;1381,59
05/2023;DESPESAS;INSS (S/folha pagto e notas fiscais);1381,59
05/2023;DESPESAS;HONORÁRIOS;1744,78
05/2023;DESPESAS;Honorários Síndico;1158,78
05/2023;DESPESAS;Honorário Gestão Administrativa;586,00
05/2023;DESPESAS;UTILIDADES/SERVIÇOS;1710,71
05/2023;DESPESAS;Fornecimento de Energia Elétrica;593,00
05/2023;DESPESAS;Fornecimento de Água;1055,76
05/2023;DESPESAS;Material de Expediente;61,95
05/2023;DESPESAS;IMPOSTOS/TAXAS;498,35
05/2023;DESPESAS;ISS;498,35
05/2023;DESPESAS;/MANUTENÇÃO;2401,14
05/2023;DESPESAS;Manutenção do(s) Elevador(es);410,19
05/2023;DESPESAS;Manutenção do(s) Edifício(s);447,35
05/2023;DESPESAS;Manutenção do Interfone;1133,00
05/2023;DESPESAS;Manutenção do(s)Elevador(es)/Peças/Reparos;410,60
05/2023;DESPESAS;SERVIÇOS PRESTADOS POR TERCEIROS;3059,16
05/2023;DESPESAS;Serviços de Limpeza Caixa de Gordura/Fossa;1092,50
05/2023;DESPESAS;Serviços de Impermeabilização;1966,66
05/2023;DESPESAS;EMPRESAS PRESTADORAS DE SERVIÇOS;5536,18
05/2023;DESPESAS;Serviços de Limpeza e Jardinagem;5536,18
05/2023;DESPESAS;OUTRAS DESPESAS;1679,94
05/2023;DESPESAS;com Gás;1679,94
05/2023;DESPESAS;FINANCEIRAS;318,59
05/2023;DESPESAS;Tarifa Bancária;80,00
05/2023;DESPESAS;Imposto de Renda (S/Aplicação);4,57
05/2023;DESPESAS;Tarifa Cobrança;127,02
05/2023;DESPESAS;Juros e Multas;106,72
05/2023;DESPESAS;Imposto de Renda (S/Poupança);0,28
05/2023;SALDO ATUAL;CAIXA;492,49
05/2023;SALDO ATUAL;Caixa de Condomínio;492,49
05/2023;SALDO ATUAL;BANCOS;12109,82
05/2023;SALDO ATUAL;BANCOS/CONTAS/MOVIMENTO;1435,14
05/2023;SALDO ATUAL;Caixa Econômica Federal (C/C);1435,14
05/2023;SALDO ATUAL;BANCOS/CONTAS/APLICAÇÕES;10674,68
05/2023;SALDO ATUAL;Caixa Econômica Federal - Poupança (739942363-7);97,94
05/2023;SALDO ATUAL;Aplicação CEF;10576,74
06/2023;SALDO ANTERIOR;CAIXA;492,49
06/2023;SALDO ANTERIOR;Caixa de Condomínio;492,49
06/2023;SALDO ANTERIOR;BANCOS;12109,82
06/2023;SALDO ANTERIOR;BANCOS/CONTAS/MOVIMENTO;1435,14
06/2023;SALDO ANTERIOR;Caixa Econômica Federal (C/C);1435,14
06/2023;SALDO ANTERIOR;BANCOS/CONTAS/APLICAÇÕES;10674,68
06/2023;SALDO ANTERIOR;Caixa Econômica Federal - Poupança (739942363-7);97,94
06/2023;SALDO ANTERIOR;Aplicação CEF;10576,74
06/2023;RECEITAS;DE CONDOMÍNIO;12727,10
06/2023;RECEITAS;Taxa de Condomínio;8322,76
06/2023;RECEITAS;Garagem;1486,07
06/2023;RECEITAS;Fundo de Reserva;980,90
06/2023;RECEITAS;Gás;939,55
06/2023;RECEITAS;Multas;27,76
06/2023;RECEITAS;Água;970,06
06/2023;RECEITAS;OUTRAS RECEITAS;91,85
06/2023;RECEITAS;Juros Poupança (4029-0);0,66
06/2023;RECEITAS;Ressarcimentos;4,29
06/2023;RECEITAS;Juros Aplicação;86,90
06/2023;DESPESAS;ENCARGOS SOCIAIS;1134,17
06/2023;DESPESAS;DARF DCTFWeb (INSS/IRRF);1134,17
06/2023;DESPESAS;HONORÁRIOS;1744,78
06/2023;DESPESAS;Honorários Síndico;1158,78
06/2023;DESPESAS;Honorário Gestão Administrativa;586,00
06/2023;DESPESAS;UTILIDADES/SERVIÇOS;1895,38
06/2023;DESPESAS;Fornecimento de Energia Elétrica;691,27
06/2023;DESPESAS;Fornecimento de Água;1048,77
06/2023;DESPESAS;Material de Expediente;155,34
06/2023;DESPESAS;IMPOSTOS/TAXAS;408,96
06/2023;DESPESAS;PIS/COFINS/CSLL;21,11
06/2023;DESPESAS;ISS;387,85
06/2023;DESPESAS;/MANUTENÇÃO;1058,03
06/2023;DESPESAS;Manutenção do(s) Elevador(es);410,19
06/2023;DESPESAS;Manutenção Estação Tratamento de Efluentes (ETE);647,84
06/2023;DESPESAS;SERVIÇOS PRESTADOS POR TERCEIROS;3059,16
06/2023;DESPESAS;Serviços de Limpeza Caixa de Gordura/Fossa;1092,50
06/2023;DESPESAS;Serviços de Impermeabilização;1966,66
06/2023;DESPESAS;EMPRESAS PRESTADORAS DE SERVIÇOS;5536,18
06/2023;DESPESAS;Serviços de Limpeza e Jardinagem;5536,18
06/2023;DESPESAS;FINANCEIRAS;199,02
06/2023;DESPESAS;Tarifa Bancária;69,00
06/2023;DESPESAS;Imposto de Renda (S/Aplicação);2,98
06/2023;DESPESAS;IOF;5,64
06/2023;DESPESAS;Tarifa Cobrança;106,20
06/2023;DESPESAS;Juros e Multas;15,06
06/2023;DESPESAS;Imposto de Renda (S/Poupança);0,14
06/2023;SALDO ATUAL;CAIXA;508,71
06/2023;SALDO ATUAL;Caixa de Condomínio;508,71
06/2023;SALDO ATUAL;BANCOS;9876,87
06/2023;SALDO ATUAL;BANCOS/CONTAS/MOVIMENTO;1135,08
06/2023;SALDO ATUAL;Caixa Econômica Federal (C/C);1135,08
06/2023;SALDO ATUAL;BANCOS/CONTAS/APLICAÇÕES;8741,79
06/2023;SALDO ATUAL;Caixa Econômica Federal - Poupança (739942363-7);98,46
06/2023;SALDO ATUAL;Aplicação CEF;8643,33
07/2023;SALDO ANTERIOR;CAIXA;508,71
07/2023;SALDO ANTERIOR;Caixa de Condomínio;508,71
07/2023;SALDO ANTERIOR;BANCOS;9876,87
07/2023;SALDO ANTERIOR;BANCOS/CONTAS/MOVIMENTO;1135,08
07/2023;SALDO ANTERIOR;Caixa Econômica Federal (C/C);1135,08
07/2023;SALDO ANTERIOR;BANCOS/CONTAS/APLICAÇÕES;8741,79
07/2023;SALDO ANTERIOR;Caixa Econômica Federal - Poupança (739942363-7);98,46
07/2023;SALDO ANTERIOR;Aplicação CEF;8643,33
07/2023;RECEITAS;DE CONDOMÍNIO;15976,91
07/2023;RECEITAS;Taxa de Condomínio;10185,33
07/2023;RECEITAS;Garagem;1854,78
07/2023;RECEITAS;Fundo de Reserva;1204,04
07/2023;RECEITAS;Gás;1312,13
07/2023;RECEITAS;Multas;13,48
07/2023;RECEITAS;Água;1407,15
07/2023;RECEITAS;OUTRAS RECEITAS;600,08
07/2023;RECEITAS;Juros Poupança (4029-0);0,67
07/2023;RECEITAS;Juros Aplicação;29,71
07/2023;RECEITAS;Salão de Festa - Uso;50,00
07/2023;RECEITAS;Rateio cfe AGO (01/07/23);519,70
07/2023;DESPESAS;ENCARGOS SOCIAIS;1134,17
07/2023;DESPESAS;DARF DCTFWeb (INSS/IRRF);1134,17
07/2023;DESPESAS;HONORÁRIOS;1760,80
07/2023;DESPESAS;Honorários Síndico;1174,80
07/2023;DESPESAS;Honorário Gestão Administrativa;586,00
07/2023;DESPESAS;UTILIDADES/SERVIÇOS;2966,16
07/2023;DESPESAS;Fornecimento de Energia Elétrica;593,62
07/2023;DESPESAS;Fornecimento de Água;1088,38
07/2023;DESPESAS;Seguro;518,87
07/2023;DESPESAS;Material de Expediente;125,64
07/2023;DESPESAS;Material de Limpeza;192,80
07/2023;DESPESAS;Internet;446,85
07/2023;DESPESAS;IMPOSTOS/TAXAS;405,08
07/2023;DESPESAS;PIS/COFINS/CSLL;21,11
07/2023;DESPESAS;ISS;383,97
07/2023;DESPESAS;/MANUTENÇÃO;2447,36
07/2023;DESPESAS;Manutenção do(s) Elevador(es);410,19
07/2023;DESPESAS;Manutenção do(s) Edifício(s);160,65
07/2023;DESPESAS;Manutenção do(s)Elevador(es)/Peças/Reparos;1228,95
07/2023;DESPESAS;Manutenção Estação Tratamento de Efluentes (ETE);647,57
07/2023;DESPESAS;COM MELHORIAS;5000,00
07/2023;DESPESAS;com Pintura;5000,00
07/2023;DESPESAS;SERVIÇOS PRESTADOS POR TERCEIROS;2206,66
07/2023;DESPESAS;Serviços Prestados;240,00
07/2023;DESPESAS;Serviços de Impermeabilização;1966,66
07/2023;DESPESAS;EMPRESAS PRESTADORAS DE SERVIÇOS;6465,18
07/2023;DESPESAS;Serviços de Limpeza e Jardinagem;6465,18
07/2023;DESPESAS;OUTRAS DESPESAS;2610,69
07/2023;DESPESAS;com Gás;2360,22
07/2023;DESPESAS;com Cartório;250,47
07/2023;DESPESAS;FINANCEIRAS;309,19
07/2023;DESPESAS;Tarifa Bancária;160,50
07/2023;DESPESAS;Imposto de Renda (S/Aplicação);22,51
07/2023;DESPESAS;IOF;2,13
07/2023;DESPESAS;Tarifa Cobrança;123,90
07/2023;DESPESAS;Imposto de Renda (S/Poupança);0,15
07/2023;SALDO ATUAL;CAIXA;513,91
07/2023;SALDO ATUAL;Caixa de Condomínio;513,91
07/2023;SALDO ATUAL;BANCOS;1143,37
07/2023;SALDO ATUAL;BANCOS/CONTAS/MOVIMENTO;873,82
07/2023;SALDO ATUAL;Caixa Econômica Federal (C/C);873,82
07/2023;SALDO ATUAL;BANCOS/CONTAS/APLICAÇÕES;269,55
07/2023;SALDO ATUAL;Caixa Econômica Federal - Poupança (739942363-7);98,98
07/2023;SALDO ATUAL;Aplicação CEF;170,57
08/2023;SALDO ANTERIOR;CAIXA;513,91
08/2023;SALDO ANTERIOR;Caixa de Condomínio;513,91
08/2023;SALDO ANTERIOR;BANCOS;1143,37
08/2023;SALDO ANTERIOR;BANCOS/CONTAS/MOVIMENTO;873,82
08/2023;SALDO ANTERIOR;Caixa Econômica Federal (C/C);873,82
08/2023;SALDO ANTERIOR;BANCOS/CONTAS/APLICAÇÕES;269,55
08/2023;SALDO ANTERIOR;Caixa Econômica Federal - Poupança (739942363-7);98,98
08/2023;SALDO ANTERIOR;Aplicação CEF;170,57
08/2023;RECEITAS;DE CONDOMÍNIO;16260,37
08/2023;RECEITAS;Taxa de Condomínio;10357,42
08/2023;RECEITAS;Garagem;1860,20
08/2023;RECEITAS;Fundo de Reserva;1221,79
08/2023;RECEITAS;Gás;1312,95
08/2023;RECEITAS;Multas;48,10
08/2023;RECEITAS;Água;1441,13
08/2023;RECEITAS;Juros;18,78
08/2023;RECEITAS;OUTRAS RECEITAS;3304,68
08/2023;RECEITAS;Juros Poupança (4029-0);0,72
08/2023;RECEITAS;Juros Aplicação;1,75
08/2023;RECEITAS;Salão de Festa - Uso;50,00
08/2023;RECEITAS;Rateio cfe AGO (01/07/23);3252,21
08/2023;DESPESAS;ENCARGOS SOCIAIS;1134,17
08/2023;DESPESAS;DARF DCTFWeb (INSS/IRRF);1134,17
08/2023;DESPESAS;HONORÁRIOS;2760,80
08/2023;DESPESAS;Honorários Síndico;1174,80
08/2023;DESPESAS;Honorários Advocaticios;1000,00
08/2023;DESPESAS;Honorário Gestão Administrativa;586,00
08/2023;DESPESAS;UTILIDADES/SERVIÇOS;2361,69
08/2023;DESPESAS;Fornecimento de Energia Elétrica;479,18
08/2023;DESPESAS;Fornecimento de Água;1090,92
08/2023;DESPESAS;Seguro;518,84
08/2023;DESPESAS;Material de Expediente;67,75
08/2023;DESPESAS;Certificado Digital;205,00
08/2023;DESPESAS;IMPOSTOS/TAXAS;405,35
08/2023;DESPESAS;PIS/COFINS/CSLL;21,11
08/2023;DESPESAS;ISS;384,24
08/2023;DESPESAS;/MANUTENÇÃO;1956,95
08/2023;DESPESAS;Manutenção do(s) Elevador(es);410,19
08/2023;DESPESAS;Manutenção do Portão Eletrônico;900,00
08/2023;DESPESAS;Manutenção Estação Tratamento de Efluentes (ETE);646,76
08/2023;DESPESAS;SERVIÇOS PRESTADOS POR TERCEIROS;979,50
08/2023;DESPESAS;Serviços Elétricos;219,50
08/2023;DESPESAS;Serviços de Limpeza Caixa de Gordura/Fossa;760,00
08/2023;DESPESAS;EMPRESAS PRESTADORAS DE SERVIÇOS;5602,42
08/2023;DESPESAS;Serviços de Limpeza e Jardinagem;5602,42
08/2023;DESPESAS;OUTRAS DESPESAS;1862,58
08/2023;DESPESAS;com Gás;1862,58
08/2023;DESPESAS;FINANCEIRAS;232,36
08/2023;DESPESAS;Tarifa Bancária;80,00
08/2023;DESPESAS;Tarifa Cobrança;112,10
08/2023;DESPESAS;Juros e Multas;40,10
08/2023;DESPESAS;Imposto de Renda (S/Poupança);0,16
08/2023;SALDO ATUAL;BANCOS;3926,51
08/2023;SALDO ATUAL;BANCOS/CONTAS/MOVIMENTO;3654,65
08/2023;SALDO ATUAL;Caixa Econômica Federal (C/C);3654,65
08/2023;SALDO ATUAL;BANCOS/CONTAS/APLICAÇÕES;271,86
08/2023;SALDO ATUAL;Caixa Econômica Federal - Poupança (739942363-7);99,54
08/2023;SALDO ATUAL;Aplicação CEF;172,32
09/2023;SALDO ANTERIOR;DISPONÍVEL;44183,52
09/2023;SALDO ANTERIOR;BANCOS;44183,52
09/2023;SALDO ANTERIOR;BANCOS/CONTAS/MOVIMENTO;3164,67
09/2023;SALDO ANTERIOR;UNICRED 452410-1;3164,67
09/2023;SALDO ANTERIOR;BANCOS/CONTAS/APLICAÇÕES;41018,85
09/2023;SALDO ANTERIOR;Capital Unicred;147,50
09/2023;SALDO ANTERIOR;Aplicação UNICRED (75);40677,04
09/2023;SALDO ANTERIOR;Aplicação UNICRED (132);194,31
09/2023;RECEITAS;DE CONDOMÍNIO;45707,81
09/2023;RECEITAS;Taxa de Condomínio;40592,69
09/2023;RECEITAS;Multas;375,95
09/2023;RECEITAS;Água;2987,60
09/2023;RECEITAS;Diferença Fornecimento de Água;1484,01
09/2023;RECEITAS;Juros e Multas;267,56
09/2023;RECEITAS;OUTRAS RECEITAS;877,22
09/2023;RECEITAS;Baixa Parcial;494,84
09/2023;RECEITAS;Rendimento Aplicação Unicred (132);1,82
09/2023;RECEITAS;Rendimento Aplicação Unicred (75);380,56
09/2023;DESPESAS;ENCARGOS SOCIAIS;3749,61
09/2023;DESPESAS;DARF DCTFWeb (INSS/IRRF);3749,61
09/2023;DESPESAS;HONORÁRIOS;2777,78
09/2023;DESPESAS;Honorários Síndico;1862,00
09/2023;DESPESAS;Honorários Gestão Administrativa;915,78
09/2023;DESPESAS;UTILIDADES/SERVIÇOS;6456,05
09/2023;DESPESAS;Fornecimento de Energia Elétrica;249,14
09/2023;DESPESAS;Fornecimento de Água;5207,76
09/2023;DESPESAS;Telefone;10,00
09/2023;DESPESAS;Material de Expediente;106,40
09/2023;DESPESAS;Material para Pintura;882,75
09/2023;DESPESAS;IMPOSTOS/TAXAS;2630,25
09/2023;DESPESAS;PIS/COFINS/CSLL;1620,79
09/2023;DESPESAS;ISS (ISQN);1009,46
09/2023;DESPESAS;/MANUTENÇÃO;1514,18
09/2023;DESPESAS;Manutenção de Maquinas e Equipamentos;1062,68
09/2023;DESPESAS;Manutenção CFTV/Portões/Interfone/Cerca Elétrica;451,50
09/2023;DESPESAS;SERVIÇOS PRESTADOS POR TERCEIROS;2000,00
09/2023;DESPESAS;Serviços de Pintura;1700,00
09/2023;DESPESAS;Serviços Prestados;300,00
09/2023;DESPESAS;EMPRESAS PRESTADORAS DE SERVIÇOS;28664,36
09/2023;DESPESAS;Orcali (zeladoria);3575,59
09/2023;DESPESAS;Orcali (vigilância);23952,92
09/2023;DESPESAS;Orcali (monitoramento eletrônico);1135,85
09/2023;DESPESAS;OUTRAS DESPESAS;471,31
09/2023;DESPESAS;com correio;2,45
09/2023;DESPESAS;com Retirada Entulho;320,10
09/2023;DESPESAS;Custas Judiciais;148,76
09/2023;DESPESAS;FINANCEIRAS;52,67
09/2023;DESPESAS;Tarifa Cobrança;52,67
09/2023;SALDO ATUAL;DISPONÍVEL;42452,34
09/2023;SALDO ATUAL;BANCOS;42452,34
09/2023;SALDO ATUAL;BANCOS/CONTAS/MOVIMENTO;1002,36
09/2023;SALDO ATUAL;UNICRED 452410-1;1002,36
09/2023;SALDO ATUAL;BANCOS/CONTAS/APLICAÇÕES;41449,98
09/2023;SALDO ATUAL;Capital Unicred;196,25
09/2023;SALDO ATUAL;Aplicação UNICRED (75);41057,60
09/2023;SALDO ATUAL;Aplicação UNICRED (132);196,13
10/2023;SALDO ANTERIOR;BANCOS;8053,75
10/2023;SALDO ANTERIOR;BANCOS/CONTAS/MOVIMENTO;1572,69
10/2023;SALDO ANTERIOR;Caixa Econômica Federal (C/C);1572,69
10/2023;SALDO ANTERIOR;BANCOS/CONTAS/APLICAÇÕES;6481,06
10/2023;SALDO ANTERIOR;Caixa Econômica Federal - Poupança (739942363-7);3871,95
10/2023;SALDO ANTERIOR;Aplicação CEF;2609,11
10/2023;RECEITAS;DE CONDOMÍNIO;17368,35
10/2023;RECEITAS;Taxa de Condomínio;11022,67
10/2023;RECEITAS;Garagem;2004,81
10/2023;RECEITAS;Fundo de Reserva;1302,78
10/2023;RECEITAS;Gás;1266,45
10/2023;RECEITAS;Multas;77,28
10/2023;RECEITAS;Água;1694,36
10/2023;RECEITAS;OUTRAS RECEITAS;3500,44
10/2023;RECEITAS;Juros Poupança (4029-0);3,99
10/2023;RECEITAS;Ressarcimentos;6,18
10/2023;RECEITAS;Juros Aplicação;22,48
10/2023;RECEITAS;Rateio cfe AGO (01/07/23);3467,79
10/2023;DESPESAS;ENCARGOS SOCIAIS;1134,17
10/2023;DESPESAS;DARF DCTFWeb (INSS/IRRF);1134,17
10/2023;DESPESAS;HONORÁRIOS;2813,02
10/2023;DESPESAS;Honorários Síndico;1174,80
10/2023;DESPESAS;Honorários Advocaticios;1000,00
10/2023;DESPESAS;Honorário Gestão Administrativa;638,22
10/2023;DESPESAS;UTILIDADES/SERVIÇOS;2530,54
10/2023;DESPESAS;Fornecimento de Energia Elétrica;727,29
10/2023;DESPESAS;Fornecimento de Água;1167,80
10/2023;DESPESAS;Seguro;518,84
10/2023;DESPESAS;Material de Expediente;116,61
10/2023;DESPESAS;IMPOSTOS/TAXAS;525,64
10/2023;DESPESAS;PIS/COFINS/CSLL;21,12
10/2023;DESPESAS;ISS;504,52
10/2023;DESPESAS;/MANUTENÇÃO;1517,33
10/2023;DESPESAS;Manutenção do(s) Elevador(es);410,19
10/2023;DESPESAS;Manutenção do(s)Elevador(es)/Peças/Reparos;220,43
10/2023;DESPESAS;Manutenção Estação Tratamento de Efluentes (ETE);886,71
10/2023;DESPESAS;EMPRESAS PRESTADORAS DE SERVIÇOS;5536,18
10/2023;DESPESAS;Serviços de Limpeza e Jardinagem;5536,18
10/2023;DESPESAS;OUTRAS DESPESAS;218,16
10/2023;DESPESAS;Desconto/Devolução;218,16
10/2023;DESPESAS;FINANCEIRAS;194,64
10/2023;DESPESAS;Tarifa Bancária;69,00
10/2023;DESPESAS;Tarifa Cobrança;118,00
10/2023;DESPESAS;Juros e Multas;6,75
10/2023;DESPESAS;Imposto de Renda (S/Poupança);0,89
10/2023;SALDO ATUAL;BANCOS;14452,86
10/2023;SALDO ATUAL;BANCOS/CONTAS/MOVIMENTO;3313,23
10/2023;SALDO ATUAL;Caixa Econômica Federal (C/C);3313,23
10/2023;SALDO ATUAL;BANCOS/CONTAS/APLICAÇÕES;11139,63
10/2023;SALDO ATUAL;Caixa Econômica Federal - Poupança (739942363-7);7242,41
10/2023;SALDO ATUAL;Aplicação CEF;3897,22
11/2023;SALDO ANTERIOR;BANCOS;14452,86
11/2023;SALDO ANTERIOR;BANCOS/CONTAS/MOVIMENTO;3313,23
11/2023;SALDO ANTERIOR;Caixa Econômica Federal (C/C);3313,23
11/2023;SALDO ANTERIOR;BANCOS/CONTAS/APLICAÇÕES;11139,63
11/2023;SALDO ANTERIOR;Caixa Econômica Federal - Poupança (739942363-7);7242,41
11/2023;SALDO ANTERIOR;Aplicação CEF;3897,22
11/2023;RECEITAS;DE CONDOMÍNIO;18290,52
11/2023;RECEITAS;Taxa de Condomínio;12368,94
11/2023;RECEITAS;Garagem;2165,19
11/2023;RECEITAS;Fundo de Reserva;1453,44
11/2023;RECEITAS;Gás;820,52
11/2023;RECEITAS;Multas;47,38
11/2023;RECEITAS;Água;1395,77
11/2023;RECEITAS;Juros;39,28
11/2023;RECEITAS;OUTRAS RECEITAS;3971,78
11/2023;RECEITAS;Juros Poupança (4029-0);23,45
11/2023;RECEITAS;Ressarcimentos;4,48
11/2023;RECEITAS;Juros Aplicação;75,00
11/2023;RECEITAS;Rateio cfe AGO (01/07/23);3868,85
11/2023;DESPESAS;ENCARGOS SOCIAIS;1134,17
11/2023;DESPESAS;DARF DCTFWeb (INSS/IRRF);1134,17
11/2023;DESPESAS;HONORÁRIOS;2813,02
11/2023;DESPESAS;Honorários Síndico;1174,80
11/2023;DESPESAS;Honorários Advocaticios;1000,00
11/2023;DESPESAS;Honorário Gestão Administrativa;638,22
11/2023;DESPESAS;UTILIDADES/SERVIÇOS;2617,40
11/2023;DESPESAS;Fornecimento de Energia Elétrica;548,66
11/2023;DESPESAS;Fornecimento de Água;1167,80
11/2023;DESPESAS;Seguro;518,84
11/2023;DESPESAS;Material de Expediente;145,14
11/2023;DESPESAS;Material de Limpeza;236,96
11/2023;DESPESAS;IMPOSTOS/TAXAS;470,01
11/2023;DESPESAS;PIS/COFINS/CSLL;21,11
11/2023;DESPESAS;ISS;448,90
11/2023;DESPESAS;/MANUTENÇÃO;1701,40
11/2023;DESPESAS;Manutenção do(s) Elevador(es);410,19
11/2023;DESPESAS;Manutenção do(s) Edifício(s);83,89
11/2023;DESPESAS;Manutenção do(s)Elevador(es)/Peças/Reparos;320,42
11/2023;DESPESAS;Manutenção Estação Tratamento de Efluentes (ETE);886,90
11/2023;DESPESAS;SERVIÇOS PRESTADOS POR TERCEIROS;1721,50
11/2023;DESPESAS;Serviços de Chaveiro;24,00
11/2023;DESPESAS;Serviços de Limpeza Caixa de Gordura/Fossa;1697,50
11/2023;DESPESAS;EMPRESAS PRESTADORAS DE SERVIÇOS;5536,18
11/2023;DESPESAS;Serviços de Limpeza e Jardinagem;5536,18
11/2023;DESPESAS;OUTRAS DESPESAS;2341,16
11/2023;DESPESAS;com Gás;2298,86
11/2023;DESPESAS;com Cópias/Impressões/Outros;42,30
11/2023;DESPESAS;FINANCEIRAS;238,87
11/2023;DESPESAS;Tarifa Bancária;69,00
11/2023;DESPESAS;Imposto de Renda (S/Aplicação);17,42
11/2023;DESPESAS;IOF;17,04
11/2023;DESPESAS;Tarifa Cobrança;127,02
11/2023;DESPESAS;Juros e Multas;3,12
11/2023;DESPESAS;Imposto de Renda (S/Poupança);5,27
11/2023;SALDO ATUAL;BANCOS;18141,45
11/2023;SALDO ATUAL;BANCOS/CONTAS/APLICAÇÕES;18141,45
11/2023;SALDO ATUAL;Caixa Econômica Federal - Poupança (739942363-7);10728,38
11/2023;SALDO ATUAL;Aplicação CEF;7413,07
12/2023;SALDO ANTERIOR;BANCOS;18141,45
12/2023;SALDO ANTERIOR;BANCOS/CONTAS/APLICAÇÕES;18141,45
12/2023;SALDO ANTERIOR;Caixa Econômica Federal - Poupança (739942363-7);10728,38
12/2023;SALDO ANTERIOR;Aplicação CEF;7413,07
12/2023;RECEITAS;DE CONDOMÍNIO;16363,84
12/2023;RECEITAS;Taxa de Condomínio;10299,56
12/2023;RECEITAS;Garagem;1916,73
12/2023;RECEITAS;Fundo de Reserva;1221,66
12/2023;RECEITAS;Gás;1095,59
12/2023;RECEITAS;Multas;217,84
12/2023;RECEITAS;Água;1612,46
12/2023;RECEITAS;OUTRAS RECEITAS;3855,56
12/2023;RECEITAS;Juros Poupança (4029-0);41,77
12/2023;RECEITAS;Juros Aplicação;88,81
12/2023;RECEITAS;Salão de Festa - Uso;50,00
12/2023;RECEITAS;Rateio cfe AGO (01/07/23);3251,87
12/2023;RECEITAS;Reteio cfe assembleia;423,11
12/2023;DESPESAS;ENCARGOS SOCIAIS;1326,67
12/2023;DESPESAS;DARF DCTFWeb (INSS/IRRF);1326,67
12/2023;DESPESAS;HONORÁRIOS;3201,24
12/2023;DESPESAS;Honorários Síndico;1174,80
12/2023;DESPESAS;Honorários Advocaticios;750,00
12/2023;DESPESAS;Honorário Gestão Administrativa;638,22
12/2023;DESPESAS;Honorário Gestão Administrativa Extra;638,22
12/2023;DESPESAS;UTILIDADES/SERVIÇOS;2420,55
12/2023;DESPESAS;Fornecimento de Energia Elétrica;698,13
12/2023;DESPESAS;Fornecimento de Água;1128,12
12/2023;DESPESAS;Seguro;518,84
12/2023;DESPESAS;Material de Expediente;75,46
12/2023;DESPESAS;IMPOSTOS/TAXAS;534,30
12/2023;DESPESAS;PIS/COFINS/CSLL;21,11
12/2023;DESPESAS;ISS;513,19
12/2023;DESPESAS;/MANUTENÇÃO;1913,41
12/2023;DESPESAS;Manutenção do(s) Elevador(es);410,19
12/2023;DESPESAS;Manutenção do(s) Edifício(s);254,01
12/2023;DESPESAS;Manutenção do Portão;362,50
12/2023;DESPESAS;Manutenção Estação Tratamento de Efluentes (ETE);886,71
12/2023;DESPESAS;COM AQUISIÇÕES;680,00
12/2023;DESPESAS;Aquisição Controlador de Acesso;680,00
12/2023;DESPESAS;SERVIÇOS PRESTADOS POR TERCEIROS;2581,00
12/2023;DESPESAS;Serviços de Engenharia;2581,00
12/2023;DESPESAS;EMPRESAS PRESTADORAS DE SERVIÇOS;5536,18
12/2023;DESPESAS;Serviços de Limpeza e Jardinagem;5536,18
12/2023;DESPESAS;OUTRAS DESPESAS;235,00
12/2023;DESPESAS;com Natal;235,00
12/2023;DESPESAS;FINANCEIRAS;214,55
12/2023;DESPESAS;Tarifa Bancária;69,00
12/2023;DESPESAS;Imposto de Renda (S/Aplicação);10,28
12/2023;DESPESAS;IOF;9,43
12/2023;DESPESAS;Tarifa Cobrança;106,20
12/2023;DESPESAS;Juros e Multas;10,26
12/2023;DESPESAS;Imposto de Renda (S/Poupança);9,38
12/2023;SALDO ATUAL;BANCOS;19717,95
12/2023;SALDO ATUAL;BANCOS/CONTAS/APLICAÇÕES;19717,95
12/2023;SALDO ATUAL;Caixa Econômica Federal - Poupança (739942363-7);10760,77
12/2023;SALDO ATUAL;Aplicação CEF;8957,18
01/2024;SALDO ANTERIOR;BANCOS;19717,95
01/2024;SALDO ANTERIOR;BANCOS/CONTAS/APLICAÇÕES;19717,95
01/2024;SALDO ANTERIOR;Caixa Econômica Federal - Poupança (739942363-7);10760,77
01/2024;SALDO ANTERIOR;Aplicação CEF;8957,18
01/2024;RECEITAS;DE CONDOMÍNIO;15430,55
01/2024;RECEITAS;Taxa de Condomínio;10391,60
01/2024;RECEITAS;Garagem;1856,25
01/2024;RECEITAS;Fundo de Reserva;1224,81
01/2024;RECEITAS;Gás;785,97
01/2024;RECEITAS;Água;1171,92
01/2024;RECEITAS;OUTRAS RECEITAS;9411,57
01/2024;RECEITAS;Juros Poupança (4029-0);61,42
01/2024;RECEITAS;Juros Aplicação;35,12
01/2024;RECEITAS;Rateio cfe AGO (01/07/23);3260,27
01/2024;RECEITAS;Reteio cfe assembleia;6054,76
01/2024;DESPESAS;ENCARGOS SOCIAIS;1134,17
01/2024;DESPESAS;DARF DCTFWeb (INSS/IRRF);1134,17
01/2024;DESPESAS;HONORÁRIOS;2763,02
01/2024;DESPESAS;Honorários Síndico;1174,80
01/2024;DESPESAS;Honorários Advocaticios;950,00
01/2024;DESPESAS;Honorário Gestão Administrativa;638,22
01/2024;DESPESAS;UTILIDADES/SERVIÇOS;2841,02
01/2024;DESPESAS;Fornecimento de Energia Elétrica;626,00
01/2024;DESPESAS;Fornecimento de Água;1311,38
01/2024;DESPESAS;Seguro;518,84
01/2024;DESPESAS;Material de Expediente;77,45
01/2024;DESPESAS;Material de Limpeza;307,35
01/2024;DESPESAS;IMPOSTOS/TAXAS;472,12
01/2024;DESPESAS;PIS/COFINS/CSLL;21,11
01/2024;DESPESAS;ISS;451,01
01/2024;DESPESAS;/MANUTENÇÃO;1759,16
01/2024;DESPESAS;Manutenção do(s) Elevador(es);410,19
01/2024;DESPESAS;Manutenção do(s) Edifício(s);397,62
01/2024;DESPESAS;Manutenção Estação Tratamento de Efluentes (ETE);951,35
01/2024;DESPESAS;SERVIÇOS PRESTADOS POR TERCEIROS;6456,00
01/2024;DESPESAS;Serviços Prestados;220,00
01/2024;DESPESAS;Serviços de Limpeza Caixa de Gordura/Fossa;3655,00
01/2024;DESPESAS;Serviços de Engenharia;2581,00
01/2024;DESPESAS;EMPRESAS PRESTADORAS DE SERVIÇOS;5536,18
01/2024;DESPESAS;Serviços de Limpeza e Jardinagem;5536,18
01/2024;DESPESAS;OUTRAS DESPESAS;124,35
01/2024;DESPESAS;Tarifa de Cobrança;112,10
01/2024;DESPESAS;com Correio;12,25
01/2024;DESPESAS;FINANCEIRAS;36,03
01/2024;DESPESAS;Imposto de Renda (S/Aplicação);7,94
01/2024;DESPESAS;IOF;5,26
01/2024;DESPESAS;Juros e Multas;9,02
01/2024;DESPESAS;Imposto de Renda (S/Poupança);13,81
01/2024;SALDO ATUAL;BANCOS;23438,02
01/2024;SALDO ATUAL;BANCOS/CONTAS/MOVIMENTO;1150,36
01/2024;SALDO ATUAL;Caixa Econômica Federal (C/C);1150,36
01/2024;SALDO ATUAL;BANCOS/CONTAS/APLICAÇÕES;22287,66
01/2024;SALDO ATUAL;Caixa Econômica Federal - Poupança (739942363-7);18352,21
01/2024;SALDO ATUAL;Aplicação CEF;3935,45
02/2024;SALDO ANTERIOR;BANCOS;23438,02
02/2024;SALDO ANTERIOR;BANCOS/CONTAS/MOVIMENTO;1150,36
02/2024;SALDO ANTERIOR;Caixa Econômica Federal (C/C);1150,36
02/2024;SALDO ANTERIOR;BANCOS/CONTAS/APLICAÇÕES;22287,66
02/2024;SALDO ANTERIOR;Caixa Econômica Federal - Poupança (739942363-7);18352,21
02/2024;SALDO ANTERIOR;Aplicação CEF;3935,45
02/2024;RECEITAS;DE CONDOMÍNIO;19345,50
02/2024;RECEITAS;Taxa de Condomínio;12421,53
02/2024;RECEITAS;Garagem;2228,30
02/2024;RECEITAS;Fundo de Reserva;1465,01
02/2024;RECEITAS;Gás;1064,77
02/2024;RECEITAS;Multas;94,69
02/2024;RECEITAS;Água;2071,20
02/2024;RECEITAS;OUTRAS RECEITAS;27211,99
02/2024;RECEITAS;Juros Poupança (4029-0);87,41
02/2024;RECEITAS;Juros Aplicação;84,74
02/2024;RECEITAS;Salão de Festa - Uso;50,00
02/2024;RECEITAS;Rateio cfe AGO (01/07/23);3899,65
02/2024;RECEITAS;Reteio cfe assembleia;7242,19
02/2024;RECEITAS;Conserto Elevador;718,00
02/2024;RECEITAS;Ressarcimento Seguro;15130,00
02/2024;DESPESAS;ENCARGOS SOCIAIS/IMPOSTOS;2246,10
02/2024;DESPESAS;DARF DCTFWeb (INSS/IRRF/PIS/COFINS/CSLL);1651,30
02/2024;DESPESAS;ISS (Impostos s/ Serviço);594,80
02/2024;DESPESAS;HONORÁRIOS;2844,90
02/2024;DESPESAS;Honorários Síndico;1256,68
02/2024;DESPESAS;Honorários Advocaticios;950,00
02/2024;DESPESAS;Honorário Gestão Administrativa;638,22
02/2024;DESPESAS;UTILIDADES/SERVIÇOS;2578,87
02/2024;DESPESAS;Fornecimento de Energia Elétrica;665,46
02/2024;DESPESAS;Fornecimento de Água;1185,16
02/2024;DESPESAS;Seguro;518,84
02/2024;DESPESAS;Material de Expediente;59,95
02/2024;DESPESAS;Material de Limpeza;149,46
02/2024;DESPESAS;/MANUTENÇÃO;2372,04
02/2024;DESPESAS;Manutenção do(s) Elevador(es);410,19
02/2024;DESPESAS;Manutenção do(s) Edifício(s);335,50
02/2024;DESPESAS;Manutenção de Extintores;390,00
02/2024;DESPESAS;Manutenção Estação Tratamento de Efluentes (ETE);951,35
02/2024;DESPESAS;Manutenção Rede de Gás;285,00
02/2024;DESPESAS;SERVIÇOS PRESTADOS POR TERCEIROS;4731,00
02/2024;DESPESAS;Serviços de Limpeza Caixa de Gordura/Fossa;2150,00
02/2024;DESPESAS;Serviços de Engenharia;2581,00
02/2024;DESPESAS;EMPRESAS PRESTADORAS DE SERVIÇOS;5635,04
02/2024;DESPESAS;Serviços de Limpeza e Jardinagem;5635,04
02/2024;DESPESAS;OUTRAS DESPESAS;2264,66
02/2024;DESPESAS;com Gás;2122,61
02/2024;DESPESAS;Tarifa de Cobrança;129,80
02/2024;DESPESAS;com Correio;12,25
02/2024;DESPESAS;FINANCEIRAS;25,79
02/2024;DESPESAS;Imposto de Renda (S/Aplicação);4,37
02/2024;DESPESAS;Juros e Multas;1,76
02/2024;DESPESAS;Imposto de Renda (S/Poupança);19,66
02/2024;SALDO ATUAL;BANCOS;47297,11
02/2024;SALDO ATUAL;BANCOS/CONTAS/MOVIMENTO;2546,65
02/2024;SALDO ATUAL;Caixa Econômica Federal (C/C);2546,65
02/2024;SALDO ATUAL;BANCOS/CONTAS/APLICAÇÕES;44750,46
02/2024;SALDO ATUAL;Caixa Econômica Federal - Poupança (739942363-7);18419,96
02/2024;SALDO ATUAL;Aplicação CEF;26330,50
03/2024;SALDO ANTERIOR;BANCOS;47297,11
03/2024;SALDO ANTERIOR;BANCOS/CONTAS/MOVIMENTO;2546,65
03/2024;SALDO ANTERIOR;Caixa Econômica Federal (C/C);2546,65
03/2024;SALDO ANTERIOR;BANCOS/CONTAS/APLICAÇÕES;44750,46
03/2024;SALDO ANTERIOR;Caixa Econômica Federal - Poupança (739942363-7);18419,96
03/2024;SALDO ANTERIOR;Aplicação CEF;26330,50
03/2024;RECEITAS;DE CONDOMÍNIO;16974,89
03/2024;RECEITAS;Taxa de Condomínio;10646,65
03/2024;RECEITAS;Garagem;1925,93
03/2024;RECEITAS;Fundo de Reserva;1257,29
03/2024;RECEITAS;Gás;1050,90
03/2024;RECEITAS;Multas;25,03
03/2024;RECEITAS;Água;2069,09
03/2024;RECEITAS;OUTRAS RECEITAS;10897,81
03/2024;RECEITAS;Juros Poupança (4029-0);167,95
03/2024;RECEITAS;Juros Aplicação;192,46
03/2024;RECEITAS;Rateio cfe AGO (01/07/23);3346,70
03/2024;RECEITAS;Reteio cfe assembleia;6215,31
03/2024;RECEITAS;Conserto Elevador;718,00
03/2024;RECEITAS;Devolução de Despesa Indevida;257,39
03/2024;DESPESAS;ENCARGOS SOCIAIS/IMPOSTOS;1821,34
03/2024;DESPESAS;DARF DCTFWeb (INSS/IRRF/PIS/COFINS/CSLL);1458,80
03/2024;DESPESAS;ISS (Impostos s/ Serviço);362,54
03/2024;DESPESAS;HONORÁRIOS;2844,90
03/2024;DESPESAS;Honorários Síndico;1256,68
03/2024;DESPESAS;Honorários Advocaticios;950,00
03/2024;DESPESAS;Honorário Gestão Administrativa;638,22
03/2024;DESPESAS;UTILIDADES/SERVIÇOS;2972,40
03/2024;DESPESAS;Fornecimento de Energia Elétrica;640,03
03/2024;DESPESAS;Fornecimento de Água;1217,40
03/2024;DESPESAS;Seguro;518,84
03/2024;DESPESAS;Material de Expediente;137,95
03/2024;DESPESAS;Material de Limpeza;458,18
03/2024;DESPESAS;/MANUTENÇÃO;2659,04
03/2024;DESPESAS;Manutenção do(s) Elevador(es);410,19
03/2024;DESPESAS;Manutenção do(s) Edifício(s);10,00
03/2024;DESPESAS;Manutenção de Extintores;390,00
03/2024;DESPESAS;Manutenção do(s)Elevador(es)/Peças/Reparos;897,50
03/2024;DESPESAS;Manutenção Estação Tratamento de Efluentes (ETE);951,35
03/2024;DESPESAS;SERVIÇOS PRESTADOS POR TERCEIROS;5217,00
03/2024;DESPESAS;Serviços Prestados;486,00
03/2024;DESPESAS;Serviços de Limpeza Caixa de Gordura/Fossa;2150,00
03/2024;DESPESAS;Serviços de Engenharia;2581,00
03/2024;DESPESAS;EMPRESAS PRESTADORAS DE SERVIÇOS;6029,48
03/2024;DESPESAS;Serviços de Limpeza e Jardinagem;6029,48
03/2024;DESPESAS;OUTRAS DESPESAS;25,04
03/2024;DESPESAS;com Correio;2,50
03/2024;DESPESAS;com Uber;22,54
03/2024;DESPESAS;FINANCEIRAS;177,39
03/2024;DESPESAS;Tarifa Bancária;112,10
03/2024;DESPESAS;Juros e Multas;27,53
03/2024;DESPESAS;Imposto de Renda (S/Poupança);37,76
03/2024;SALDO ATUAL;BANCOS;53423,22
03/2024;SALDO ATUAL;BANCOS/CONTAS/MOVIMENTO;8350,11
03/2024;SALDO ATUAL;Caixa Econômica Federal (C/C);8350,11
03/2024;SALDO ATUAL;BANCOS/CONTAS/APLICAÇÕES;45073,11
03/2024;SALDO ATUAL;Caixa Econômica Federal - Poupança (739942363-7);18550,15
03/2024;SALDO ATUAL;Aplicação CEF;26522,96
04/2024;SALDO ANTERIOR;BANCOS;53365,55
04/2024;SALDO ANTERIOR;BANCOS/CONTAS/MOVIMENTO;8350,11
04/2024;SALDO ANTERIOR;Caixa Econômica Federal (C/C);8350,11
04/2024;SALDO ANTERIOR;BANCOS/CONTAS/APLICAÇÕES;45015,44
04/2024;SALDO ANTERIOR;Caixa Econômica Federal - Poupança (739942363-7);18492,48
04/2024;SALDO ANTERIOR;Aplicação CEF;26522,96
04/2024;RECEITAS;DE CONDOMÍNIO;16504,52
04/2024;RECEITAS;Taxa de Condomínio;11148,88
04/2024;RECEITAS;Garagem;2011,38
04/2024;RECEITAS;Fundo de Reserva;1316,05
04/2024;RECEITAS;Gás;738,43
04/2024;RECEITAS;Multas;61,75
04/2024;RECEITAS;Água;1228,03
04/2024;RECEITAS;OUTRAS RECEITAS;11023,20
04/2024;RECEITAS;Juros Poupança (4029-0);98,80
04/2024;RECEITAS;Juros Aplicação;197,44
04/2024;RECEITAS;Rateio cfe AGO (01/07/23);3503,15
04/2024;RECEITAS;Rateio cfe assembleia;6505,81
04/2024;RECEITAS;Conserto Elevador;718,00
04/2024;DESPESAS;ENCARGOS SOCIAIS/IMPOSTOS;1861,54
04/2024;DESPESAS;DARF DCTFWeb (INSS/IRRF/PIS/COFINS/CSLL);1562,47
04/2024;DESPESAS;ISS (Impostos s/ Serviço);299,07
04/2024;DESPESAS;HONORÁRIOS;2844,90
04/2024;DESPESAS;Honorários Síndico;1256,68
04/2024;DESPESAS;Honorários Advocaticios;950,00
04/2024;DESPESAS;Honorário Gestão Administrativa;638,22
04/2024;DESPESAS;UTILIDADES/SERVIÇOS;2882,80
04/2024;DESPESAS;Fornecimento de Energia Elétrica;635,05
04/2024;DESPESAS;Fornecimento de Água;1209,96
04/2024;DESPESAS;Seguro;518,84
04/2024;DESPESAS;Material de Expediente;124,20
04/2024;DESPESAS;Material de Limpeza;394,75
04/2024;DESPESAS;/MANUTENÇÃO;2292,51
04/2024;DESPESAS;Manutenção do(s) Elevador(es);410,19
04/2024;DESPESAS;Manutenção do(s) Edifício(s);33,47
04/2024;DESPESAS;Manutenção do(s)Elevador(es)/Peças/Reparos;897,50
04/2024;DESPESAS;Manutenção Estação Tratamento de Efluentes (ETE);951,35
04/2024;DESPESAS;COM MELHORIAS;12959,63
04/2024;DESPESAS;Reforma e Melhoria;12088,63
04/2024;DESPESAS;Serviços Prestados;871,00
04/2024;DESPESAS;SERVIÇOS PRESTADOS POR TERCEIROS;2681,00
04/2024;DESPESAS;Serviços de Limpeza;100,00
04/2024;DESPESAS;Serviços de Engenharia;2581,00
04/2024;DESPESAS;EMPRESAS PRESTADORAS DE SERVIÇOS;6135,23
04/2024;DESPESAS;Serviços de Limpeza e Jardinagem;6135,23
04/2024;DESPESAS;OUTRAS DESPESAS;1691,76
04/2024;DESPESAS;com Gás;1630,69
04/2024;DESPESAS;com Correio;12,25
04/2024;DESPESAS;com Cartório;32,13
04/2024;DESPESAS;com Uber;16,69
04/2024;DESPESAS;FINANCEIRAS;219,58
04/2024;DESPESAS;Imposto de Renda (S/Aplicação);9,88
04/2024;DESPESAS;Tarifa Cobrança;184,23
04/2024;DESPESAS;Juros e Multas;3,26
04/2024;DESPESAS;Imposto de Renda (S/Poupança);22,21
04/2024;SALDO ATUAL;BANCOS;47324,32
04/2024;SALDO ATUAL;BANCOS/CONTAS/MOVIMENTO;3489,58
04/2024;SALDO ATUAL;Caixa Econômica Federal (C/C);3489,58
04/2024;SALDO ATUAL;BANCOS/CONTAS/APLICAÇÕES;43834,74
04/2024;SALDO ATUAL;Caixa Econômica Federal - Poupança (739942363-7);18569,07
04/2024;SALDO ATUAL;Aplicação CEF;25265,67
05/2024;SALDO ANTERIOR;BANCOS;47324,32
05/2024;SALDO ANTERIOR;BANCOS/CONTAS/MOVIMENTO;3489,58
05/2024;SALDO ANTERIOR;Caixa Econômica Federal (C/C);3489,58
05/2024;SALDO ANTERIOR;BANCOS/CONTAS/APLICAÇÕES;43834,74
05/2024;SALDO ANTERIOR;Caixa Econômica Federal - Poupança (739942363-7);18569,07
05/2024;SALDO ANTERIOR;Aplicação CEF;25265,67
05/2024;RECEITAS;DE CONDOMÍNIO;16635,89
05/2024;RECEITAS;Taxa de Condomínio;11190,95
05/2024;RECEITAS;Garagem;2002,19
05/2024;RECEITAS;Fundo de Reserva;1319,34
05/2024;RECEITAS;Gás;740,71
05/2024;RECEITAS;Multas;31,57
05/2024;RECEITAS;Água;1351,13
05/2024;RECEITAS;OUTRAS RECEITAS;10791,64
05/2024;RECEITAS;Juros Poupança (4029-0);111,11
05/2024;RECEITAS;Ressarcimentos;4,92
05/2024;RECEITAS;Juros Aplicação;173,19
05/2024;RECEITAS;Rateio cfe AGO (01/07/23);3262,35
05/2024;RECEITAS;Rateio cfe assembleia;6522,07
05/2024;RECEITAS;Conserto Elevador;718,00
05/2024;DESPESAS;ENCARGOS SOCIAIS/IMPOSTOS;2153,00
05/2024;DESPESAS;DARF DCTFWeb (INSS/IRRF/PIS/COFINS/CSLL);1322,49
05/2024;DESPESAS;ISS (Impostos s/ Serviço);830,51
05/2024;DESPESAS;HONORÁRIOS;2844,90
05/2024;DESPESAS;Honorários Síndico;1256,68
05/2024;DESPESAS;Honorários Advocaticios;950,00
05/2024;DESPESAS;Honorário Gestão Administrativa;638,22
05/2024;DESPESAS;UTILIDADES/SERVIÇOS;1877,82
05/2024;DESPESAS;Fornecimento de Energia Elétrica;1182,68
05/2024;DESPESAS;Material de Expediente;166,46
05/2024;DESPESAS;Material de Limpeza;233,73
05/2024;DESPESAS;Material Elétrico;294,95
05/2024;DESPESAS;/MANUTENÇÃO;5964,04
05/2024;DESPESAS;Manutenção do(s) Elevador(es);410,19
05/2024;DESPESAS;Manutenção do(s)Elevador(es)/Peças/Reparos;897,50
05/2024;DESPESAS;Manutenção Estação Tratamento de Efluentes (ETE);4656,35
05/2024;DESPESAS;COM MELHORIAS;12088,63
05/2024;DESPESAS;Reforma e Melhoria;12088,63
05/2024;DESPESAS;SERVIÇOS PRESTADOS POR TERCEIROS;210,00
05/2024;DESPESAS;Serviços Prestados;210,00
05/2024;DESPESAS;EMPRESAS PRESTADORAS DE SERVIÇOS;5772,09
05/2024;DESPESAS;Serviços de Limpeza e Jardinagem;5772,09
05/2024;DESPESAS;OUTRAS DESPESAS;1387,86
05/2024;DESPESAS;com Gás;1375,61
05/2024;DESPESAS;com Correio;12,25
05/2024;DESPESAS;FINANCEIRAS;335,80
05/2024;DESPESAS;Imposto de Renda (S/Aplicação);104,10
05/2024;DESPESAS;Tarifa Cobrança;190,12
05/2024;DESPESAS;Juros e Multas;16,61
05/2024;DESPESAS;Imposto de Renda (S/Poupança);24,97
05/2024;SALDO ATUAL;BANCOS;42117,71
05/2024;SALDO ATUAL;BANCOS/CONTAS/MOVIMENTO;2746,35
05/2024;SALDO ATUAL;Caixa Econômica Federal (C/C);2746,35
05/2024;SALDO ATUAL;BANCOS/CONTAS/APLICAÇÕES;39371,36
05/2024;SALDO ATUAL;Caixa Econômica Federal - Poupança (739942363-7);18655,21
05/2024;SALDO ATUAL;Aplicação CEF;20716,15
06/2024;SALDO ANTERIOR;BANCOS;42117,71
06/2024;SALDO ANTERIOR;BANCOS/CONTAS/MOVIMENTO;2746,35
06/2024;SALDO ANTERIOR;Caixa Econômica Federal (C/C);2746,35
06/2024;SALDO ANTERIOR;BANCOS/CONTAS/APLICAÇÕES;39371,36
06/2024;SALDO ANTERIOR;Caixa Econômica Federal - Poupança (739942363-7);18655,21
06/2024;SALDO ANTERIOR;Aplicação CEF;20716,15
06/2024;RECEITAS;DE CONDOMÍNIO;18458,94
06/2024;RECEITAS;Taxa de Condomínio;12119,15
06/2024;RECEITAS;Garagem;2230,92
06/2024;RECEITAS;Fundo de Reserva;1435,04
06/2024;RECEITAS;Gás;1139,97
06/2024;RECEITAS;Multas;23,72
06/2024;RECEITAS;Água;1510,14
06/2024;RECEITAS;OUTRAS RECEITAS;8946,26
06/2024;RECEITAS;Juros Poupança (4029-0);185,26
06/2024;RECEITAS;Rateio cfe assembleia;7094,01
06/2024;RECEITAS;Conserto Elevador;718,00
06/2024;RECEITAS;Rateio cfe AGE - 08/06/2024;948,99
06/2024;DESPESAS;ENCARGOS SOCIAIS/IMPOSTOS;2056,54
06/2024;DESPESAS;DARF DCTFWeb (INSS/IRRF/PIS/COFINS/CSLL);1562,47
06/2024;DESPESAS;ISS (Impostos s/ Serviço);494,07
06/2024;DESPESAS;HONORÁRIOS;1894,90
06/2024;DESPESAS;Honorários Síndico;1256,68
06/2024;DESPESAS;Honorário Gestão Administrativa;638,22
06/2024;DESPESAS;UTILIDADES/SERVIÇOS;1721,57
06/2024;DESPESAS;Fornecimento de Água;1135,56
06/2024;DESPESAS;Material de Expediente;76,60
06/2024;DESPESAS;Material de Limpeza;509,41
06/2024;DESPESAS;IMPOSTOS/TAXAS;8,00
06/2024;DESPESAS;Taxas Diversas;8,00
06/2024;DESPESAS;/MANUTENÇÃO;4349,13
06/2024;DESPESAS;Manutenção do(s) Elevador(es);410,19
06/2024;DESPESAS;Manutenção do(s) Edifício(s);237,59
06/2024;DESPESAS;Manutenção do(s)Elevador(es)/Peças/Reparos;897,50
06/2024;DESPESAS;Manutenção Estação Tratamento de Efluentes (ETE);2803,85
06/2024;DESPESAS;COM MELHORIAS;12088,63
06/2024;DESPESAS;Reforma e Melhoria;12088,63
06/2024;DESPESAS;COM AQUISIÇÕES;8025,00
06/2024;DESPESAS;Aquisição Kit Telhado;8025,00
06/2024;DESPESAS;SERVIÇOS PRESTADOS POR TERCEIROS;862,00
06/2024;DESPESAS;Serviços Prestados;862,00
06/2024;DESPESAS;EMPRESAS PRESTADORAS DE SERVIÇOS;5772,09
06/2024;DESPESAS;Serviços de Limpeza e Jardinagem;5772,09
06/2024;DESPESAS;OUTRAS DESPESAS;182,83
06/2024;DESPESAS;com Chaveiro;15,00
06/2024;DESPESAS;com Cópias/Impressões/Outros;137,73
06/2024;DESPESAS;com Uber;30,10
06/2024;DESPESAS;FINANCEIRAS;263,46
06/2024;DESPESAS;Tarifa Cobrança;221,80
06/2024;DESPESAS;Imposto de Renda (S/Poupança);41,66
06/2024;SALDO ATUAL;BANCOS;32298,76
06/2024;SALDO ATUAL;BANCOS/CONTAS/MOVIMENTO;2534,89
06/2024;SALDO ATUAL;Caixa Econômica Federal (C/C);2534,89
06/2024;SALDO ATUAL;BANCOS/CONTAS/APLICAÇÕES;29763,87
06/2024;SALDO ATUAL;Caixa Econômica Federal - Poupança (739942363-7);18798,81
06/2024;SALDO ATUAL;Aplicação CEF;10965,06
07/2024;SALDO ANTERIOR;BANCOS;32408,38
07/2024;SALDO ANTERIOR;BANCOS/CONTAS/MOVIMENTO;2534,89
07/2024;SALDO ANTERIOR;Caixa Econômica Federal (C/C);2534,89
07/2024;SALDO ANTERIOR;BANCOS/CONTAS/APLICAÇÕES;29873,49
07/2024;SALDO ANTERIOR;Caixa Econômica Federal - Poupança (739942363-7);18798,81
07/2024;SALDO ANTERIOR;Aplicação CEF;11074,68
07/2024;RECEITAS;DE CONDOMÍNIO;18151,94
07/2024;RECEITAS;Taxa de Condomínio;11726,37
07/2024;RECEITAS;Garagem;2125,67
07/2024;RECEITAS;Fundo de Reserva;1385,22
07/2024;RECEITAS;Gás;1295,99
07/2024;RECEITAS;Multas;58,75
07/2024;RECEITAS;Água;1559,94
07/2024;RECEITAS;OUTRAS RECEITAS;11552,50
07/2024;RECEITAS;Juros Poupança (4029-0);43,11
07/2024;RECEITAS;Juros Aplicação;50,99
07/2024;RECEITAS;Rateio cfe assembleia;5442,53
07/2024;RECEITAS;Rateio cfe AGE - 08/06/2024;6015,87
07/2024;DESPESAS;ENCARGOS SOCIAIS/IMPOSTOS;3555,94
07/2024;DESPESAS;DARF DCTFWeb (INSS/IRRF/PIS/COFINS/CSLL);2013,35
07/2024;DESPESAS;ISS (Impostos s/ Serviço);1542,59
07/2024;DESPESAS;HONORÁRIOS;1894,90
07/2024;DESPESAS;Honorários Síndico;1256,68
07/2024;DESPESAS;Honorário Gestão Administrativa;638,22
07/2024;DESPESAS;UTILIDADES/SERVIÇOS;4873,96
07/2024;DESPESAS;Fornecimento de Energia Elétrica;1794,22
07/2024;DESPESAS;Fornecimento de Água;1355,80
07/2024;DESPESAS;Seguro;1579,38
07/2024;DESPESAS;Material de Expediente;144,56
07/2024;DESPESAS;/MANUTENÇÃO;2398,95
07/2024;DESPESAS;Manutenção do(s) Elevador(es);410,19
07/2024;DESPESAS;Manutenção do(s) Edifício(s);857,41
07/2024;DESPESAS;Manutenção do Portão;180,00
07/2024;DESPESAS;Manutenção Estação Tratamento de Efluentes (ETE);951,35
07/2024;DESPESAS;COM MELHORIAS;12088,63
07/2024;DESPESAS;Reforma e Melhoria;12088,63
07/2024;DESPESAS;COM AQUISIÇÕES;2550,00
07/2024;DESPESAS;Aquisição Controle/Tag;50,00
07/2024;DESPESAS;Aquisição Tampa em Aço Galvanizado;2500,00
07/2024;DESPESAS;SERVIÇOS PRESTADOS POR TERCEIROS;2260,00
07/2024;DESPESAS;Serviços de Chaveiro;110,00
07/2024;DESPESAS;Serviços de Limpeza Caixa de Gordura/Fossa;2150,00
07/2024;DESPESAS;EMPRESAS PRESTADORAS DE SERVIÇOS;5772,09
07/2024;DESPESAS;Serviços de Limpeza e Jardinagem;5772,09
07/2024;DESPESAS;OUTRAS DESPESAS;301,69
07/2024;DESPESAS;com Cartório;265,63
07/2024;DESPESAS;com Uber;36,06
07/2024;DESPESAS;FINANCEIRAS;246,67
07/2024;DESPESAS;Imposto de Renda (S/Aplicação);36,76
07/2024;DESPESAS;Tarifa Cobrança;187,00
07/2024;DESPESAS;Imposto de Renda (S/Poupança);22,91
07/2024;SALDO ATUAL;BANCOS;26169,99
07/2024;SALDO ATUAL;BANCOS/CONTAS/MOVIMENTO;5046,41
07/2024;SALDO ATUAL;Caixa Econômica Federal (C/C);5046,41
07/2024;SALDO ATUAL;BANCOS/CONTAS/APLICAÇÕES;21123,58
07/2024;SALDO ATUAL;Caixa Econômica Federal - Poupança (739942363-7);18819,01
07/2024;SALDO ATUAL;Aplicação CEF;2304,57
08/2024;SALDO ANTERIOR;BANCOS;26169,99
08/2024;SALDO ANTERIOR;BANCOS/CONTAS/MOVIMENTO;5046,41
08/2024;SALDO ANTERIOR;Caixa Econômica Federal (C/C);5046,41
08/2024;SALDO ANTERIOR;BANCOS/CONTAS/APLICAÇÕES;21123,58
08/2024;SALDO ANTERIOR;Caixa Econômica Federal - Poupança (739942363-7);18819,01
08/2024;SALDO ANTERIOR;Aplicação CEF;2304,57
08/2024;RECEITAS;DE CONDOMÍNIO;19311,19
08/2024;RECEITAS;Taxa de Condomínio;12677,75
08/2024;RECEITAS;Garagem;2244,63
08/2024;RECEITAS;Fundo de Reserva;1492,22
08/2024;RECEITAS;Gás;1252,76
08/2024;RECEITAS;Multas;27,93
08/2024;RECEITAS;Água;1615,90
08/2024;RECEITAS;OUTRAS RECEITAS;6127,86
08/2024;RECEITAS;Juros Poupança (4029-0);176,02
08/2024;RECEITAS;Juros Aplicação;11,79
08/2024;RECEITAS;Rateio cfe AGE - 08/06/2024;5940,05
08/2024;DESPESAS;ENCARGOS SOCIAIS/IMPOSTOS;2508,26
08/2024;DESPESAS;DARF DCTFWeb (INSS/IRRF/PIS/COFINS/CSLL);1651,31
08/2024;DESPESAS;ISS (Impostos s/ Serviço);856,95
08/2024;DESPESAS;HONORÁRIOS;1894,90
08/2024;DESPESAS;Honorários Síndico;1256,68
08/2024;DESPESAS;Honorário Gestão Administrativa;638,22
08/2024;DESPESAS;UTILIDADES/SERVIÇOS;4564,53
08/2024;DESPESAS;Fornecimento de Energia Elétrica;570,05
08/2024;DESPESAS;Fornecimento de Água;1303,96
08/2024;DESPESAS;Seguro;1579,38
08/2024;DESPESAS;Material de Expediente;57,55
08/2024;DESPESAS;Material de Limpeza;1053,59
08/2024;DESPESAS;IMPOSTOS/TAXAS;5875,84
08/2024;DESPESAS;Taxas Diversas;5875,84
08/2024;DESPESAS;/MANUTENÇÃO;2189,94
08/2024;DESPESAS;Manutenção do(s) Elevador(es);427,53
08/2024;DESPESAS;Manutenção do(s) Edifício(s);98,56
08/2024;DESPESAS;Manutenção Estação Tratamento de Efluentes (ETE);951,35
08/2024;DESPESAS;Manutenção Rede de Gás;712,50
08/2024;DESPESAS;COM MELHORIAS;1476,93
08/2024;DESPESAS;Reforma e Melhoria;1476,93
08/2024;DESPESAS;COM AQUISIÇÕES;2500,00
08/2024;DESPESAS;Aquisição Tampa em Aço Galvanizado;2500,00
08/2024;DESPESAS;SERVIÇOS PRESTADOS POR TERCEIROS;2480,00
08/2024;DESPESAS;Serviços de Limpeza Caixa de Gordura/Fossa;2150,00
08/2024;DESPESAS;Serviços de Assessoria Remota;330,00
08/2024;DESPESAS;EMPRESAS PRESTADORAS DE SERVIÇOS;6056,28
08/2024;DESPESAS;Serviços de Limpeza e Jardinagem;6056,28
08/2024;DESPESAS;OUTRAS DESPESAS;3155,66
08/2024;DESPESAS;com Gás;3138,96
08/2024;DESPESAS;com Uber;16,70
08/2024;DESPESAS;FINANCEIRAS;299,53
08/2024;DESPESAS;Imposto de Renda (S/Aplicação);7,14
08/2024;DESPESAS;Tarifa Cobrança;229,40
08/2024;DESPESAS;Juros e Multas;23,41
08/2024;DESPESAS;Imposto de Renda (S/Poupança);39,58
08/2024;SALDO ATUAL;BANCOS;18607,17
08/2024;SALDO ATUAL;BANCOS/CONTAS/MOVIMENTO;5578,52
08/2024;SALDO ATUAL;Caixa Econômica Federal (C/C);5578,52
08/2024;SALDO ATUAL;BANCOS/CONTAS/APLICAÇÕES;13028,65
08/2024;SALDO ATUAL;Caixa Econômica Federal - Poupança (739942363-7);11955,45
08/2024;SALDO ATUAL;Aplicação CEF;1073,20
09/2024;SALDO ANTERIOR;BANCOS;18607,17
09/2024;SALDO ANTERIOR;BANCOS/CONTAS/MOVIMENTO;5578,52
09/2024;SALDO ANTERIOR;Caixa Econômica Federal (C/C);5578,52
09/2024;SALDO ANTERIOR;BANCOS/CONTAS/APLICAÇÕES;13028,65
09/2024;SALDO ANTERIOR;Caixa Econômica Federal - Poupança (739942363-7);11955,45
09/2024;SALDO ANTERIOR;Aplicação CEF;1073,20
09/2024;RECEITAS;DE CONDOMÍNIO;17115,78
09/2024;RECEITAS;Taxa de Condomínio;11189,01
09/2024;RECEITAS;Garagem;1985,29
09/2024;RECEITAS;Fundo de Reserva;1317,42
09/2024;RECEITAS;Gás;1320,13
09/2024;RECEITAS;Multas;27,32
09/2024;RECEITAS;Água;1276,61
09/2024;RECEITAS;OUTRAS RECEITAS;5251,99
09/2024;RECEITAS;Juros Aplicação;7,79
09/2024;RECEITAS;Rateio cfe AGE - 08/06/2024;5244,20
09/2024;DESPESAS;ENCARGOS SOCIAIS/IMPOSTOS;1956,05
09/2024;DESPESAS;DARF DCTFWeb (INSS/IRRF/PIS/COFINS/CSLL);1521,43
09/2024;DESPESAS;ISS (Impostos s/ Serviço);434,62
09/2024;DESPESAS;HONORÁRIOS;1894,90
09/2024;DESPESAS;Honorários Síndico;1256,68
09/2024;DESPESAS;Honorário Gestão Administrativa;638,22
09/2024;DESPESAS;UTILIDADES/SERVIÇOS;5220,62
09/2024;DESPESAS;Fornecimento de Energia Elétrica;611,14
09/2024;DESPESAS;Fornecimento de Água;1286,68
09/2024;DESPESAS;Seguro;1579,38
09/2024;DESPESAS;Material de Expediente;129,33
09/2024;DESPESAS;Material de Limpeza;648,09
09/2024;DESPESAS;Material para Jardim;966,00
09/2024;DESPESAS;/MANUTENÇÃO;1999,02
09/2024;DESPESAS;Manutenção do(s) Elevador(es);427,53
09/2024;DESPESAS;Manutenção do(s) Edifício(s);259,60
09/2024;DESPESAS;Manutenção do(s)Elevador(es)/Peças/Reparos;360,54
09/2024;DESPESAS;Manutenção Estação Tratamento de Efluentes (ETE);951,35
09/2024;DESPESAS;COM MELHORIAS;1476,93
09/2024;DESPESAS;Reforma e Melhoria;1476,93
09/2024;DESPESAS;COM AQUISIÇÕES;2500,00
09/2024;DESPESAS;Aquisição Tampa em Aço Galvanizado;2500,00
09/2024;DESPESAS;SERVIÇOS PRESTADOS POR TERCEIROS;330,00
09/2024;DESPESAS;Serviços de Assessoria Remota;330,00
09/2024;DESPESAS;EMPRESAS PRESTADORAS DE SERVIÇOS;5772,09
09/2024;DESPESAS;Serviços de Limpeza e Jardinagem;5772,09
09/2024;DESPESAS;OUTRAS DESPESAS;1886,00
09/2024;DESPESAS;com Gás;1886,00
09/2024;DESPESAS;FINANCEIRAS;183,51
09/2024;DESPESAS;Tarifa Cobrança;183,51
09/2024;SALDO ATUAL;BANCOS;17755,82
09/2024;SALDO ATUAL;BANCOS/CONTAS/MOVIMENTO;4719,38
09/2024;SALDO ATUAL;Caixa Econômica Federal (C/C);4719,38
09/2024;SALDO ATUAL;BANCOS/CONTAS/APLICAÇÕES;13036,44
09/2024;SALDO ATUAL;Caixa Econômica Federal - Poupança (739942363-7);11955,45
09/2024;SALDO ATUAL;Aplicação CEF;1080,99
10/2024;SALDO ANTERIOR;BANCOS;17755,82
10/2024;SALDO ANTERIOR;BANCOS/CONTAS/MOVIMENTO;4719,38
10/2024;SALDO ANTERIOR;Caixa Econômica Federal (C/C);4719,38
10/2024;SALDO ANTERIOR;BANCOS/CONTAS/APLICAÇÕES;13036,44
10/2024;SALDO ANTERIOR;Caixa Econômica Federal - Poupança (739942363-7);11955,45
10/2024;SALDO ANTERIOR;Aplicação CEF;1080,99
10/2024;RECEITAS;DE CONDOMÍNIO;22674,93
10/2024;RECEITAS;Taxa de Condomínio;14436,11
10/2024;RECEITAS;Garagem;2581,61
10/2024;RECEITAS;Fundo de Reserva;1701,76
10/2024;RECEITAS;Gás;1711,74
10/2024;RECEITAS;Multas;51,04
10/2024;RECEITAS;Água;2192,67
10/2024;RECEITAS;OUTRAS RECEITAS;6850,80
10/2024;RECEITAS;Juros Poupança (4029-0);67,89
10/2024;RECEITAS;Juros Aplicação;8,78
10/2024;RECEITAS;Rateio cfe AGE - 08/06/2024;6774,13
10/2024;DESPESAS;ENCARGOS SOCIAIS/IMPOSTOS;1615,47
10/2024;DESPESAS;DARF DCTFWeb (INSS/IRRF/PIS/COFINS/CSLL);1246,43
10/2024;DESPESAS;ISS (Impostos s/ Serviço);369,04
10/2024;DESPESAS;HONORÁRIOS;1939,38
10/2024;DESPESAS;Honorários Síndico;1256,68
10/2024;DESPESAS;Honorário Gestão Administrativa;682,70
10/2024;DESPESAS;UTILIDADES/SERVIÇOS;4257,44
10/2024;DESPESAS;Fornecimento de Energia Elétrica;665,72
10/2024;DESPESAS;Fornecimento de Água;1352,92
10/2024;DESPESAS;Seguro;1579,38
10/2024;DESPESAS;Material de Expediente;118,83
10/2024;DESPESAS;Material de Limpeza;540,59
10/2024;DESPESAS;/MANUTENÇÃO;1840,79
10/2024;DESPESAS;Manutenção do(s) Elevador(es);427,53
10/2024;DESPESAS;Manutenção do(s) Edifício(s);101,37
10/2024;DESPESAS;Manutenção do(s)Elevador(es)/Peças/Reparos;360,54
10/2024;DESPESAS;Manutenção Estação Tratamento de Efluentes (ETE);951,35
10/2024;DESPESAS;COM MELHORIAS;1476,93
10/2024;DESPESAS;Reforma e Melhoria;1476,93
10/2024;DESPESAS;COM AQUISIÇÕES;6200,83
10/2024;DESPESAS;Aquisição Tampa em Aço Galvanizado;6200,83
10/2024;DESPESAS;SERVIÇOS PRESTADOS POR TERCEIROS;2480,00
10/2024;DESPESAS;Serviços de Limpeza Caixa de Gordura/Fossa;2150,00
10/2024;DESPESAS;Serviços de Assessoria Remota;330,00
10/2024;DESPESAS;EMPRESAS PRESTADORAS DE SERVIÇOS;5772,09
10/2024;DESPESAS;Serviços de Limpeza e Jardinagem;5772,09
10/2024;DESPESAS;FINANCEIRAS;307,52
10/2024;DESPESAS;Tarifa Cobrança;292,25
10/2024;DESPESAS;Imposto de Renda (S/Poupança);15,27
10/2024;SALDO ATUAL;BANCOS;21391,10
10/2024;SALDO ATUAL;BANCOS/CONTAS/MOVIMENTO;8293,26
10/2024;SALDO ATUAL;Caixa Econômica Federal (C/C);8293,26
10/2024;SALDO ATUAL;BANCOS/CONTAS/APLICAÇÕES;13097,84
10/2024;SALDO ATUAL;Caixa Econômica Federal - Poupança (739942363-7);12008,07
10/2024;SALDO ATUAL;Aplicação CEF;1089,77
11/2024;SALDO ANTERIOR;BANCOS;21391,10
11/2024;SALDO ANTERIOR;BANCOS/CONTAS/MOVIMENTO;8293,26
11/2024;SALDO ANTERIOR;Caixa Econômica Federal (C/C);8293,26
11/2024;SALDO ANTERIOR;BANCOS/CONTAS/APLICAÇÕES;13097,84
11/2024;SALDO ANTERIOR;Caixa Econômica Federal - Poupança (739942363-7);12008,07
11/2024;SALDO ANTERIOR;Aplicação CEF;1089,77
11/2024;RECEITAS;DE CONDOMÍNIO;15562,27
11/2024;RECEITAS;Taxa de Condomínio;9899,55
11/2024;RECEITAS;Garagem;1802,15
11/2024;RECEITAS;Fundo de Reserva;1170,17
11/2024;RECEITAS;Gás;1160,63
11/2024;RECEITAS;Multas;47,65
11/2024;RECEITAS;Água;1482,12
11/2024;RECEITAS;OUTRAS RECEITAS;4734,54
11/2024;RECEITAS;Juros Poupança (4029-0);71,83
11/2024;RECEITAS;Juros Aplicação;4,69
11/2024;RECEITAS;Rateio cfe AGE - 08/06/2024;4658,02
11/2024;DESPESAS;ENCARGOS SOCIAIS/IMPOSTOS;1890,69
11/2024;DESPESAS;DARF DCTFWeb (INSS/IRRF/PIS/COFINS/CSLL);1574,35
11/2024;DESPESAS;ISS (Impostos s/ Serviço);316,34
11/2024;DESPESAS;HONORÁRIOS;1939,38
11/2024;DESPESAS;Honorários Síndico;1256,68
11/2024;DESPESAS;Honorário Gestão Administrativa;682,70
11/2024;DESPESAS;UTILIDADES/SERVIÇOS;4429,69
11/2024;DESPESAS;Fornecimento de Energia Elétrica;673,44
11/2024;DESPESAS;Fornecimento de Água;1352,92
11/2024;DESPESAS;Seguro;1752,44
11/2024;DESPESAS;Material de Expediente;175,83
11/2024;DESPESAS;Material de Limpeza;361,11
11/2024;DESPESAS;Material para Jardim;113,95
11/2024;DESPESAS;IMPOSTOS/TAXAS;99,64
11/2024;DESPESAS;Taxas Diversas;99,64
11/2024;DESPESAS;/MANUTENÇÃO;2145,58
11/2024;DESPESAS;Manutenção do(s) Elevador(es);427,53
11/2024;DESPESAS;Manutenção do(s) Edifício(s);406,16
11/2024;DESPESAS;Manutenção do(s)Elevador(es)/Peças/Reparos;360,54
11/2024;DESPESAS;Manutenção Estação Tratamento de Efluentes (ETE);951,35
11/2024;DESPESAS;COM MELHORIAS;13422,00
11/2024;DESPESAS;Reforma e Melhoria;13422,00
11/2024;DESPESAS;COM AQUISIÇÕES;6200,00
11/2024;DESPESAS;Aquisição Tampa em Aço Galvanizado;6200,00
11/2024;DESPESAS;SERVIÇOS PRESTADOS POR TERCEIROS;3473,10
11/2024;DESPESAS;Serviços Prestados;1745,10
11/2024;DESPESAS;Serviços de Engenharia;1312,00
11/2024;DESPESAS;Serviços de Instalação Sistema de Alarme;416,00
11/2024;DESPESAS;EMPRESAS PRESTADORAS DE SERVIÇOS;5772,09
11/2024;DESPESAS;Serviços de Limpeza e Jardinagem;5772,09
11/2024;DESPESAS;OUTRAS DESPESAS;2436,83
11/2024;DESPESAS;com Gás;2423,83
11/2024;DESPESAS;com Cópias/Impressões/Outros;13,00
11/2024;DESPESAS;FINANCEIRAS;372,46
11/2024;DESPESAS;Imposto de Renda (S/Aplicação);8,70
11/2024;DESPESAS;Tarifa Cobrança;339,60
11/2024;DESPESAS;Imposto de Renda (S/Poupança);24,16
11/2024;SALDO ATUAL;CAIXA;-24765,24
11/2024;SALDO ATUAL;Antecipação de Taxas Condominiais;-24765,24
11/2024;SALDO ATUAL;BANCOS;24271,69
11/2024;SALDO ATUAL;BANCOS/CONTAS/MOVIMENTO;3820,34
11/2024;SALDO ATUAL;Caixa Econômica Federal (C/C);3820,34
11/2024;SALDO ATUAL;BANCOS/CONTAS/APLICAÇÕES;20451,35
11/2024;SALDO ATUAL;Caixa Econômica Federal - Poupança (739942363-7);20005,74
11/2024;SALDO ATUAL;Aplicação CEF;445,61
12/2024;SALDO ANTERIOR;CAIXA;-24765,24
12/2024;SALDO ANTERIOR;Antecipação de Taxas Condominiais;-24765,24
12/2024;SALDO ANTERIOR;BANCOS;24271,69
12/2024;SALDO ANTERIOR;BANCOS/CONTAS/MOVIMENTO;3820,34
12/2024;SALDO ANTERIOR;Caixa Econômica Federal (C/C);3820,34
12/2024;SALDO ANTERIOR;BANCOS/CONTAS/APLICAÇÕES;20451,35
12/2024;SALDO ANTERIOR;Caixa Econômica Federal - Poupança (739942363-7);20005,74
12/2024;SALDO ANTERIOR;Aplicação CEF;445,61
12/2024;RECEITAS;DE CONDOMÍNIO;19189,10
12/2024;RECEITAS;Taxa de Condomínio;12047,67
12/2024;RECEITAS;Garagem;2150,86
12/2024;RECEITAS;Fundo de Reserva;1419,83
12/2024;RECEITAS;Gás;864,11
12/2024;RECEITAS;Multas;55,41
12/2024;RECEITAS;Água;1522,15
12/2024;RECEITAS;Rateio AGE 27/08/24;1129,07
12/2024;RECEITAS;OUTRAS RECEITAS;5165,49
12/2024;RECEITAS;Juros Poupança (4029-0);0,03
12/2024;RECEITAS;Rateio cfe AGE - 08/06/2024;5165,46
12/2024;DESPESAS;ENCARGOS SOCIAIS/IMPOSTOS;1913,00
12/2024;DESPESAS;DARF DCTFWeb (INSS/IRRF/PIS/COFINS/CSLL);1597,37
12/2024;DESPESAS;ISS (Impostos s/ Serviço);315,63
12/2024;DESPESAS;HONORÁRIOS;2622,08
12/2024;DESPESAS;Honorários Síndico;1256,68
12/2024;DESPESAS;Honorário Gestão Administrativa;682,70
12/2024;DESPESAS;Honorário Gestão Administrativa Extra;682,70
12/2024;DESPESAS;UTILIDADES/SERVIÇOS;4592,83
12/2024;DESPESAS;Fornecimento de Energia Elétrica;677,57
12/2024;DESPESAS;Fornecimento de Água;1370,20
12/2024;DESPESAS;Seguro;1752,52
12/2024;DESPESAS;Material de Expediente;58,08
12/2024;DESPESAS;Material de Limpeza;589,71
12/2024;DESPESAS;Material para Jardim;144,75
12/2024;DESPESAS;/MANUTENÇÃO;3104,00
12/2024;DESPESAS;Manutenção do(s) Elevador(es);427,53
12/2024;DESPESAS;Manutenção do(s) Edifício(s);1725,12
12/2024;DESPESAS;Manutenção Estação Tratamento de Efluentes (ETE);951,35
12/2024;DESPESAS;COM MELHORIAS;11862,60
12/2024;DESPESAS;Reforma e Melhoria;10737,60
12/2024;DESPESAS;Fiscalização de Obra;1125,00
12/2024;DESPESAS;COM AQUISIÇÕES;6200,00
12/2024;DESPESAS;Aquisição Tampa em Aço Galvanizado;6200,00
12/2024;DESPESAS;SERVIÇOS PRESTADOS POR TERCEIROS;1821,00
12/2024;DESPESAS;Serviços Prestados;416,00
12/2024;DESPESAS;Serviços de Limpeza Caixa de Gordura/Fossa;1075,00
12/2024;DESPESAS;Serviços de Assessoria Remota;330,00
12/2024;DESPESAS;EMPRESAS PRESTADORAS DE SERVIÇOS;5772,09
12/2024;DESPESAS;Serviços de Limpeza e Jardinagem;5772,09
12/2024;DESPESAS;OUTRAS DESPESAS;1320,78
12/2024;DESPESAS;Pagamento em Duplicidade;740,78
12/2024;DESPESAS;Restauração Espreguiçadeira;580,00
12/2024;DESPESAS;FINANCEIRAS;264,40
12/2024;DESPESAS;Tarifa Bancária;25,50
12/2024;DESPESAS;Tarifa Cobrança;238,90
12/2024;SALDO ATUAL;CAIXA;-24765,24
12/2024;SALDO ATUAL;Antecipação de Taxas Condominiais;-24765,24
12/2024;SALDO ATUAL;BANCOS;9153,50
12/2024;SALDO ATUAL;BANCOS/CONTAS/MOVIMENTO;3227,62
12/2024;SALDO ATUAL;Caixa Econômica Federal (C/C);3227,62
12/2024;SALDO ATUAL;BANCOS/CONTAS/APLICAÇÕES;5925,88
12/2024;SALDO ATUAL;Caixa Econômica Federal - Poupança (739942363-7);5480,27
12/2024;SALDO ATUAL;Aplicação CEF;445,61
01/2025;SALDO ANTERIOR;CAIXA;-24765,24
01/2025;SALDO ANTERIOR;Antecipação de Taxas Condominiais;-24765,24
01/2025;SALDO ANTERIOR;BANCOS;9153,50
01/2025;SALDO ANTERIOR;BANCOS/CONTAS/MOVIMENTO;3227,62
01/2025;SALDO ANTERIOR;Caixa Econômica Federal (C/C);3227,62
01/2025;SALDO ANTERIOR;BANCOS/CONTAS/APLICAÇÕES;5925,88
01/2025;SALDO ANTERIOR;Caixa Econômica Federal - Poupança (739942363-7);5480,27
01/2025;SALDO ANTERIOR;Aplicação CEF;445,61
01/2025;RECEITAS;DE CONDOMÍNIO;36649,66
01/2025;RECEITAS;Taxa de Condomínio;14152,39
01/2025;RECEITAS;Garagem;2571,36
01/2025;RECEITAS;Fundo de Reserva;1671,72
01/2025;RECEITAS;Gás;1286,90
01/2025;RECEITAS;Multas;133,43
01/2025;RECEITAS;Água;1975,85
01/2025;RECEITAS;Rateio AGE 27/08/24;14858,01
01/2025;RECEITAS;OUTRAS RECEITAS;614,21
01/2025;RECEITAS;Ressarcimentos;22,61
01/2025;RECEITAS;Salão de Festa - Uso;300,00
01/2025;RECEITAS;Rateio cfe AGE - 08/06/2024;253,14
01/2025;RECEITAS;Correção Caixa Econômica Federal - Poupança (739942363-7);31,92
01/2025;RECEITAS;Correção Aplicação CEF;6,54
01/2025;DESPESAS;ENCARGOS SOCIAIS/IMPOSTOS;3794,24
01/2025;DESPESAS;DARF DCTFWeb (INSS/IRRF/PIS/COFINS/CSLL);2737,37
01/2025;DESPESAS;ISS (Impostos s/ Serviço);1056,87
01/2025;DESPESAS;HONORÁRIOS;1939,38
01/2025;DESPESAS;Honorários Síndico;1256,68
01/2025;DESPESAS;Honorário Gestão Administrativa;682,70
01/2025;DESPESAS;UTILIDADES/SERVIÇOS;4436,84
01/2025;DESPESAS;Fornecimento de Energia Elétrica;645,91
01/2025;DESPESAS;Fornecimento de Água;1410,52
01/2025;DESPESAS;Seguro;173,03
01/2025;DESPESAS;Material de Expediente;99,93
01/2025;DESPESAS;Material de Construção;2107,45
01/2025;DESPESAS;/MANUTENÇÃO;2498,74
01/2025;DESPESAS;Manutenção do(s) Elevador(es);427,53
01/2025;DESPESAS;Manutenção do(s) Edifício(s);818,01
01/2025;DESPESAS;Manutenção da(s) Piscina(s);301,85
01/2025;DESPESAS;Manutenção Estação Tratamento de Efluentes (ETE);951,35
01/2025;DESPESAS;COM MELHORIAS;11862,60
01/2025;DESPESAS;Reforma e Melhoria;10737,60
01/2025;DESPESAS;Fiscalização de Obra;1125,00
01/2025;DESPESAS;COM AQUISIÇÕES;3700,00
01/2025;DESPESAS;Aquisição Tampa em Aço Galvanizado;3700,00
01/2025;DESPESAS;SERVIÇOS PRESTADOS POR TERCEIROS;2226,00
01/2025;DESPESAS;Serviços Prestados;821,00
01/2025;DESPESAS;Serviços de Limpeza Caixa de Gordura/Fossa;1075,00
01/2025;DESPESAS;Serviços de Assessoria Remota;330,00
01/2025;DESPESAS;EMPRESAS PRESTADORAS DE SERVIÇOS;5772,09
01/2025;DESPESAS;Serviços de Limpeza e Jardinagem;5772,09
01/2025;DESPESAS;OUTRAS DESPESAS;3542,32
01/2025;DESPESAS;com Combustivel;70,00
01/2025;DESPESAS;com Gás;2098,56
01/2025;DESPESAS;com Uber;10,70
01/2025;DESPESAS;Parcelamento Divida Ativa;1363,06
01/2025;DESPESAS;FINANCEIRAS;263,55
01/2025;DESPESAS;Imposto de Renda (S/Aplicação);2,03
01/2025;DESPESAS;Tarifa Cobrança;224,70
01/2025;DESPESAS;Juros e Multas;21,14
01/2025;DESPESAS;Imposto de Renda (S/Poupança);15,68
01/2025;SALDO ATUAL;CAIXA;-24765,24
01/2025;SALDO ATUAL;Antecipação de Taxas Condominiais;-24765,24
01/2025;SALDO ATUAL;BANCOS;6381,61
01/2025;SALDO ATUAL;BANCOS/CONTAS/MOVIMENTO;4267,38
01/2025;SALDO ATUAL;Caixa Econômica Federal (C/C);4267,38
01/2025;SALDO ATUAL;BANCOS/CONTAS/APLICAÇÕES;2114,23
01/2025;SALDO ATUAL;Caixa Econômica Federal - Poupança (739942363-7);1996,51
01/2025;SALDO ATUAL;Aplicação CEF;117,72
02/2025;SALDO ANTERIOR;CAIXA;-24765,24
02/2025;SALDO ANTERIOR;Antecipação de Taxas Condominiais;-24765,24
02/2025;SALDO ANTERIOR;BANCOS;6381,61
02/2025;SALDO ANTERIOR;BANCOS/CONTAS/MOVIMENTO;4267,38
02/2025;SALDO ANTERIOR;Caixa Econômica Federal (C/C);4267,38
02/2025;SALDO ANTERIOR;BANCOS/CONTAS/APLICAÇÕES;2114,23
02/2025;SALDO ANTERIOR;Caixa Econômica Federal - Poupança (739942363-7);1996,51
02/2025;SALDO ANTERIOR;Aplicação CEF;117,72
02/2025;RECEITAS;DE CONDOMÍNIO;25897,13
02/2025;RECEITAS;Taxa de Condomínio;9392,39
02/2025;RECEITAS;Garagem;1640,98
02/2025;RECEITAS;Fundo de Reserva;1100,12
02/2025;RECEITAS;Gás;1207,73
02/2025;RECEITAS;Multas;83,27
02/2025;RECEITAS;Água;2188,48
02/2025;RECEITAS;Juros;119,80
02/2025;RECEITAS;Rateio AGE 27/08/24;10164,36
02/2025;RECEITAS;OUTRAS RECEITAS;448,36
02/2025;RECEITAS;Rateio Melhorias;433,96
02/2025;RECEITAS;Correção Caixa Econômica Federal - Poupança (739942363-7);13,37
02/2025;RECEITAS;Correção Aplicação CEF;1,03
02/2025;DESPESAS;ENCARGOS SOCIAIS/IMPOSTOS;2760,02
02/2025;DESPESAS;DARF DCTFWeb (INSS/IRRF/PIS/COFINS/CSLL);1871,23
02/2025;DESPESAS;ISS (Impostos s/ Serviço);888,79
02/2025;DESPESAS;HONORÁRIOS;2533,72
02/2025;DESPESAS;Honorários Síndico;1351,02
02/2025;DESPESAS;Honorários Advocaticios;500,00
02/2025;DESPESAS;Honorário Gestão Administrativa;682,70
02/2025;DESPESAS;UTILIDADES/SERVIÇOS;3471,21
02/2025;DESPESAS;Fornecimento de Energia Elétrica;750,78
02/2025;DESPESAS;Fornecimento de Água;1407,64
02/2025;DESPESAS;Material de Expediente;80,38
02/2025;DESPESAS;Material de Construção;1232,41
02/2025;DESPESAS;/MANUTENÇÃO;2534,08
02/2025;DESPESAS;Manutenção do(s) Elevador(es);427,53
02/2025;DESPESAS;Manutenção do(s) Edifício(s);127,70
02/2025;DESPESAS;Manutenção do Portão;220,00
02/2025;DESPESAS;Manutenção Estação Tratamento de Efluentes (ETE);1758,85
02/2025;DESPESAS;COM MELHORIAS;360,00
02/2025;DESPESAS;Restauração de Espreguiçadeiras da Piscina;360,00
02/2025;DESPESAS;COM AQUISIÇÕES;3700,00
02/2025;DESPESAS;Aquisição Tampa em Aço Galvanizado;3700,00
02/2025;DESPESAS;SERVIÇOS PRESTADOS POR TERCEIROS;4030,00
02/2025;DESPESAS;Serviços de Limpeza Caixa de Gordura/Fossa;2150,00
02/2025;DESPESAS;Serviços de Assessoria Remota;330,00
02/2025;DESPESAS;Serviços Hidraulicos;1550,00
02/2025;DESPESAS;EMPRESAS PRESTADORAS DE SERVIÇOS;6337,74
02/2025;DESPESAS;Serviços de Limpeza e Jardinagem;6337,74
02/2025;DESPESAS;FINANCEIRAS;203,14
02/2025;DESPESAS;Tarifa Cobrança;200,14
02/2025;DESPESAS;Imposto de Renda (S/Poupança);3,00
02/2025;SALDO ATUAL;CAIXA;-24765,24
02/2025;SALDO ATUAL;Antecipação de Taxas Condominiais;-24765,24
02/2025;SALDO ATUAL;BANCOS;6797,19
02/2025;SALDO ATUAL;BANCOS/CONTAS/MOVIMENTO;4671,56
02/2025;SALDO ATUAL;Caixa Econômica Federal (C/C);4671,56
02/2025;SALDO ATUAL;BANCOS/CONTAS/APLICAÇÕES;2125,63
02/2025;SALDO ATUAL;Caixa Econômica Federal - Poupança (739942363-7);2006,88
02/2025;SALDO ATUAL;Aplicação CEF;118,75
03/2025;SALDO ANTERIOR;CAIXA;-22715,77
03/2025;SALDO ANTERIOR;Antecipação de Taxas Condominiais;-22715,77
03/2025;SALDO ANTERIOR;BANCOS;6797,19
03/2025;SALDO ANTERIOR;BANCOS/CONTAS/MOVIMENTO;4671,56
03/2025;SALDO ANTERIOR;Caixa Econômica Federal (C/C);4671,56
03/2025;SALDO ANTERIOR;BANCOS/CONTAS/APLICAÇÕES;2125,63
03/2025;SALDO ANTERIOR;Caixa Econômica Federal - Poupança (739942363-7);2006,88
03/2025;SALDO ANTERIOR;Aplicação CEF;118,75
03/2025;RECEITAS;DE CONDOMÍNIO;40032,18
03/2025;RECEITAS;Taxa de Condomínio;15074,98
03/2025;RECEITAS;Garagem;2739,85
03/2025;RECEITAS;Fundo de Reserva;1781,46
03/2025;RECEITAS;Gás;1150,09
03/2025;RECEITAS;Multas;518,68
03/2025;RECEITAS;Água;2307,57
03/2025;RECEITAS;Rateio AGE 27/08/24;16459,55
03/2025;RECEITAS;OUTRAS RECEITAS;1,01
03/2025;RECEITAS;Correção Aplicação CEF;1,01
03/2025;DESPESAS;ENCARGOS SOCIAIS/IMPOSTOS;2999,07
03/2025;DESPESAS;DARF DCTFWeb (INSS/IRRF/PIS/COFINS/CSLL);2056,38
03/2025;DESPESAS;ISS (Impostos s/ Serviço);942,69
03/2025;DESPESAS;HONORÁRIOS;2533,72
03/2025;DESPESAS;Honorários Síndico;1351,02
03/2025;DESPESAS;Honorários Advocaticios;500,00
03/2025;DESPESAS;Honorário Gestão Administrativa;682,70
03/2025;DESPESAS;UTILIDADES/SERVIÇOS;4835,66
03/2025;DESPESAS;Fornecimento de Energia Elétrica;638,28
03/2025;DESPESAS;Fornecimento de Água;2418,94
03/2025;DESPESAS;Material de Expediente;176,43
03/2025;DESPESAS;Material de Construção;1232,41
03/2025;DESPESAS;Material para Piscina;369,60
03/2025;DESPESAS;/MANUTENÇÃO;4389,09
03/2025;DESPESAS;Manutenção do(s) Elevador(es);427,53
03/2025;DESPESAS;Manutenção do(s)Elevador(es)/Peças/Reparos;258,21
03/2025;DESPESAS;Manutenção Estação Tratamento de Efluentes (ETE);3703,35
03/2025;DESPESAS;COM MELHORIAS;11630,15
03/2025;DESPESAS;Reforma e Melhoria;10737,60
03/2025;DESPESAS;Fiscalização de Obra;892,55
03/2025;DESPESAS;COM AQUISIÇÕES;3700,00
03/2025;DESPESAS;Aquisição Tampa em Aço Galvanizado;3700,00
03/2025;DESPESAS;SERVIÇOS PRESTADOS POR TERCEIROS;1480,00
03/2025;DESPESAS;Serviços Elétricos;350,00
03/2025;DESPESAS;Serviços Prestados;800,00
03/2025;DESPESAS;Serviços de Assessoria Remota;330,00
03/2025;DESPESAS;EMPRESAS PRESTADORAS DE SERVIÇOS;6337,74
03/2025;DESPESAS;Serviços de Limpeza e Jardinagem;6337,74
03/2025;DESPESAS;OUTRAS DESPESAS;40,50
03/2025;DESPESAS;com Cópias/Impressões/Outros;40,50
03/2025;DESPESAS;FINANCEIRAS;242,16
03/2025;DESPESAS;Tarifa Cobrança;242,16
03/2025;SALDO ATUAL;CAIXA;-20683,22
03/2025;SALDO ATUAL;Antecipação de Taxas Condominiais;-20683,22
03/2025;SALDO ATUAL;BANCOS;6609,74
03/2025;SALDO ATUAL;BANCOS/CONTAS/MOVIMENTO;6483,10
03/2025;SALDO ATUAL;Caixa Econômica Federal (C/C);6483,10
03/2025;SALDO ATUAL;BANCOS/CONTAS/APLICAÇÕES;126,64
03/2025;SALDO ATUAL;Caixa Econômica Federal - Poupança (739942363-7);6,88
03/2025;SALDO ATUAL;Aplicação CEF;119,76
04/2025;SALDO ANTERIOR;CAIXA;-20683,22
04/2025;SALDO ANTERIOR;Antecipação de Taxas Condominiais;-20683,22
04/2025;SALDO ANTERIOR;BANCOS;6609,74
04/2025;SALDO ANTERIOR;BANCOS/CONTAS/MOVIMENTO;6483,10
04/2025;SALDO ANTERIOR;Caixa Econômica Federal (C/C);6483,10
04/2025;SALDO ANTERIOR;BANCOS/CONTAS/APLICAÇÕES;126,64
04/2025;SALDO ANTERIOR;Caixa Econômica Federal - Poupança (739942363-7);6,88
04/2025;SALDO ANTERIOR;Aplicação CEF;119,76
04/2025;RECEITAS;DE CONDOMÍNIO;28617,80
04/2025;RECEITAS;Taxa de Condomínio;10860,78
04/2025;RECEITAS;Garagem;1904,71
04/2025;RECEITAS;Fundo de Reserva;1276,54
04/2025;RECEITAS;Gás;763,28
04/2025;RECEITAS;Multas;69,93
04/2025;RECEITAS;Água;1948,21
04/2025;RECEITAS;Rateio AGE 27/08/24;11794,35
04/2025;RECEITAS;OUTRAS RECEITAS;15805,39
04/2025;RECEITAS;Correção Aplicação CEF;0,97
04/2025;RECEITAS;Chamada de Capital - AGE 05/04/2025;15804,42
04/2025;DESPESAS;ENCARGOS SOCIAIS/IMPOSTOS;2006,64
04/2025;DESPESAS;DARF DCTFWeb (INSS/IRRF/PIS/COFINS/CSLL);1715,62
04/2025;DESPESAS;ISS (Impostos s/ Serviço);291,02
04/2025;DESPESAS;HONORÁRIOS;2033,72
04/2025;DESPESAS;Honorários Síndico;1351,02
04/2025;DESPESAS;Honorário Gestão Administrativa;682,70
04/2025;DESPESAS;UTILIDADES/SERVIÇOS;3742,63
04/2025;DESPESAS;Fornecimento de Energia Elétrica;605,96
04/2025;DESPESAS;Fornecimento de Água;1446,40
04/2025;DESPESAS;Material de Expediente;75,23
04/2025;DESPESAS;Material de Limpeza;307,68
04/2025;DESPESAS;Material de Construção;1232,41
04/2025;DESPESAS;Material para Piscina;74,95
04/2025;DESPESAS;/MANUTENÇÃO;2997,08
04/2025;DESPESAS;Manutenção do(s) Elevador(es);427,53
04/2025;DESPESAS;Manutenção do(s)Elevador(es)/Peças/Reparos;258,20
04/2025;DESPESAS;Manutenção do Portão;220,00
04/2025;DESPESAS;Manutenção Estação Tratamento de Efluentes (ETE);951,35
04/2025;DESPESAS;Manutenção Rede de Gás;1140,00
04/2025;DESPESAS;COM MELHORIAS;22873,04
04/2025;DESPESAS;Reforma e Melhoria;21980,49
04/2025;DESPESAS;Fiscalização de Obra;892,55
04/2025;DESPESAS;SERVIÇOS PRESTADOS POR TERCEIROS;11092,15
04/2025;DESPESAS;Serviços de Pedreiro(s);250,00
04/2025;DESPESAS;Serviços Prestados;7408,15
04/2025;DESPESAS;Serviços de Limpeza Caixa de Gordura/Fossa;3104,00
04/2025;DESPESAS;Serviços de Assessoria Remota;330,00
04/2025;DESPESAS;EMPRESAS PRESTADORAS DE SERVIÇOS;6337,74
04/2025;DESPESAS;Serviços de Limpeza e Jardinagem;6337,74
04/2025;DESPESAS;FINANCEIRAS;330,85
04/2025;DESPESAS;Imposto de Renda (S/Aplicação);0,69
04/2025;DESPESAS;Tarifa Cobrança;330,16
04/2025;DESPESAS;ATRASOS/OUTROS;30,09
04/2025;DESPESAS;Multa/Juros;30,09
04/2025;SALDO ATUAL;CAIXA;-23347,63
04/2025;SALDO ATUAL;Antecipação de Taxas Condominiais;-23347,63
04/2025;SALDO ATUAL;BANCOS;2253,40
04/2025;SALDO ATUAL;BANCOS/CONTAS/MOVIMENTO;2205,42
04/2025;SALDO ATUAL;Caixa Econômica Federal (C/C);2205,42
04/2025;SALDO ATUAL;BANCOS/CONTAS/APLICAÇÕES;47,98
04/2025;SALDO ATUAL;Caixa Econômica Federal - Poupança (739942363-7);6,88
04/2025;SALDO ATUAL;Aplicação CEF;41,10
05/2025;SALDO ANTERIOR;CAIXA;-23347,63
05/2025;SALDO ANTERIOR;Antecipação de Taxas Condominiais;-23347,63
05/2025;SALDO ANTERIOR;BANCOS;2253,40
05/2025;SALDO ANTERIOR;BANCOS/CONTAS/MOVIMENTO;2205,42
05/2025;SALDO ANTERIOR;Caixa Econômica Federal (C/C);2205,42
05/2025;SALDO ANTERIOR;BANCOS/CONTAS/APLICAÇÕES;47,98
05/2025;SALDO ANTERIOR;Caixa Econômica Federal - Poupança (739942363-7);6,88
05/2025;SALDO ANTERIOR;Aplicação CEF;41,10
05/2025;RECEITAS;DE CONDOMÍNIO;28197,85
05/2025;RECEITAS;Taxa de Condomínio;10828,55
05/2025;RECEITAS;Garagem;1967,71
05/2025;RECEITAS;Fundo de Reserva;1279,62
05/2025;RECEITAS;Gás;676,26
05/2025;RECEITAS;Multas;67,35
05/2025;RECEITAS;Água;1555,58
05/2025;RECEITAS;Rateio AGE 27/08/24;11822,78
05/2025;RECEITAS;OUTRAS RECEITAS;3251,09
05/2025;RECEITAS;Salão de Festa - Uso;50,00
05/2025;RECEITAS;Correção Caixa Econômica Federal - Poupança (739942363-7);1,45
05/2025;RECEITAS;Correção Aplicação CEF;0,38
05/2025;RECEITAS;Chamada de Capital - AGE 05/04/2025;3199,26
05/2025;DESPESAS;ENCARGOS SOCIAIS/IMPOSTOS;2100,63
05/2025;DESPESAS;DARF DCTFWeb (INSS/IRRF/PIS/COFINS/CSLL);1704,38
05/2025;DESPESAS;ISS (Impostos s/ Serviço);396,25
05/2025;DESPESAS;HONORÁRIOS;2033,72
05/2025;DESPESAS;Honorários Síndico;1351,02
05/2025;DESPESAS;Honorário Gestão Administrativa;682,70
05/2025;DESPESAS;UTILIDADES/SERVIÇOS;3649,95
05/2025;DESPESAS;Fornecimento de Energia Elétrica;681,25
05/2025;DESPESAS;Fornecimento de Água;1388,64
05/2025;DESPESAS;Material de Expediente;153,83
05/2025;DESPESAS;Material de Limpeza;88,32
05/2025;DESPESAS;Material de Construção;1232,41
05/2025;DESPESAS;Material para Jardim;105,50
05/2025;DESPESAS;IMPOSTOS/TAXAS;103,03
05/2025;DESPESAS;Taxa Crea-SC;103,03
05/2025;DESPESAS;/MANUTENÇÃO;5832,41
05/2025;DESPESAS;Manutenção do(s) Elevador(es);427,53
05/2025;DESPESAS;Manutenção do(s) Edifício(s);159,65
05/2025;DESPESAS;Manutenção Estação Tratamento de Efluentes (ETE);3175,23
05/2025;DESPESAS;Manutenção/Material em Rede de Gás;2070,00
05/2025;DESPESAS;SERVIÇOS PRESTADOS POR TERCEIROS;6105,00
05/2025;DESPESAS;Serviços Prestados;5400,00
05/2025;DESPESAS;Serviços de Assessoria Remota;705,00
05/2025;DESPESAS;EMPRESAS PRESTADORAS DE SERVIÇOS;6337,74
05/2025;DESPESAS;Serviços de Limpeza e Jardinagem;6337,74
05/2025;DESPESAS;OUTRAS DESPESAS;3300,48
05/2025;DESPESAS;com Gás;3300,48
05/2025;DESPESAS;FINANCEIRAS;224,76
05/2025;DESPESAS;Tarifa Bancária;126,46
05/2025;DESPESAS;Imposto de Renda (S/Aplicação);0,43
05/2025;DESPESAS;Tarifa Cobrança;97,86
05/2025;DESPESAS;Imposto de Renda (S/Poupança);0,01
05/2025;DESPESAS;ATRASOS/OUTROS;62,14
05/2025;DESPESAS;Multa/Juros;62,14
05/2025;SALDO ATUAL;CAIXA;-21284,39
05/2025;SALDO ATUAL;Antecipação de Taxas Condominiais;-21284,39
05/2025;SALDO ATUAL;BANCOS;1889,24
05/2025;SALDO ATUAL;BANCOS/CONTAS/APLICAÇÕES;1889,24
05/2025;SALDO ATUAL;Caixa Econômica Federal - Poupança (739942363-7);1888,32
05/2025;SALDO ATUAL;Aplicação CEF;0,92
06/2025;SALDO ANTERIOR;CAIXA;-21284,39
06/2025;SALDO ANTERIOR;Antecipação de Taxas Condominiais;-21284,39
06/2025;SALDO ANTERIOR;BANCOS;1889,24
06/2025;SALDO ANTERIOR;BANCOS/CONTAS/APLICAÇÕES;1889,24
06/2025;SALDO ANTERIOR;Caixa Econômica Federal - Poupança (739942363-7);1888,32
06/2025;SALDO ANTERIOR;Aplicação CEF;0,92
06/2025;RECEITAS;DE CONDOMÍNIO;35003,11
06/2025;RECEITAS;Taxa de Condomínio;13463,15
06/2025;RECEITAS;Garagem;2413,12
06/2025;RECEITAS;Fundo de Reserva;1587,61
06/2025;RECEITAS;Gás;1121,44
06/2025;RECEITAS;Multas;115,93
06/2025;RECEITAS;Água;1781,38
06/2025;RECEITAS;Rateio AGE 27/08/24;14520,48
06/2025;RECEITAS;OUTRAS RECEITAS;3212,00
06/2025;RECEITAS;Correção Caixa Econômica Federal - Poupança (739942363-7);12,73
06/2025;RECEITAS;Correção Aplicação CEF;0,01
06/2025;RECEITAS;Chamada de Capital - AGE 05/04/2025;3199,26
06/2025;DESPESAS;ENCARGOS SOCIAIS/IMPOSTOS;3218,13
06/2025;DESPESAS;DARF DCTFWeb (INSS/IRRF/PIS/COFINS/CSLL);2205,18
06/2025;DESPESAS;ISS (Impostos s/ Serviço);1012,95
06/2025;DESPESAS;HONORÁRIOS;2033,72
06/2025;DESPESAS;Honorários Síndico;1351,02
06/2025;DESPESAS;Honorário Gestão Administrativa;682,70
06/2025;DESPESAS;UTILIDADES/SERVIÇOS;3390,97
06/2025;DESPESAS;Fornecimento de Energia Elétrica;607,30
06/2025;DESPESAS;Fornecimento de Água;1376,48
06/2025;DESPESAS;Material de Expediente;171,58
06/2025;DESPESAS;Material de Construção;1235,61
06/2025;DESPESAS;/MANUTENÇÃO;6192,35
06/2025;DESPESAS;Manutenção do(s) Elevador(es);427,53
06/2025;DESPESAS;Manutenção do(s)Elevador(es)/Peças/Reparos;279,58
06/2025;DESPESAS;Manutenção do Portão;240,00
06/2025;DESPESAS;Manutenção Estação Tratamento de Efluentes (ETE);3175,24
06/2025;DESPESAS;Manutenção/Material em Rede de Gás;2070,00
06/2025;DESPESAS;COM MELHORIAS;5400,00
06/2025;DESPESAS;Reforma e Melhoria;5400,00
06/2025;DESPESAS;SERVIÇOS PRESTADOS POR TERCEIROS;330,00
06/2025;DESPESAS;Serviços de Assessoria Remota;330,00
06/2025;DESPESAS;EMPRESAS PRESTADORAS DE SERVIÇOS;6337,74
06/2025;DESPESAS;Serviços de Limpeza e Jardinagem;6337,74
06/2025;DESPESAS;OUTRAS DESPESAS;2041,80
06/2025;DESPESAS;com Gás;2041,80
06/2025;DESPESAS;FINANCEIRAS;224,35
06/2025;DESPESAS;Tarifa Bancária;94,13
06/2025;DESPESAS;Tarifa Cobrança;127,36
06/2025;DESPESAS;Imposto de Renda (S/Poupança);2,86
06/2025;DESPESAS;ATRASOS/OUTROS;60,51
06/2025;DESPESAS;Multa/Juros;60,51
06/2025;SALDO ATUAL;CAIXA;-19209,47
06/2025;SALDO ATUAL;Antecipação de Taxas Condominiais;-19209,47
06/2025;SALDO ATUAL;BANCOS;8799,86
06/2025;SALDO ATUAL;BANCOS/CONTAS/MOVIMENTO;6900,74
06/2025;SALDO ATUAL;Caixa Econômica Federal (C/C);6900,74
06/2025;SALDO ATUAL;BANCOS/CONTAS/APLICAÇÕES;1899,12
06/2025;SALDO ATUAL;Caixa Econômica Federal - Poupança (739942363-7);1898,19
06/2025;SALDO ATUAL;Aplicação CEF;0,93
07/2025;SALDO ANTERIOR;CAIXA;-19209,47
07/2025;SALDO ANTERIOR;Antecipação de Taxas Condominiais;-19209,47
07/2025;SALDO ANTERIOR;BANCOS;8799,86
07/2025;SALDO ANTERIOR;BANCOS/CONTAS/MOVIMENTO;6900,74
07/2025;SALDO ANTERIOR;Caixa Econômica Federal (C/C);6900,74
07/2025;SALDO ANTERIOR;BANCOS/CONTAS/APLICAÇÕES;1899,12
07/2025;SALDO ANTERIOR;Caixa Econômica Federal - Poupança (739942363-7);1898,19
07/2025;SALDO ANTERIOR;Aplicação CEF;0,93
07/2025;RECEITAS;DE CONDOMÍNIO;30573,28
07/2025;RECEITAS;Taxa de Condomínio;13563,29
07/2025;RECEITAS;Garagem;2453,39
07/2025;RECEITAS;Fundo de Reserva;1601,66
07/2025;RECEITAS;Gás;981,66
07/2025;RECEITAS;Água;1432,39
07/2025;RECEITAS;Rateio AGE 27/08/24;10540,89
07/2025;RECEITAS;OUTRAS RECEITAS;3211,99
07/2025;RECEITAS;Correção Caixa Econômica Federal - Poupança (739942363-7);12,73
07/2025;RECEITAS;Chamada de Capital - AGE 05/04/2025;3199,26
07/2025;DESPESAS;ENCARGOS SOCIAIS/IMPOSTOS;2090,07
07/2025;DESPESAS;DARF DCTFWeb (INSS/IRRF/PIS/COFINS/CSLL);1704,38
07/2025;DESPESAS;ISS (Impostos s/ Serviço);385,69
07/2025;DESPESAS;HONORÁRIOS;2033,72
07/2025;DESPESAS;Honorários Síndico;1351,02
07/2025;DESPESAS;Honorário Gestão Administrativa;682,70
07/2025;DESPESAS;UTILIDADES/SERVIÇOS;4788,21
07/2025;DESPESAS;Fornecimento de Energia Elétrica;560,36
07/2025;DESPESAS;Fornecimento de Água;1288,32
07/2025;DESPESAS;Seguro;1580,44
07/2025;DESPESAS;Material de Expediente;53,08
07/2025;DESPESAS;Material de Limpeza;343,51
07/2025;DESPESAS;Material Elétrico;962,50
07/2025;DESPESAS;IMPOSTOS/TAXAS;103,03
07/2025;DESPESAS;Taxa Crea-SC;103,03
07/2025;DESPESAS;/MANUTENÇÃO;5293,75
07/2025;DESPESAS;Manutenção do(s) Elevador(es);427,53
07/2025;DESPESAS;Manutenção do(s) Edifício(s);24,88
07/2025;DESPESAS;Manutenção do(s)Elevador(es)/Peças/Reparos;279,58
07/2025;DESPESAS;Manutenção do Portão;1200,00
07/2025;DESPESAS;Manutenção Estação Tratamento de Efluentes (ETE);1291,76
07/2025;DESPESAS;Manutenção/Material em Rede de Gás;2070,00
07/2025;DESPESAS;COM MELHORIAS;3300,00
07/2025;DESPESAS;Reforma do Portão;3300,00
07/2025;DESPESAS;SERVIÇOS PRESTADOS POR TERCEIROS;6908,20
07/2025;DESPESAS;Serviços de Chaveiro;240,00
07/2025;DESPESAS;Serviços Prestados;4887,00
07/2025;DESPESAS;Serviços de Limpeza Caixa de Gordura/Fossa;1451,20
07/2025;DESPESAS;Serviços de Assessoria Remota;330,00
07/2025;DESPESAS;EMPRESAS PRESTADORAS DE SERVIÇOS;6337,74
07/2025;DESPESAS;Serviços de Limpeza e Jardinagem;6337,74
07/2025;DESPESAS;OUTRAS DESPESAS;1955,10
07/2025;DESPESAS;com Gás;1549,80
07/2025;DESPESAS;Tarifa de Cobrança;118,00
07/2025;DESPESAS;com Cartório;287,30
07/2025;DESPESAS;FINANCEIRAS;272,00
07/2025;DESPESAS;Tarifa Bancária;178,60
07/2025;DESPESAS;Juros e Multas;90,54
07/2025;DESPESAS;Imposto de Renda (S/Poupança);2,86
07/2025;SALDO ATUAL;CAIXA;-17404,74
07/2025;SALDO ATUAL;Antecipação de Taxas Condominiais;-17404,74
07/2025;SALDO ATUAL;BANCOS;7698,58
07/2025;SALDO ATUAL;BANCOS/CONTAS/MOVIMENTO;5789,59
07/2025;SALDO ATUAL;Caixa Econômica Federal (C/C);5789,59
07/2025;SALDO ATUAL;BANCOS/CONTAS/APLICAÇÕES;1908,99
07/2025;SALDO ATUAL;Caixa Econômica Federal - Poupança (739942363-7);1908,06
07/2025;SALDO ATUAL;Aplicação CEF;0,93
08/2025;SALDO ANTERIOR;CAIXA;-17404,74
08/2025;SALDO ANTERIOR;Antecipação de Taxas Condominiais;-17404,74
08/2025;SALDO ANTERIOR;BANCOS;7698,58
08/2025;SALDO ANTERIOR;BANCOS/CONTAS/MOVIMENTO;5789,59
08/2025;SALDO ANTERIOR;Caixa Econômica Federal (C/C);5789,59
08/2025;SALDO ANTERIOR;BANCOS/CONTAS/APLICAÇÕES;1908,99
08/2025;SALDO ANTERIOR;Caixa Econômica Federal - Poupança (739942363-7);1908,06
08/2025;SALDO ANTERIOR;Aplicação CEF;0,93
08/2025;RECEITAS;DE CONDOMÍNIO;32189,34
08/2025;RECEITAS;Taxa de Condomínio;13792,39
08/2025;RECEITAS;Garagem;2468,27
08/2025;RECEITAS;Fundo de Reserva;1626,06
08/2025;RECEITAS;Gás;1541,04
08/2025;RECEITAS;Multas;38,86
08/2025;RECEITAS;Água;1784,79
08/2025;RECEITAS;Rateio AGE 27/08/24;9137,93
08/2025;RECEITAS;Aluguel;1800,00
08/2025;RECEITAS;OUTRAS RECEITAS;3322,39
08/2025;RECEITAS;Correção Caixa Econômica Federal - Poupança (739942363-7);12,91
08/2025;RECEITAS;Correção Aplicação CEF;110,22
08/2025;RECEITAS;Chamada de Capital - AGE 05/04/2025;3199,26
08/2025;DESPESAS;ENCARGOS SOCIAIS/IMPOSTOS;2289,21
08/2025;DESPESAS;DARF DCTFWeb (INSS/IRRF/PIS/COFINS/CSLL);1906,94
08/2025;DESPESAS;ISS (Impostos s/ Serviço);382,27
08/2025;DESPESAS;HONORÁRIOS;2033,72
08/2025;DESPESAS;Honorários Síndico;1351,02
08/2025;DESPESAS;Honorário Gestão Administrativa;682,70
08/2025;DESPESAS;UTILIDADES/SERVIÇOS;4236,78
08/2025;DESPESAS;Fornecimento de Energia Elétrica;751,57
08/2025;DESPESAS;Fornecimento de Água;1267,04
08/2025;DESPESAS;Seguro;1580,44
08/2025;DESPESAS;Material de Expediente;492,98
08/2025;DESPESAS;Material Elétrico;144,75
08/2025;DESPESAS;/MANUTENÇÃO;7156,82
08/2025;DESPESAS;Manutenção do(s) Elevador(es);446,30
08/2025;DESPESAS;Manutenção do Interfone;2000,00
08/2025;DESPESAS;Manutenção do(s)Elevador(es)/Peças/Reparos;1586,82
08/2025;DESPESAS;Manutenção do Portão;150,00
08/2025;DESPESAS;Manutenção Estação Tratamento de Efluentes (ETE);903,70
08/2025;DESPESAS;Manutenção/Material em Rede de Gás;2070,00
08/2025;DESPESAS;SERVIÇOS PRESTADOS POR TERCEIROS;3294,40
08/2025;DESPESAS;Serviços Prestados;870,00
08/2025;DESPESAS;Serviços de Limpeza Caixa de Gordura/Fossa;1451,20
08/2025;DESPESAS;Serviços de Assessoria Remota;385,00
08/2025;DESPESAS;Serviços Hidraulicos;588,20
08/2025;DESPESAS;EMPRESAS PRESTADORAS DE SERVIÇOS;6337,74
08/2025;DESPESAS;Serviços de Limpeza e Jardinagem;6337,74
08/2025;DESPESAS;FINANCEIRAS;338,86
08/2025;DESPESAS;Tarifa Bancária;107,58
08/2025;DESPESAS;Imposto de Renda (S/Aplicação);1,07
08/2025;DESPESAS;IOF;10,82
08/2025;DESPESAS;Tarifa Cobrança;115,22
08/2025;DESPESAS;Juros e Multas;101,27
08/2025;DESPESAS;Imposto de Renda (S/Poupança);2,90
08/2025;DESPESAS;ATRASOS/OUTROS;11,76
08/2025;DESPESAS;Multa/Juros;11,76
08/2025;SALDO ATUAL;CAIXA;-15253,59
08/2025;SALDO ATUAL;Antecipação de Taxas Condominiais;-15253,59
08/2025;SALDO ATUAL;BANCOS;15359,87
08/2025;SALDO ATUAL;BANCOS/CONTAS/MOVIMENTO;650,82
08/2025;SALDO ATUAL;Caixa Econômica Federal (C/C);650,82
08/2025;SALDO ATUAL;BANCOS/CONTAS/APLICAÇÕES;14709,05
08/2025;SALDO ATUAL;Caixa Econômica Federal - Poupança (739942363-7);1918,07
08/2025;SALDO ATUAL;Aplicação CEF;12790,98
09/2025;SALDO ANTERIOR;CAIXA;-15253,59
09/2025;SALDO ANTERIOR;Antecipação de Taxas Condominiais;-15253,59
09/2025;SALDO ANTERIOR;BANCOS;15359,87
09/2025;SALDO ANTERIOR;BANCOS/CONTAS/MOVIMENTO;650,82
09/2025;SALDO ANTERIOR;Caixa Econômica Federal (C/C);650,82
09/2025;SALDO ANTERIOR;BANCOS/CONTAS/APLICAÇÕES;14709,05
09/2025;SALDO ANTERIOR;Caixa Econômica Federal - Poupança (739942363-7);1918,07
09/2025;SALDO ANTERIOR;Aplicação CEF;12790,98
09/2025;RECEITAS;DE CONDOMÍNIO;30629,22
09/2025;RECEITAS;Taxa de Condomínio;13592,81
09/2025;RECEITAS;Garagem;2456,02
09/2025;RECEITAS;Fundo de Reserva;1604,88
09/2025;RECEITAS;Gás;891,47
09/2025;RECEITAS;Água;1265,15
09/2025;RECEITAS;Rateio AGE 27/08/24;9018,89
09/2025;RECEITAS;Aluguel;1800,00
09/2025;RECEITAS;OUTRAS RECEITAS;3170,89
09/2025;RECEITAS;Correção Caixa Econômica Federal - Poupança (739942363-7);12,94
09/2025;RECEITAS;Correção Aplicação CEF;128,95
09/2025;RECEITAS;Chamada de Capital - AGE 05/04/2025;2946,12
09/2025;RECEITAS;Energia Elétrica;82,88
09/2025;DESPESAS;ENCARGOS SOCIAIS/IMPOSTOS;2468,70
09/2025;DESPESAS;DARF DCTFWeb (INSS/IRRF/PIS/COFINS/CSLL);2015,43
09/2025;DESPESAS;ISS (Impostos s/ Serviço);453,27
09/2025;DESPESAS;HONORÁRIOS;2709,23
09/2025;DESPESAS;Honorários Síndico;2026,53
09/2025;DESPESAS;Honorário Gestão Administrativa;682,70
09/2025;DESPESAS;UTILIDADES/SERVIÇOS;4764,92
09/2025;DESPESAS;Fornecimento de Energia Elétrica;981,22
09/2025;DESPESAS;Fornecimento de Água;1291,36
09/2025;DESPESAS;Seguro;1580,44
09/2025;DESPESAS;Material de Expediente;111,63
09/2025;DESPESAS;Material de Limpeza;159,27
09/2025;DESPESAS;Material para Jardim;641,00
09/2025;DESPESAS;/MANUTENÇÃO;9432,30
09/2025;DESPESAS;Manutenção do(s) Elevador(es);446,30
09/2025;DESPESAS;Manutenção do(s) Edifício(s);389,70
09/2025;DESPESAS;Manutenção do(s)Elevador(es)/Peças/Reparos;1307,24
09/2025;DESPESAS;Manutenção do Portão;350,00
09/2025;DESPESAS;Manutenção Estação Tratamento de Efluentes (ETE);6379,06
09/2025;DESPESAS;Manutenção e Regulagem em Portas de Vidro;560,00
09/2025;DESPESAS;EMPRESAS PRESTADORAS DE SERVIÇOS;6337,74
09/2025;DESPESAS;Serviços de Limpeza e Jardinagem;6337,74
09/2025;DESPESAS;FINANCEIRAS;247,19
09/2025;DESPESAS;Tarifa Bancária;103,87
09/2025;DESPESAS;Imposto de Renda (S/Aplicação);1,52
09/2025;DESPESAS;IOF;1,69
09/2025;DESPESAS;Tarifa Cobrança;106,20
09/2025;DESPESAS;Juros e Multas;31,00
09/2025;DESPESAS;Imposto de Renda (S/Poupança);2,91
09/2025;SALDO ATUAL;CAIXA;-13196,12
09/2025;SALDO ATUAL;Antecipação de Taxas Condominiais;-13196,12
09/2025;SALDO ATUAL;BANCOS;21142,43
09/2025;SALDO ATUAL;BANCOS/CONTAS/MOVIMENTO;7370,81
09/2025;SALDO ATUAL;Caixa Econômica Federal (C/C);7370,81
09/2025;SALDO ATUAL;BANCOS/CONTAS/APLICAÇÕES;13771,62
09/2025;SALDO ATUAL;Caixa Econômica Federal - Poupança (739942363-7);1928,10
09/2025;SALDO ATUAL;Aplicação CEF;11843,52
10/2025;SALDO ANTERIOR;CAIXA;-13196,12
10/2025;SALDO ANTERIOR;Antecipação de Taxas Condominiais;-13196,12
10/2025;SALDO ANTERIOR;BANCOS;21142,43
10/2025;SALDO ANTERIOR;BANCOS/CONTAS/MOVIMENTO;7370,81
10/2025;SALDO ANTERIOR;Caixa Econômica Federal (C/C);7370,81
10/2025;SALDO ANTERIOR;BANCOS/CONTAS/APLICAÇÕES;13771,62
10/2025;SALDO ANTERIOR;Caixa Econômica Federal - Poupança (739942363-7);1928,10
10/2025;SALDO ANTERIOR;Aplicação CEF;11843,52
10/2025;RECEITAS;DE CONDOMÍNIO;36093,39
10/2025;RECEITAS;Taxa de Condomínio;15823,26
10/2025;RECEITAS;Garagem;2874,42
10/2025;RECEITAS;Fundo de Reserva;1869,77
10/2025;RECEITAS;Gás;1427,14
10/2025;RECEITAS;Multas;70,52
10/2025;RECEITAS;Água;1720,85
10/2025;RECEITAS;Rateio AGE 27/08/24;10507,43
10/2025;RECEITAS;Aluguel;1800,00
10/2025;RECEITAS;OUTRAS RECEITAS;3278,97
10/2025;RECEITAS;Salão de Festa - Uso;50,00
10/2025;RECEITAS;Correção Caixa Econômica Federal - Poupança (739942363-7);12,96
10/2025;RECEITAS;Correção Aplicação CEF;135,92
10/2025;RECEITAS;Chamada de Capital - AGE 05/04/2025;2946,12
10/2025;RECEITAS;Energia Elétrica;133,97
10/2025;DESPESAS;ENCARGOS SOCIAIS/IMPOSTOS;2512,20
10/2025;DESPESAS;DARF DCTFWeb (INSS/IRRF/PIS/COFINS/CSLL);2225,93
10/2025;DESPESAS;ISS (Impostos s/ Serviço);286,27
10/2025;DESPESAS;HONORÁRIOS;2760,48
10/2025;DESPESAS;Honorários Síndico;2026,53
10/2025;DESPESAS;Honorário Gestão Administrativa;733,95
10/2025;DESPESAS;UTILIDADES/SERVIÇOS;4479,16
10/2025;DESPESAS;Fornecimento de Energia Elétrica;848,98
10/2025;DESPESAS;Fornecimento de Água;1300,48
10/2025;DESPESAS;Seguro;1580,44
10/2025;DESPESAS;Material de Expediente;181,68
10/2025;DESPESAS;Material de Limpeza;567,58
10/2025;DESPESAS;/MANUTENÇÃO;8850,84
10/2025;DESPESAS;Manutenção do(s) Elevador(es);446,30
10/2025;DESPESAS;Manutenção do(s) Edifício(s);60,00
10/2025;DESPESAS;Manutencao de Bombas da Piscina;1200,00
10/2025;DESPESAS;Manutenção do(s)Elevador(es)/Peças/Reparos;1307,24
10/2025;DESPESAS;Manutenção do Portão;750,00
10/2025;DESPESAS;Manutenção Estação Tratamento de Efluentes (ETE);5087,30
10/2025;DESPESAS;COM AQUISIÇÕES;2475,00
10/2025;DESPESAS;Aquisição de Vidro (Porta);2475,00
10/2025;DESPESAS;EMPRESAS PRESTADORAS DE SERVIÇOS;6337,74
10/2025;DESPESAS;Serviços de Limpeza e Jardinagem;6337,74
10/2025;DESPESAS;FINANCEIRAS;285,36
10/2025;DESPESAS;Tarifa Bancária;107,69
10/2025;DESPESAS;Tarifa Cobrança;127,02
10/2025;DESPESAS;Juros e Multas;47,74
10/2025;DESPESAS;Imposto de Renda (S/Poupança);2,91
10/2025;SALDO ATUAL;CAIXA;-11098,41
10/2025;SALDO ATUAL;Antecipação de Taxas Condominiais;-11098,41
10/2025;SALDO ATUAL;BANCOS;30716,30
10/2025;SALDO ATUAL;BANCOS/CONTAS/MOVIMENTO;798,71
10/2025;SALDO ATUAL;Caixa Econômica Federal (C/C);798,71
10/2025;SALDO ATUAL;BANCOS/CONTAS/APLICAÇÕES;29917,59
10/2025;SALDO ATUAL;Caixa Econômica Federal - Poupança (739942363-7);1938,15
10/2025;SALDO ATUAL;Aplicação CEF;27979,44
11/2025;SALDO ANTERIOR;CAIXA;-11098,41
11/2025;SALDO ANTERIOR;Antecipação de Taxas Condominiais;-11098,41
11/2025;SALDO ANTERIOR;BANCOS;30716,30
11/2025;SALDO ANTERIOR;BANCOS/CONTAS/MOVIMENTO;798,71
11/2025;SALDO ANTERIOR;Caixa Econômica Federal (C/C);798,71
11/2025;SALDO ANTERIOR;BANCOS/CONTAS/APLICAÇÕES;29917,59
11/2025;SALDO ANTERIOR;Caixa Econômica Federal - Poupança (739942363-7);1938,15
11/2025;SALDO ANTERIOR;Aplicação CEF;27979,44
11/2025;RECEITAS;DE CONDOMÍNIO;30002,90
11/2025;RECEITAS;Taxa de Condomínio;13200,64
11/2025;RECEITAS;Garagem;2359,73
11/2025;RECEITAS;Fundo de Reserva;1556,03
11/2025;RECEITAS;Gás;950,79
11/2025;RECEITAS;Multas;62,41
11/2025;RECEITAS;Água;1328,90
11/2025;RECEITAS;Rateio AGE 27/08/24;8744,40
11/2025;RECEITAS;Aluguel;1800,00
11/2025;RECEITAS;OUTRAS RECEITAS;332,76
11/2025;RECEITAS;Correção Caixa Econômica Federal - Poupança (739942363-7);13,07
11/2025;RECEITAS;Correção Aplicação CEF;243,19
11/2025;RECEITAS;Energia Elétrica;76,50
11/2025;DESPESAS;ENCARGOS SOCIAIS/IMPOSTOS;4188,62
11/2025;DESPESAS;DARF DCTFWeb (INSS/IRRF/PIS/COFINS/CSLL);3710,35
11/2025;DESPESAS;ISS (Impostos s/ Serviço);478,27
11/2025;DESPESAS;HONORÁRIOS;2790,48
11/2025;DESPESAS;Honorários Síndico;2056,53
11/2025;DESPESAS;Honorário Gestão Administrativa;733,95
11/2025;DESPESAS;UTILIDADES/SERVIÇOS;4001,09
11/2025;DESPESAS;Fornecimento de Energia Elétrica;792,29
11/2025;DESPESAS;Fornecimento de Água;1346,08
11/2025;DESPESAS;Seguro;1580,44
11/2025;DESPESAS;Material de Expediente;87,28
11/2025;DESPESAS;Certificado Digital;195,00
11/2025;DESPESAS;/MANUTENÇÃO;4395,79
11/2025;DESPESAS;Manutenção do(s) Elevador(es);446,30
11/2025;DESPESAS;Manutenção do(s) Edifício(s);446,80
11/2025;DESPESAS;Manutenção do(s)Elevador(es)/Peças/Reparos;1307,23
11/2025;DESPESAS;Manutenção Estação Tratamento de Efluentes (ETE);2195,46
11/2025;DESPESAS;COM MELHORIAS;7900,00
11/2025;DESPESAS;Lavação, Restauração, Impermeabilização e Pintura do Prédio;7900,00
11/2025;DESPESAS;COM AQUISIÇÕES;4033,00
11/2025;DESPESAS;Aquisição de Eletrodomesticos;1558,00
11/2025;DESPESAS;Aquisição de Vidro (Porta);2475,00
11/2025;DESPESAS;SERVIÇOS PRESTADOS POR TERCEIROS;1304,66
11/2025;DESPESAS;Serviços Prestados;700,00
11/2025;DESPESAS;Serviços de Troca de Registro de Incendio da Calçada;604,66
11/2025;DESPESAS;EMPRESAS PRESTADORAS DE SERVIÇOS;6337,74
11/2025;DESPESAS;Serviços de Limpeza e Jardinagem;6337,74
11/2025;DESPESAS;OUTRAS DESPESAS;3892,78
11/2025;DESPESAS;com Gás;3800,70
11/2025;DESPESAS;com Uber;92,08
11/2025;DESPESAS;FINANCEIRAS;377,25
11/2025;DESPESAS;Tarifa Bancária;117,80
11/2025;DESPESAS;Imposto de Renda (S/Aplicação);113,98
11/2025;DESPESAS;Tarifa Cobrança;122,44
11/2025;DESPESAS;Juros e Multas;20,10
11/2025;DESPESAS;Imposto de Renda (S/Poupança);2,93
11/2025;SALDO ATUAL;CAIXA;-9018,06
11/2025;SALDO ATUAL;Antecipação de Taxas Condominiais;-9018,06
11/2025;SALDO ATUAL;BANCOS;19750,20
11/2025;SALDO ATUAL;BANCOS/CONTAS/APLICAÇÕES;19750,20
11/2025;SALDO ATUAL;Caixa Econômica Federal - Poupança (739942363-7);1948,29
11/2025;SALDO ATUAL;Aplicação CEF;17801,91
12/2025;SALDO ANTERIOR;CAIXA;-9018,06
12/2025;SALDO ANTERIOR;Antecipação de Taxas Condominiais;-9018,06
12/2025;SALDO ANTERIOR;BANCOS;19750,20
12/2025;SALDO ANTERIOR;BANCOS/CONTAS/APLICAÇÕES;19750,20
12/2025;SALDO ANTERIOR;Caixa Econômica Federal - Poupança (739942363-7);1948,29
12/2025;SALDO ANTERIOR;Aplicação CEF;17801,91
12/2025;RECEITAS;DE CONDOMÍNIO;35656,59
12/2025;RECEITAS;Taxa de Condomínio;16530,56
12/2025;RECEITAS;Garagem;3066,98
12/2025;RECEITAS;Fundo de Reserva;1959,75
12/2025;RECEITAS;Gás;1283,65
12/2025;RECEITAS;Multas;29,61
12/2025;RECEITAS;Água;2000,61
12/2025;RECEITAS;Rateio AGE 27/08/24;8985,43
12/2025;RECEITAS;Aluguel;1800,00
12/2025;RECEITAS;OUTRAS RECEITAS;347,37
12/2025;RECEITAS;Salão de Festa - Uso;50,00
12/2025;RECEITAS;Correção Caixa Econômica Federal - Poupança (739942363-7);13,07
12/2025;RECEITAS;Correção Aplicação CEF;162,88
12/2025;RECEITAS;Energia Elétrica;21,42
12/2025;RECEITAS;Controle/Tag;100,00
12/2025;DESPESAS;HONORÁRIOS;3494,43
12/2025;DESPESAS;Honorários Síndico;2026,53
12/2025;DESPESAS;Honorário Gestão Administrativa;733,95
12/2025;DESPESAS;Honorário Gestão Administrativa Extra;733,95
12/2025;DESPESAS;UTILIDADES/SERVIÇOS;6905,33
12/2025;DESPESAS;Fornecimento de Energia Elétrica;719,05
12/2025;DESPESAS;Fornecimento de Água;1255,36
12/2025;DESPESAS;Seguro;1580,44
12/2025;DESPESAS;Material de Expediente;189,78
12/2025;DESPESAS;Material para Jardim;177,51
12/2025;DESPESAS;com Materiais;2983,19
12/2025;DESPESAS;/MANUTENÇÃO;9125,46
12/2025;DESPESAS;Manutenção do(s) Elevador(es);446,30
12/2025;DESPESAS;Manutenção do(s) Edifício(s);90,75
12/2025;DESPESAS;Manutenção do Interfone;2500,00
12/2025;DESPESAS;Manutenção Estação Tratamento de Efluentes (ETE);5238,41
12/2025;DESPESAS;Manutenção do Motor do Portão;250,00
12/2025;DESPESAS;Manutenção na Area Gourmet;600,00
12/2025;DESPESAS;COM MELHORIAS;6318,00
12/2025;DESPESAS;Fiscalização de Obra;2300,00
12/2025;DESPESAS;Obra Emergencial;4018,00
12/2025;DESPESAS;SERVIÇOS PRESTADOS POR TERCEIROS;2100,00
12/2025;DESPESAS;Serviço de Fixação Para Raio na Cobertura da Caixa d'água;2100,00
12/2025;DESPESAS;EMPRESAS PRESTADORAS DE SERVIÇOS;6337,74
12/2025;DESPESAS;Serviços de Limpeza e Jardinagem;6337,74
12/2025;DESPESAS;OUTRAS DESPESAS;430,00
12/2025;DESPESAS;com Retirada de Entulho(s);430,00
12/2025;DESPESAS;FINANCEIRAS;297,39
12/2025;DESPESAS;Tarifa Bancária;147,37
12/2025;DESPESAS;Imposto de Renda (S/Aplicação);14,09
12/2025;DESPESAS;Tarifa Cobrança;133,00
12/2025;DESPESAS;Imposto de Renda (S/Poupança);2,93
12/2025;SALDO ATUAL;CAIXA;-6948,89
12/2025;SALDO ATUAL;Antecipação de Taxas Condominiais;-6948,89
12/2025;SALDO ATUAL;BANCOS;18676,64
12/2025;SALDO ATUAL;BANCOS/CONTAS/MOVIMENTO;4092,61
12/2025;SALDO ATUAL;Caixa Econômica Federal (C/C);4092,61
12/2025;SALDO ATUAL;BANCOS/CONTAS/APLICAÇÕES;14584,03
12/2025;SALDO ATUAL;Caixa Econômica Federal - Poupança (739942363-7);1958,43
12/2025;SALDO ATUAL;Aplicação CEF;12625,60
01/2026;SALDO ANTERIOR;CAIXA;-6948,89
01/2026;SALDO ANTERIOR;Antecipação de Taxas Condominiais;-6948,89
01/2026;SALDO ANTERIOR;BANCOS;18676,64
01/2026;SALDO ANTERIOR;BANCOS/CONTAS/MOVIMENTO;4092,61
01/2026;SALDO ANTERIOR;Caixa Econômica Federal (C/C);4092,61
01/2026;SALDO ANTERIOR;BANCOS/CONTAS/APLICAÇÕES;14584,03
01/2026;SALDO ANTERIOR;Caixa Econômica Federal - Poupança (739942363-7);1958,43
01/2026;SALDO ANTERIOR;Aplicação CEF;12625,60
01/2026;RECEITAS;DE CONDOMÍNIO;22880,13
01/2026;RECEITAS;Taxa de Condomínio;13148,12
01/2026;RECEITAS;Garagem;2272,20
01/2026;RECEITAS;Fundo de Reserva;1542,03
01/2026;RECEITAS;Gás;1303,61
01/2026;RECEITAS;Multas;217,65
01/2026;RECEITAS;Água;1742,54
01/2026;RECEITAS;Rateio AGE 27/08/24;853,98
01/2026;RECEITAS;Aluguel;1800,00
01/2026;RECEITAS;OUTRAS RECEITAS;252,53
01/2026;RECEITAS;Salão de Festa - Uso;100,00
01/2026;RECEITAS;Correção Caixa Econômica Federal - Poupança (739942363-7);13,17
01/2026;RECEITAS;Correção Aplicação CEF;123,68
01/2026;RECEITAS;Energia Elétrica;15,68
01/2026;DESPESAS;ENCARGOS SOCIAIS/IMPOSTOS;3025,56
01/2026;DESPESAS;DARF DCTFWeb (INSS/IRRF/PIS/COFINS/CSLL);2080,99
01/2026;DESPESAS;ISS (Impostos s/ Serviço);944,57
01/2026;DESPESAS;HONORÁRIOS;2760,48
01/2026;DESPESAS;Honorários Síndico;2026,53
01/2026;DESPESAS;Honorário Gestão Administrativa;733,95
01/2026;DESPESAS;UTILIDADES/SERVIÇOS;2601,43
01/2026;DESPESAS;Fornecimento de Energia Elétrica;800,50
01/2026;DESPESAS;Fornecimento de Água;1309,59
01/2026;DESPESAS;Material de Expediente;98,88
01/2026;DESPESAS;Material de Limpeza;392,46
01/2026;DESPESAS;/MANUTENÇÃO;3588,31
01/2026;DESPESAS;Manutenção do(s) Elevador(es);446,30
01/2026;DESPESAS;Manutenção do(s) Edifício(s);54,65
01/2026;DESPESAS;Manutenção do(s)Elevador(es)/Peças/Reparos;270,60
01/2026;DESPESAS;Manutenção do Portão;1525,00
01/2026;DESPESAS;Manutenção Estação Tratamento de Efluentes (ETE);1291,76
01/2026;DESPESAS;SERVIÇOS PRESTADOS POR TERCEIROS;4705,76
01/2026;DESPESAS;Serviços de Limpeza de Fossa;2875,76
01/2026;DESPESAS;Serviços de Entrega;30,00
01/2026;DESPESAS;Serviços de Troca de Telhas;1800,00
01/2026;DESPESAS;EMPRESAS PRESTADORAS DE SERVIÇOS;6337,74
01/2026;DESPESAS;Serviços de Limpeza e Jardinagem;6337,74
01/2026;DESPESAS;OUTRAS DESPESAS;2586,12
01/2026;DESPESAS;com Gás;2536,12
01/2026;DESPESAS;com Cópias/Impressões/Outros;50,00
01/2026;DESPESAS;FINANCEIRAS;236,42
01/2026;DESPESAS;Tarifa Bancária;118,64
01/2026;DESPESAS;Imposto de Renda (S/Aplicação);14,52
01/2026;DESPESAS;Tarifa Cobrança;100,30
01/2026;DESPESAS;Imposto de Renda (S/Poupança);2,96
01/2026;DESPESAS;ATRASOS/OUTROS;141,69
01/2026;DESPESAS;Multa/Juros;141,69
01/2026;SALDO ATUAL;CAIXA;-5482,70
01/2026;SALDO ATUAL;Antecipação de Taxas Condominiais;-5482,70
01/2026;SALDO ATUAL;BANCOS;14359,60
01/2026;SALDO ATUAL;BANCOS/CONTAS/MOVIMENTO;2571,02
01/2026;SALDO ATUAL;Caixa Econômica Federal (C/C);2571,02
01/2026;SALDO ATUAL;BANCOS/CONTAS/APLICAÇÕES;11788,58
01/2026;SALDO ATUAL;Caixa Econômica Federal - Poupança (739942363-7);1968,64
01/2026;SALDO ATUAL;Aplicação CEF;9819,94
02/2026;SALDO ANTERIOR;CAIXA;-5482,70
02/2026;SALDO ANTERIOR;Antecipação de Taxas Condominiais;-5482,70
02/2026;SALDO ANTERIOR;BANCOS;14359,60
02/2026;SALDO ANTERIOR;BANCOS/CONTAS/MOVIMENTO;2571,02
02/2026;SALDO ANTERIOR;Caixa Econômica Federal (C/C);2571,02
02/2026;SALDO ANTERIOR;BANCOS/CONTAS/APLICAÇÕES;11788,58
02/2026;SALDO ANTERIOR;Caixa Econômica Federal - Poupança (739942363-7);1968,64
02/2026;SALDO ANTERIOR;Aplicação CEF;9819,94
02/2026;RECEITAS;DE CONDOMÍNIO;20876,15
02/2026;RECEITAS;Taxa de Condomínio;13137,61
02/2026;RECEITAS;Garagem;2372,00
02/2026;RECEITAS;Fundo de Reserva;1550,96
02/2026;RECEITAS;Gás;737,67
02/2026;RECEITAS;Multas;39,85
02/2026;RECEITAS;Água;1238,06
02/2026;RECEITAS;Aluguel;1800,00
02/2026;RECEITAS;OUTRAS RECEITAS;502,48
02/2026;RECEITAS;Baixa Parcial;356,21
02/2026;RECEITAS;Correção Caixa Econômica Federal - Poupança (739942363-7);13,24
02/2026;RECEITAS;Correção Aplicação CEF;88,03
02/2026;RECEITAS;Energia Elétrica;45,00
02/2026;DESPESAS;HONORÁRIOS;2897,99
02/2026;DESPESAS;Honorários Síndico;2164,04
02/2026;DESPESAS;Honorário Gestão Administrativa;733,95
02/2026;DESPESAS;UTILIDADES/SERVIÇOS;1453,83
02/2026;DESPESAS;Fornecimento de Água;1327,05
02/2026;DESPESAS;Material de Expediente;126,78
02/2026;DESPESAS;/MANUTENÇÃO;3414,73
02/2026;DESPESAS;Manutenção do(s) Elevador(es);446,30
02/2026;DESPESAS;Manutenção do(s) Edifício(s);396,75
02/2026;DESPESAS;Manutenção do(s)Elevador(es)/Peças/Reparos;719,92
02/2026;DESPESAS;Manutenção do Portão;560,00
02/2026;DESPESAS;Manutenção Estação Tratamento de Efluentes (ETE);1291,76
02/2026;DESPESAS;SERVIÇOS PRESTADOS POR TERCEIROS;4380,45
02/2026;DESPESAS;Serviços Prestados;1370,00
02/2026;DESPESAS;Serviços de Limpeza Caixa de Gordura/Fossa;3010,45
02/2026;DESPESAS;EMPRESAS PRESTADORAS DE SERVIÇOS;6905,69
02/2026;DESPESAS;Serviços de Limpeza e Jardinagem;6905,69
02/2026;DESPESAS;OUTRAS DESPESAS;103,42
02/2026;DESPESAS;Tarifa de Cobrança;103,42
02/2026;DESPESAS;FINANCEIRAS;106,77
02/2026;DESPESAS;Tarifa Bancária;103,80
02/2026;DESPESAS;Imposto de Renda (S/Poupança);2,97
02/2026;SALDO ATUAL;CAIXA;-4097,70
02/2026;SALDO ATUAL;Antecipação de Taxas Condominiais;-4097,70
02/2026;SALDO ATUAL;BANCOS;15090,35
02/2026;SALDO ATUAL;BANCOS/CONTAS/MOVIMENTO;3203,47
02/2026;SALDO ATUAL;Caixa Econômica Federal (C/C);3203,47
02/2026;SALDO ATUAL;BANCOS/CONTAS/APLICAÇÕES;11886,88
02/2026;SALDO ATUAL;Caixa Econômica Federal - Poupança (739942363-7);1978,91
02/2026;SALDO ATUAL;Aplicação CEF;9907,97
03/2026;SALDO ANTERIOR;CAIXA;-4097,70
03/2026;SALDO ANTERIOR;Antecipação de Taxas Condominiais;-4097,70
03/2026;SALDO ANTERIOR;BANCOS;15090,35
03/2026;SALDO ANTERIOR;BANCOS/CONTAS/MOVIMENTO;3203,47
03/2026;SALDO ANTERIOR;Caixa Econômica Federal (C/C);3203,47
03/2026;SALDO ANTERIOR;BANCOS/CONTAS/APLICAÇÕES;11886,88
03/2026;SALDO ANTERIOR;Caixa Econômica Federal - Poupança (739942363-7);1978,91
03/2026;SALDO ANTERIOR;Aplicação CEF;9907,97
03/2026;RECEITAS;DE CONDOMÍNIO;25334,16
03/2026;RECEITAS;Taxa de Condomínio;15886,29
03/2026;RECEITAS;Garagem;2862,15
03/2026;RECEITAS;Fundo de Reserva;1874,84
03/2026;RECEITAS;Gás;1153,32
03/2026;RECEITAS;Multas;127,06
03/2026;RECEITAS;Água;1630,50
03/2026;RECEITAS;Aluguel;1800,00
03/2026;RECEITAS;OUTRAS RECEITAS;536,26
03/2026;RECEITAS;Baixa Parcial;356,21
03/2026;RECEITAS;Correção Caixa Econômica Federal - Poupança (739942363-7);13,26
03/2026;RECEITAS;Correção Aplicação CEF;109,72
03/2026;RECEITAS;Energia Elétrica;57,07
03/2026;DESPESAS;HONORÁRIOS;2870,53
03/2026;DESPESAS;Honorários Síndico;2167,04
03/2026;DESPESAS;Honorário Gestão Administrativa;703,49
03/2026;DESPESAS;UTILIDADES/SERVIÇOS;2934,75
03/2026;DESPESAS;Fornecimento de Energia Elétrica;1463,53
03/2026;DESPESAS;Fornecimento de Água;1411,44
03/2026;DESPESAS;Material de Expediente;59,78
03/2026;DESPESAS;/MANUTENÇÃO;3957,94
03/2026;DESPESAS;Manutenção do(s) Elevador(es);446,30
03/2026;DESPESAS;Manutenção do(s) Edifício(s);39,58
03/2026;DESPESAS;Manutencao de Bombas da Piscina;931,00
03/2026;DESPESAS;Manutenção do(s)Elevador(es)/Peças/Reparos;449,30
03/2026;DESPESAS;Manutenção do Portão;800,00
03/2026;DESPESAS;Manutenção Estação Tratamento de Efluentes (ETE);1291,76
03/2026;DESPESAS;SERVIÇOS PRESTADOS POR TERCEIROS;1240,00
03/2026;DESPESAS;Serviços Prestados;1240,00
03/2026;DESPESAS;EMPRESAS PRESTADORAS DE SERVIÇOS;7213,64
03/2026;DESPESAS;Serviços de Limpeza e Jardinagem;7213,64
03/2026;DESPESAS;OUTRAS DESPESAS;127,36
03/2026;DESPESAS;Tarifa de Cobrança;127,36
03/2026;DESPESAS;FINANCEIRAS;104,63
03/2026;DESPESAS;Tarifa Bancária;101,65
03/2026;DESPESAS;Imposto de Renda (S/Poupança);2,98
03/2026;SALDO ATUAL;CAIXA;-2741,02
03/2026;SALDO ATUAL;Antecipação de Taxas Condominiais;-2741,02
03/2026;SALDO ATUAL;BANCOS;21155,24
03/2026;SALDO ATUAL;BANCOS/CONTAS/MOVIMENTO;9148,36
03/2026;SALDO ATUAL;Caixa Econômica Federal (C/C);9148,36
03/2026;SALDO ATUAL;BANCOS/CONTAS/APLICAÇÕES;12006,88
03/2026;SALDO ATUAL;Caixa Econômica Federal - Poupança (739942363-7);1989,19
03/2026;SALDO ATUAL;Aplicação CEF;10017,69
04/2026;SALDO ANTERIOR;CAIXA;-2741,02
04/2026;SALDO ANTERIOR;Antecipação de Taxas Condominiais;-2741,02
04/2026;SALDO ANTERIOR;BANCOS;21155,24
04/2026;SALDO ANTERIOR;BANCOS/CONTAS/MOVIMENTO;9148,36
04/2026;SALDO ANTERIOR;Caixa Econômica Federal (C/C);9148,36
04/2026;SALDO ANTERIOR;BANCOS/CONTAS/APLICAÇÕES;12006,88
04/2026;SALDO ANTERIOR;Caixa Econômica Federal - Poupança (739942363-7);1989,19
04/2026;SALDO ANTERIOR;Aplicação CEF;10017,69
04/2026;RECEITAS;DE CONDOMÍNIO;24193,87
04/2026;RECEITAS;Taxa de Condomínio;15494,12
04/2026;RECEITAS;Garagem;2774,62
04/2026;RECEITAS;Fundo de Reserva;1826,87
04/2026;RECEITAS;Gás;745,92
04/2026;RECEITAS;Multas;74,70
04/2026;RECEITAS;Água;1477,64
04/2026;RECEITAS;Aluguel;1800,00
04/2026;RECEITAS;OUTRAS RECEITAS;133,81
04/2026;RECEITAS;Correção Caixa Econômica Federal - Poupança (739942363-7);12,71
04/2026;RECEITAS;Correção Aplicação CEF;85,10
04/2026;RECEITAS;Energia Elétrica;36,00
04/2026;DESPESAS;ENCARGOS SOCIAIS/IMPOSTOS;6848,57
04/2026;DESPESAS;DARF DCTFWeb (INSS/IRRF/PIS/COFINS/CSLL);6149,03
04/2026;DESPESAS;ISS (Impostos s/ Serviço);699,54
04/2026;DESPESAS;HONORÁRIOS;5031,28
04/2026;DESPESAS;Honorários Síndico;4328,08
04/2026;DESPESAS;Honorário Gestão Administrativa;703,20
04/2026;DESPESAS;UTILIDADES/SERVIÇOS;2295,14
04/2026;DESPESAS;Fornecimento de Energia Elétrica;751,57
04/2026;DESPESAS;Fornecimento de Água;1260,12
04/2026;DESPESAS;Material de Expediente;64,23
04/2026;DESPESAS;Material de Limpeza;219,22
04/2026;DESPESAS;/MANUTENÇÃO;2862,01
04/2026;DESPESAS;Manutenção do(s) Elevador(es);446,30
04/2026;DESPESAS;Manutenção do(s) Edifício(s);581,82
04/2026;DESPESAS;Manutenção do(s)Elevador(es)/Peças/Reparos;542,13
04/2026;DESPESAS;Manutenção Estação Tratamento de Efluentes (ETE);1291,76
04/2026;DESPESAS;SERVIÇOS PRESTADOS POR TERCEIROS;14470,00
04/2026;DESPESAS;Serviços Prestados;14470,00
04/2026;DESPESAS;EMPRESAS PRESTADORAS DE SERVIÇOS;7213,64
04/2026;DESPESAS;Serviços de Limpeza e Jardinagem;7213,64
04/2026;DESPESAS;OUTRAS DESPESAS;188,33
04/2026;DESPESAS;Desconto/Devolução;188,33
04/2026;DESPESAS;FINANCEIRAS;1484,75
04/2026;DESPESAS;Tarifa Bancária;160,04
04/2026;DESPESAS;Imposto de Renda (S/Aplicação);97,69
04/2026;DESPESAS;Tarifa Cobrança;127,61
04/2026;DESPESAS;Juros e Multas;1096,56
04/2026;DESPESAS;Imposto de Renda (S/Poupança);2,85
04/2026;SALDO ATUAL;CAIXA;-1365,81
04/2026;SALDO ATUAL;Antecipação de Taxas Condominiais;-1365,81
04/2026;SALDO ATUAL;BANCOS;3713,99
04/2026;SALDO ATUAL;BANCOS/CONTAS/APLICAÇÕES;3713,99
04/2026;SALDO ATUAL;Caixa Econômica Federal - Poupança (739942363-7);1999,05
04/2026;SALDO ATUAL;Aplicação CEF;1714,94
